timestamp,market_id,question,outcome,token_id,market_price,fair_probability,edge,volume,liquidity
2026-09-28T12:06:15.322112+00:00,665374,Will the U.S. invade Iran before 2027?,Yes,55115078421062885512539156303747803058407616201213034911037320915726138659123,0.155,0.155,0.0,69783900.39,847671.39
2026-09-28T12:06:15.668534+00:00,665374,Will the U.S. invade Iran before 2027?,No,1910830010387565971650098373488592514702818137344973088263643820608151819241,0.845,0.845,0.0,69783900.39,847671.39
2026-09-28T12:06:16.000448+00:00,703258,Will Jesus Christ return before 2027?,Yes,69324317355037271422943965141382095011871956039434394956830818206664869608517,0.0165,0.02,0.0035,66074583.58,507770.38
2026-09-28T12:06:16.317776+00:00,703258,Will Jesus Christ return before 2027?,No,51797157743046504218541616681751597845468055908324407922581755135522797852101,0.9835,0.98,-0.0035,66074583.58,507770.38
2026-09-28T12:06:20.762870+00:00,567621,Will China invade Taiwan by end of 2026?,Yes,94559586571241563470235664821564670251180951772614764383113614156422396181162,0.0345,0.0345,0.0,42967837.1,586825.27
2026-09-28T12:06:21.105730+00:00,567621,Will China invade Taiwan by end of 2026?,No,90772332434487149264114862115632028379978765245278600275169585501290867536237,0.9655,0.9655,0.0,42967837.1,586825.27
2026-09-28T12:06:23.224671+00:00,703257,Will the US confirm that aliens exist before 2027?,Yes,107505882767731489358349912513945399560393482969656700824895970500493757150417,0.0365,0.036564,6.4e-05,39883773.03,919705.63
2026-09-28T12:06:23.578318+00:00,703257,Will the US confirm that aliens exist before 2027?,No,7305630249804085635496399869905769372294302716159034447326228509068694952392,0.9635,0.963436,-6.4e-05,39883773.03,919705.63
2026-09-28T12:06:26.008946+00:00,997488,Will Trump acquire Greenland before 2027?,Yes,5161623255678193352839985156330393796378434470119114669671615782853260939535,0.0275,0.0275,0.0,35583856.31,198937.03
2026-09-28T12:06:26.428167+00:00,997488,Will Trump acquire Greenland before 2027?,No,57216272564529548464686463691236811991956032201293786790337952253964682584376,0.9725,0.9725,0.0,35583856.31,198937.03
2026-09-28T12:06:30.625463+00:00,2063132,Will Demeke Mekonnen be the next Prime Minister of Ethiopia?,Yes,2782564244692790193407832532237218722544517902619602647018377360625351910716,0.0155,0.02,0.0045,29330600.54,19787.8
2026-09-28T12:06:30.988260+00:00,2063132,Will Demeke Mekonnen be the next Prime Minister of Ethiopia?,No,100810872307019720237998809617641705524940094430787348748697558959574587826450,0.9845,0.98,-0.0045,29330600.54,19787.8
2026-09-28T12:06:32.564332+00:00,559652,Will Gavin Newsom win the 2028 Democratic presidential nomination?,Yes,54533043819946592547517511176940999955633860128497669742211153063842200957669,0.161,0.161032,3.2e-05,27782396.99,408999.91
2026-09-28T12:06:32.884236+00:00,559652,Will Gavin Newsom win the 2028 Democratic presidential nomination?,No,87854174148074652060467921081181402357467303721471806610111179101805869578687,0.839,0.838968,-3.2e-05,27782396.99,408999.91
2026-09-28T12:06:33.825117+00:00,663583,Will the Iranian regime fall before 2027?,Yes,10991849228756847439673778874175365458450913336396982752046655649803657501964,0.065,0.065,0.0,26369119.64,709640.86
2026-09-28T12:06:34.172049+00:00,663583,Will the Iranian regime fall before 2027?,No,106181075047366745139197108801635573283215248045056329679360376976893016488727,0.935,0.935,0.0,26369119.64,709640.86
2026-09-28T12:06:35.722282+00:00,559675,Will Jon Stewart win the 2028 Democratic presidential nomination?,Yes,58343456405874365460518182619380252930558598368174305791768670198253267891911,0.0135,0.02,0.0065,24803685.93,291964.16
2026-09-28T12:06:36.053763+00:00,559675,Will Jon Stewart win the 2028 Democratic presidential nomination?,No,84566561349071752664514432513198569980219178901068420341175150225620958953893,0.9865,0.98,-0.0065,24803685.93,291964.16
2026-09-28T12:06:36.676648+00:00,1163699,Clarity Act (H.R.3633) signed into law in 2026?,Yes,35198549486569600595408965368290795524428922595732253580266052028158040373233,0.0535,0.054319,0.000819,23221416.59,384100.04
2026-09-28T12:06:37.002384+00:00,1163699,Clarity Act (H.R.3633) signed into law in 2026?,No,29633826701713552120011280893309822625942861174174976276686142480636225243753,0.9465,0.945681,-0.000819,23221416.59,384100.04
2026-09-28T12:06:38.207670+00:00,560317,"Putin out as President of Russia by December 31, 2026?",Yes,350977769852917329387037893294763093471844346281449484439085576212613048126,0.0375,0.037576,7.6e-05,22222237.01,744585.65
2026-09-28T12:06:38.556062+00:00,560317,"Putin out as President of Russia by December 31, 2026?",No,87073899845581463485186346288398658568334162612963837182986759797304993556208,0.9625,0.962424,-7.6e-05,22222237.01,744585.65
2026-09-28T12:06:40.480378+00:00,561989,Will Ted Cruz win the 2028 Republican presidential nomination?,Yes,75602319799101799832214450648958470414659751617273540482126444460192042893239,0.0195,0.02,0.0005,19510098.3,817900.42
2026-09-28T12:06:40.797559+00:00,561989,Will Ted Cruz win the 2028 Republican presidential nomination?,No,67427191791815068910367164354907762897739120962449893449251138341231627575633,0.9805,0.98,-0.0005,19510098.3,817900.42
2026-09-28T12:06:41.395911+00:00,561237,Will Andy Beshear win the 2028 US Presidential Election?,Yes,50507496430692162923857760920722624157737138256097150616293040054748564876552,0.0135,0.02,0.0065,19237964.85,311040.06
2026-09-28T12:06:41.959108+00:00,561237,Will Andy Beshear win the 2028 US Presidential Election?,No,53112547591746110422238703365888013497196468199611167129486770819598374380742,0.9865,0.98,-0.0065,19237964.85,311040.06
2026-09-28T12:06:42.886749+00:00,561230,Will Gavin Newsom win the 2028 US Presidential Election?,Yes,98250445447699368679516529207365255018790721464590833209064266254238063117329,0.0745,0.074564,6.4e-05,18470383.73,317858.0
2026-09-28T12:06:43.271483+00:00,561230,Will Gavin Newsom win the 2028 US Presidential Election?,No,18823838997443878656879952590502524526556504037944392973476854588563571859850,0.9255,0.925436,-6.4e-05,18470383.73,317858.0
2026-09-28T12:06:43.572478+00:00,2155000,Hantavirus pandemic in 2026?,Yes,51508280778202349361616850684455231843716212176724253736363122559269229712002,0.0255,0.0255,0.0,18445937.84,181049.77
2026-09-28T12:06:43.934859+00:00,2155000,Hantavirus pandemic in 2026?,No,95212449865986159112377413335252801281670333750637442556685159781445406848396,0.9745,0.9745,0.0,18445937.84,181049.77
2026-09-28T12:06:44.237974+00:00,559656,Will Wes Moore win the 2028 Democratic presidential nomination?,Yes,90227223115596293448966158151606153337847900483048338623540402385929720677904,0.02,0.020039,3.9e-05,18428734.22,271518.83
2026-09-28T12:06:44.589531+00:00,559656,Will Wes Moore win the 2028 Democratic presidential nomination?,No,105134691322323565615831879054043168027913414000042547943201361115853277749482,0.98,0.979961,-3.9e-05,18428734.22,271518.83
2026-09-28T12:06:45.221374+00:00,559668,Will Mark Kelly win the 2028 Democratic presidential nomination?,Yes,92325249719485031139867422012514654102580961954747753469470405147070256604118,0.028,0.028079,7.9e-05,17658367.49,291512.1
2026-09-28T12:06:45.579460+00:00,559668,Will Mark Kelly win the 2028 Democratic presidential nomination?,No,5116999494213083595175041146469973274436003044730013359502912125889113751080,0.972,0.971921,-7.9e-05,17658367.49,291512.1
2026-09-28T12:06:46.494031+00:00,561229,Will JD Vance win the 2028 US Presidential Election?,Yes,16040015440196279900485035793550429453516625694844857319147506590755961451627,0.2075,0.207571,7.1e-05,16505134.34,419541.43
2026-09-28T12:06:46.838058+00:00,561229,Will JD Vance win the 2028 US Presidential Election?,No,94476829201604408463453426454480212459887267917122244941405244686637914508323,0.7925,0.792429,-7.1e-05,16505134.34,419541.43
2026-09-28T12:06:47.472767+00:00,559663,Will J.B. Pritzker win the 2028 Democratic presidential nomination?,Yes,103988345069738240821107916249290759786442703283901164377120414690701074137717,0.0135,0.02,0.0065,15768975.42,388334.33
2026-09-28T12:06:47.802568+00:00,559663,Will J.B. Pritzker win the 2028 Democratic presidential nomination?,No,108650988487983371520585351370999192979899647080710024226285750050382033453124,0.9865,0.98,-0.0065,15768975.42,388334.33
2026-09-28T12:06:48.224724+00:00,561974,Will J.D. Vance win the 2028 Republican presidential nomination?,Yes,40081275558852222228080198821361202017557872256707631666334039001378518619916,0.5095,0.5095,0.0,15722280.22,333889.69
2026-09-28T12:06:48.575226+00:00,561974,Will J.D. Vance win the 2028 Republican presidential nomination?,No,78633590736077251574794513664747155551297291244492840448622550955320930591622,0.4905,0.4905,0.0,15722280.22,333889.69
2026-09-28T12:06:49.216395+00:00,561979,Will Ron DeSantis win the 2028 Republican presidential nomination?,Yes,12127975650736113116407758794754973741525044713193258995588171654429754588610,0.0285,0.0285,0.0,15572223.44,367328.01
2026-09-28T12:06:49.580985+00:00,561979,Will Ron DeSantis win the 2028 Republican presidential nomination?,No,95344728193244020854716971584323868633691370479151373416918812532794690491367,0.9715,0.9715,0.0,15572223.44,367328.01
2026-09-28T12:06:49.891336+00:00,559653,Will Alexandria Ocasio-Cortez win the 2028 Democratic presidential nomination?,Yes,107064985435494333113391038470401719113272800530429703182710416066774068907304,0.1835,0.183255,-0.000245,15311211.47,330742.96
2026-09-28T12:06:50.219059+00:00,559653,Will Alexandria Ocasio-Cortez win the 2028 Democratic presidential nomination?,No,65176072261324737856085688071627118509549293922582857186996392180609764586527,0.8165,0.816745,0.000245,15311211.47,330742.96
2026-09-28T12:06:50.935737+00:00,559669,Will Rahm Emanuel win the 2028 Democratic presidential nomination?,Yes,10521981432803570450946212503203364998108630328528216082760514453664705157397,0.0215,0.021589,8.9e-05,14589341.25,805700.64
2026-09-28T12:06:51.288654+00:00,559669,Will Rahm Emanuel win the 2028 Democratic presidential nomination?,No,91949042216127305292438280992722171735754548787382833799906976841509942727662,0.9785,0.978411,-8.9e-05,14589341.25,805700.64
2026-09-28T12:06:51.616685+00:00,561253,Will Tucker Carlson win the 2028 US Presidential Election?,Yes,45015916581148592087728250896178171120552786117190685135618507471166113474733,0.0165,0.02,0.0035,14283296.39,281409.14
2026-09-28T12:06:51.962732+00:00,561253,Will Tucker Carlson win the 2028 US Presidential Election?,No,5353194854864999214467212176625447374807704051407621946584152368216621932371,0.9835,0.98,-0.0035,14283296.39,281409.14
2026-09-28T12:06:52.929426+00:00,559651,Xi Jinping out before 2027?,Yes,32338220190071351435772801779725302244575775216413325951443816017994629993401,0.0355,0.035627,0.000127,14069750.82,604237.64
2026-09-28T12:06:53.274022+00:00,559651,Xi Jinping out before 2027?,No,25659310674993675562345759665114759892400026242514633218387667107987341231962,0.9645,0.964373,-0.000127,14069750.82,604237.64
2026-09-28T12:06:53.864298+00:00,561996,Will Tucker Carlson win the 2028 Republican presidential nomination?,Yes,78994573210477487932611223094751007094801552166562252085708682076112788032998,0.032,0.032,0.0,13810324.4,220226.7
2026-09-28T12:06:54.229259+00:00,561996,Will Tucker Carlson win the 2028 Republican presidential nomination?,No,8140793935596394912663577132141762112024484538385519683062085870219967913900,0.968,0.968,0.0,13810324.4,220226.7
2026-09-28T12:06:54.555656+00:00,561231,Will Alexandria Ocasio-Cortez win the 2028 US Presidential Election?,Yes,8113830512143065501177519557124858581375945005490796772950589720955457782465,0.1315,0.1315,0.0,13698622.84,336004.21
2026-09-28T12:06:54.882238+00:00,561231,Will Alexandria Ocasio-Cortez win the 2028 US Presidential Election?,No,11493926619286817179231142642565394485790380952577225820901334479399429951651,0.8685,0.8685,0.0,13698622.84,336004.21
2026-09-28T12:06:55.509748+00:00,559658,Will Kamala Harris win the 2028 Democratic presidential nomination?,Yes,38171024903091354977195167437673496224420673639143973968032407064172828043588,0.0635,0.063443,-5.7e-05,13564268.57,294915.66
2026-09-28T12:06:55.845409+00:00,559658,Will Kamala Harris win the 2028 Democratic presidential nomination?,No,26930844951471612827925270830087046333229637930899178134435055616497220846773,0.9365,0.936557,5.7e-05,13564268.57,294915.66
2026-09-28T12:06:56.146106+00:00,2176270,Strait of Hormuz traffic returns to normal by December 31?,Yes,83783489454659420807679723574840032660002326710045123865554753994450797728825,0.215,0.214586,-0.000414,13365036.33,285600.04
2026-09-28T12:06:56.516913+00:00,2176270,Strait of Hormuz traffic returns to normal by December 31?,No,48727431314333088243693016929623363710488980152833544156961659445129455301311,0.785,0.785414,0.000414,13365036.33,285600.04
2026-09-28T12:06:56.847819+00:00,559660,Will Andy Beshear win the 2028 Democratic presidential nomination?,Yes,26468656392978559668331516709623917078428425933265692717836103090220693717685,0.0275,0.0275,0.0,13294935.41,524156.0
2026-09-28T12:06:57.169507+00:00,559660,Will Andy Beshear win the 2028 Democratic presidential nomination?,No,26335362363448644358593284423242327477307616743233875606762153873424287882825,0.9725,0.9725,0.0,13294935.41,524156.0
2026-09-28T12:06:57.474291+00:00,559661,Will Jon Ossoff win the 2028 Democratic presidential nomination?,Yes,70071592420137476676935286377781779672157004436137616627487590484756055232944,0.1545,0.154282,-0.000218,13108779.69,284049.71
2026-09-28T12:06:57.834221+00:00,559661,Will Jon Ossoff win the 2028 Democratic presidential nomination?,No,107829893465244243112531790315844862173967342141753896250561816305880797209350,0.8455,0.845718,0.000218,13108779.69,284049.71
2026-09-28T12:06:58.754897+00:00,561246,Will Ron DeSantis win the 2028 US Presidential Election?,Yes,104480514270625615787868282411330496385404675495672110015326625654626015018993,0.0195,0.02,0.0005,12629705.96,195091.76
2026-09-28T12:06:59.101318+00:00,561246,Will Ron DeSantis win the 2028 US Presidential Election?,No,65724430065358897810064400118831287249960059855415477063660293398018349529272,0.9805,0.98,-0.0005,12629705.96,195091.76
2026-09-28T12:06:59.447411+00:00,561234,Will Marco Rubio win the 2028 US Presidential Election?,Yes,11171618905857319805355893398009978356002287408842633593535559412449299952250,0.0875,0.0875,0.0,12588954.42,283732.2
2026-09-28T12:06:59.792455+00:00,561234,Will Marco Rubio win the 2028 US Presidential Election?,No,65892530750232246342273648992064742042382898919201083513241874070914353628268,0.9125,0.9125,0.0,12588954.42,283732.2
2026-09-28T12:07:00.155735+00:00,559686,Will Dwayne 'The Rock' Johnson win the 2028 Democratic presidential nomination?,Yes,40963724357262746498642320898188195118391211877976821531149510360187173789737,0.0115,0.02,0.0085,12515393.2,858487.96
2026-09-28T12:07:00.474808+00:00,559686,Will Dwayne 'The Rock' Johnson win the 2028 Democratic presidential nomination?,No,14959910401705469574520698331840889689202579612030624016640567510369602599866,0.9885,0.98,-0.0085,12515393.2,858487.96
2026-09-28T12:07:00.664298+00:00,601819,Will Luiz Inácio Lula da Silva win the 2026 Brazilian presidential election?,Yes,30630994248667897740988010928640156931882346081873066002335460180076741328029,0.425,0.425,0.0,12424811.31,323046.7
2026-09-28T12:07:00.852442+00:00,601819,Will Luiz Inácio Lula da Silva win the 2026 Brazilian presidential election?,No,79191939610100241429039499950443680906623179487184628479206155805558220344190,0.575,0.575,0.0,12424811.31,323046.7
2026-09-28T12:07:01.180241+00:00,559654,Will Pete Buttigieg win the 2028 Democratic presidential nomination?,Yes,91031279171981959197361710127213577102576826515163085396576756946418341946256,0.0495,0.049436,-6.4e-05,12141349.4,365875.54
2026-09-28T12:07:01.537090+00:00,559654,Will Pete Buttigieg win the 2028 Democratic presidential nomination?,No,18494065527924073750217237765784380365430319396356251245973222791140100738948,0.9505,0.950564,6.4e-05,12141349.4,365875.54
2026-09-28T12:07:01.994033+00:00,601826,Will Flávio Bolsonaro win the 2026 Brazilian presidential election?,Yes,109876868437950584369987384406356259939519193117253465815665152916226511121427,0.5605,0.562208,0.001708,12043692.41,422657.83
2026-09-28T12:07:02.156393+00:00,601826,Will Flávio Bolsonaro win the 2026 Brazilian presidential election?,No,38310927461258927563020508025396887688249787380193911540547071417200646834355,0.4395,0.437792,-0.001708,12043692.41,422657.83
2026-09-28T12:07:02.337968+00:00,666861,Trump out as President before 2027?,Yes,59252515735652674747158950210016502214756531287333895140318848923768750410355,0.045,0.045,0.0,11994020.44,348416.77
2026-09-28T12:07:02.682940+00:00,666861,Trump out as President before 2027?,No,2849827372590072151380088930233312280478318575453624773762283369907909283027,0.955,0.955,0.0,11994020.44,348416.77
2026-09-28T12:07:03.007995+00:00,1472548,Will Reza Pahlavi lead Iran in 2026?,Yes,104932610032177696635191871147557737718087870958469629338467406422339967452218,0.032,0.032,0.0,11767872.87,95181.59
2026-09-28T12:07:03.359570+00:00,1472548,Will Reza Pahlavi lead Iran in 2026?,No,96214953624495509683027302209340859673097705517450500531670409012928242777230,0.968,0.968,0.0,11767872.87,95181.59
2026-09-28T12:07:03.997610+00:00,559694,Will Ro Khanna win the 2028 Democratic presidential nomination?,Yes,20374050108659687356429749447884880983779889840007423115803042125707701269498,0.0135,0.02,0.0065,11308356.05,389513.44
2026-09-28T12:07:04.321983+00:00,559694,Will Ro Khanna win the 2028 Democratic presidential nomination?,No,2610336024939503976910443133965525155112118948066646227040491461288298872236,0.9865,0.98,-0.0065,11308356.05,389513.44
2026-09-28T12:07:05.221092+00:00,1126504,Will the US acquire part of Greenland in 2026?,Yes,60745476350338574489643206785963608049827415658137795738920858026399504782388,0.0205,0.020436,-6.4e-05,10882825.52,62311.49
2026-09-28T12:07:05.571389+00:00,1126504,Will the US acquire part of Greenland in 2026?,No,104895545296438735617666172336621441242754294947987367085791779928220778311973,0.9795,0.979564,6.4e-05,10882825.52,62311.49
2026-09-28T12:07:05.874233+00:00,559695,Will James Talarico win the 2028 Democratic presidential nomination?,Yes,52535923606561722941567320365820395300598958985353103429657683100920373025261,0.0205,0.020687,0.000187,10710804.61,264081.33
2026-09-28T12:07:06.195184+00:00,559695,Will James Talarico win the 2028 Democratic presidential nomination?,No,20643805904661385280242837899001038341346631607217619709766724611396929658707,0.9795,0.979313,-0.000187,10710804.61,264081.33
2026-09-28T12:07:06.500645+00:00,561975,Will Marco Rubio win the 2028 Republican presidential nomination?,Yes,13565458761220145250977753098276900790902214604876327357986816739576288755859,0.1545,0.154623,0.000123,10695184.18,343839.05
2026-09-28T12:07:06.846561+00:00,561975,Will Marco Rubio win the 2028 Republican presidential nomination?,No,75720156002519829912361786945091022242706922246722836126941546028340974330171,0.8455,0.845377,-0.000123,10695184.18,343839.05
2026-09-28T12:07:07.239633+00:00,561243,Will Donald Trump win the 2028 US Presidential Election?,Yes,11807691644868166983390207408868795383945915035851758101409310535538572683733,0.0115,0.02,0.0085,10650431.97,719316.79
2026-09-28T12:07:07.590049+00:00,561243,Will Donald Trump win the 2028 US Presidential Election?,No,72656506786460378316387284276713856836841708169262528054985577978493419440428,0.9885,0.98,-0.0085,10650431.97,719316.79
2026-09-28T12:07:09.726609+00:00,559655,Will Josh Shapiro win the 2028 Democratic presidential nomination?,Yes,71169839497420596285841847514123589847893415750912355173877524195175834054354,0.0615,0.0615,0.0,10054340.97,273239.22
2026-09-28T12:07:10.080405+00:00,559655,Will Josh Shapiro win the 2028 Democratic presidential nomination?,No,55290827599553280245963175724940496753557722439999671239772487781170052583987,0.9385,0.9385,0.0,10054340.97,273239.22
2026-09-28T12:07:10.385358+00:00,561978,Will Donald Trump Jr. win the 2028 Republican presidential nomination?,Yes,96972794085445478502118386209219626048407104930213167197946285611747327241358,0.0185,0.02,0.0015,9679554.75,583159.21
2026-09-28T12:07:10.725676+00:00,561978,Will Donald Trump Jr. win the 2028 Republican presidential nomination?,No,17764541728623556463430129981248514099360802330077857891779810164830347138778,0.9815,0.98,-0.0015,9679554.75,583159.21
2026-09-28T12:07:11.043663+00:00,561973,Will Donald Trump win the 2028 Republican presidential nomination?,Yes,3039641309958397001906153616677074061284510636204155275446291716739429262374,0.018,0.02,0.002,9607798.97,361587.01
2026-09-28T12:07:11.382611+00:00,561973,Will Donald Trump win the 2028 Republican presidential nomination?,No,27828976648682466778776999076215423777766972981338264154049603024771135223200,0.982,0.98,-0.002,9607798.97,361587.01
2026-09-28T12:07:12.317586+00:00,561239,Will Kamala Harris win the 2028 US Presidential Election?,Yes,70663352401606372246362604193214664065595751757222752105245221905399175050480,0.0405,0.040557,5.7e-05,9086437.3,365461.76
2026-09-28T12:07:12.676075+00:00,561239,Will Kamala Harris win the 2028 US Presidential Election?,No,4988819538339626436114997160558538168652916536529198363646261454228218983102,0.9595,0.959443,-5.7e-05,9086437.3,365461.76
2026-09-28T12:07:13.899805+00:00,616902,Will no Fed rate cuts happen in 2026?,Yes,12403602920039269077597917340921667997547115084613238528792639013246536343316,0.9695,0.969838,0.000338,8615420.86,364278.53
2026-09-28T12:07:14.219634+00:00,616902,Will no Fed rate cuts happen in 2026?,No,21294592205022969346730955103773391901993330222644504059576935265667917187903,0.0305,0.030162,-0.000338,8615420.86,364278.53
2026-09-28T12:07:15.144539+00:00,561260,Will Thomas Massie win the 2028 US Presidential Election?,Yes,89071282556584199015490241074221756662667488270789034763702585258138302536112,0.0105,0.02,0.0095,8421846.87,328774.83
2026-09-28T12:07:15.491923+00:00,561260,Will Thomas Massie win the 2028 US Presidential Election?,No,18620821165547265880582330532076859546462061138941862890257010665389427790094,0.9895,0.98,-0.0095,8421846.87,328774.83
2026-09-28T12:07:15.854935+00:00,561252,Will Dwayne 'The Rock' Johnson win the 2028 US Presidential Election?,Yes,76252402837334795047528042167618984089231134882494719641438604550246396692717,0.0165,0.02,0.0035,8421446.98,188331.88
2026-09-28T12:07:16.201895+00:00,561252,Will Dwayne 'The Rock' Johnson win the 2028 US Presidential Election?,No,82779978600617806806814031291287454099780828258739355925042203335968508676880,0.9835,0.98,-0.0035,8421446.98,188331.88
2026-09-28T12:07:16.501681+00:00,561232,Will Pete Buttigieg win the 2028 US Presidential Election?,Yes,35629456194498013232473191985311930903993567273832459837879398120893197410860,0.0275,0.0275,0.0,8347796.38,447274.86
2026-09-28T12:07:16.845758+00:00,561232,Will Pete Buttigieg win the 2028 US Presidential Election?,No,26087406687932108531005204502244492184534000122992461059156880611150953145122,0.9725,0.9725,0.0,8347796.38,447274.86
2026-09-28T12:07:17.482978+00:00,701502,"Will Bitcoin dip to $45,000 by December 31, 2026?",Yes,9894510651052373088408067031031513212801618531203062911959630395716258202132,0.0445,0.044551,5.1e-05,8063216.68,312532.5
2026-09-28T12:07:17.822586+00:00,701502,"Will Bitcoin dip to $45,000 by December 31, 2026?",No,20326394798700413571801660749437036272627203479853632032510011746755865615562,0.9555,0.955449,-5.1e-05,8063216.68,312532.5
2026-09-28T12:07:18.438421+00:00,694936,Will Nebius Group be acquired before 2027?,Yes,111459230416043857818772115954120316062080149477780988827460623382161213865425,0.024,0.024,0.0,7960297.59,11969.26
2026-09-28T12:07:18.748112+00:00,694936,Will Nebius Group be acquired before 2027?,No,36013073749520466956881727893519980198380939375916480505403995761194037240269,0.976,0.976,0.0,7960297.59,11969.26
2026-09-28T12:07:19.670298+00:00,561233,Will Josh Shapiro win the 2028 US Presidential Election?,Yes,1420113190297259908358916251277696183671602680024474979931472444792502392139,0.0295,0.0295,0.0,7574549.79,337270.58
2026-09-28T12:07:19.989203+00:00,561233,Will Josh Shapiro win the 2028 US Presidential Election?,No,9195312844128905514645503106857912558078141569888031031723687687489317147622,0.9705,0.9705,0.0,7574549.79,337270.58
2026-09-28T12:07:21.271006+00:00,562802,Will the Democratic Party control the House after the 2026 Midterm elections?,Yes,83247781037352156539108067944461291821683755894607244160607042790356561625563,0.925,0.925,0.0,7140210.48,583550.26
2026-09-28T12:07:21.611563+00:00,562802,Will the Democratic Party control the House after the 2026 Midterm elections?,No,33156410999665902694791064431724433042010245771106314074312009703157423879038,0.075,0.075,0.0,7140210.48,583550.26
2026-09-28T12:07:23.458792+00:00,1469737,Will Mojtaba Khamenei be head of state in Iran end of 2026?,Yes,111988618077786263362718284278451225707405623288593888751575373086664059387290,0.8795,0.879697,0.000197,6603517.91,64263.08
2026-09-28T12:07:23.809205+00:00,1469737,Will Mojtaba Khamenei be head of state in Iran end of 2026?,No,42006549920912635238720143234628794318400295281074422564226738635663399130499,0.1205,0.120303,-0.000197,6603517.91,64263.08
2026-09-28T12:07:24.130474+00:00,716942,Will there be at least 10000 measles cases in the U.S. in 2026?,Yes,108666902993460052548356894576792031068019553485832706137527731404107083354939,0.066,0.066701,0.000701,6527379.77,3105.94
2026-09-28T12:07:24.462897+00:00,716942,Will there be at least 10000 measles cases in the U.S. in 2026?,No,61371441917995783761706990607573951646880237796683453244719301289670873215471,0.934,0.933299,-0.000701,6527379.77,3105.94
2026-09-28T12:07:25.082889+00:00,701501,"Will Bitcoin dip to $55,000 by December 31, 2026?",Yes,115462087336983275104521488923966022755348986822352694745153736621832003960847,0.085,0.084504,-0.000496,6432272.31,278936.29
2026-09-28T12:07:25.456464+00:00,701501,"Will Bitcoin dip to $55,000 by December 31, 2026?",No,48849252416222520684793262794712201381742900852794310345084361317209768152557,0.915,0.915496,0.000496,6432272.31,278936.29
2026-09-28T12:07:27.557666+00:00,561261,Will Jon Ossoff win the 2028 US Presidential Election?,Yes,110102705199530588976777616718115948005824665233400132417374621750887344831757,0.1155,0.1155,0.0,5817873.85,350860.81
2026-09-28T12:07:27.926716+00:00,561261,Will Jon Ossoff win the 2028 US Presidential Election?,No,98394838816403247684221016468696784125095120854407803889228262583112436699261,0.8845,0.8845,0.0,5817873.85,350860.81
2026-09-28T12:07:31.018659+00:00,562803,Will the Republican Party control the House after the 2026 Midterm elections?,Yes,65139230827417363158752884968303867495725894165574887635816574090175320800482,0.075,0.075,0.0,5291886.94,458286.67
2026-09-28T12:07:31.365585+00:00,562803,Will the Republican Party control the House after the 2026 Midterm elections?,No,17371217118862125782438074585166210555214661810823929795910191856905580975576,0.925,0.925,0.0,5291886.94,458286.67
2026-09-28T12:07:31.988998+00:00,1107582,US strike on Cuba by December 31?,Yes,91347242536105459969213788769929618447748782724898414007495579710952664644740,0.15,0.149605,-0.000395,5270543.49,52282.86
2026-09-28T12:07:32.338495+00:00,1107582,US strike on Cuba by December 31?,No,55782999195478978645683058282751482473275270795090145277907596121415418369349,0.85,0.850395,0.000395,5270543.49,52282.86
2026-09-28T12:07:32.946600+00:00,637002,Will Donald Trump win the Nobel Peace Prize in 2026?,Yes,96308556109755835434254900303426519652053230974356832970824534225192181988516,0.017,0.02,0.003,5251355.12,441801.91
2026-09-28T12:07:33.298543+00:00,637002,Will Donald Trump win the Nobel Peace Prize in 2026?,No,75648553599758807820760400986240186978327005811004242427218252697572451485336,0.983,0.98,-0.003,5251355.12,441801.91
2026-09-28T12:07:33.915032+00:00,1144471,Will Satoshi move any Bitcoin in 2026?,Yes,112007327373263623178671509828927834172092799802464528122988153704237637965568,0.0335,0.0335,0.0,5145620.39,73800.54
2026-09-28T12:07:34.270055+00:00,1144471,Will Satoshi move any Bitcoin in 2026?,No,69471008782374192790909758203453762302247599306255707151301915677252063291760,0.9665,0.9665,0.0,5145620.39,73800.54
2026-09-28T12:07:34.934987+00:00,3128887,"US announces end of Iranian blockade by September 30, 2026?",Yes,88752597571738831347942513760817776151125290177540731190810686943474863159303,0.045,0.044353,-0.000647,4991861.62,93237.13
2026-09-28T12:07:35.096290+00:00,3128887,"US announces end of Iranian blockade by September 30, 2026?",No,56465933220082022835700817063946174635909725507734416248556389304448520396318,0.955,0.955647,0.000647,4991861.62,93237.13
2026-09-28T12:07:35.628323+00:00,1057916,"Will Bitcoin dip to $15,000 by December 31, 2026?",Yes,63985397218239656926367525871649971575041102854345777114360978052613472299768,0.0175,0.02,0.0025,4991283.78,92948.72
2026-09-28T12:07:35.953963+00:00,1057916,"Will Bitcoin dip to $15,000 by December 31, 2026?",No,89977007741727017614798848147688321409996583214301844632616973663289014402184,0.9825,0.98,-0.0025,4991283.78,92948.72
2026-09-28T12:07:37.922411+00:00,1535973,Iran leadership change by December 31?,Yes,18652479948917565296149340091675894865339012333173025944893512396354173886674,0.105,0.105,0.0,4822468.54,233119.91
2026-09-28T12:07:38.269462+00:00,1535973,Iran leadership change by December 31?,No,60499458684380641857666641513383149627633695110197406276308452075860198022694,0.895,0.895,0.0,4822468.54,233119.91
2026-09-28T12:07:39.185567+00:00,682705,Will Benjamin Netanyahu be the next Prime Minister of Israel?,Yes,20006732765674855733524007935991362439352594042415161039767275461950712817548,0.285,0.285,0.0,4562672.51,423730.87
2026-09-28T12:07:39.527894+00:00,682705,Will Benjamin Netanyahu be the next Prime Minister of Israel?,No,54533569528927082430133047556849600511985191158927477533124630301934489498530,0.715,0.715,0.0,4562672.51,423730.87
2026-09-28T12:07:39.837738+00:00,608547,Will Harry Kane win the 2026 Ballon d'Or?,Yes,72710166409980712002774407052535905861151156175854323762835102340552522606004,0.5255,0.528021,0.002521,4501714.55,105171.12
2026-09-28T12:07:40.188441+00:00,608547,Will Harry Kane win the 2026 Ballon d'Or?,No,77740376296468109233042620775325425521895874827413068707200627224591548200577,0.4745,0.472436,-0.002064,4501714.55,105171.12
2026-09-28T12:07:40.502783+00:00,898412,Will Kimi Antonelli be the 2026 F1 Drivers' Champion?,Yes,32950178421556833525068948927823594772134813180063196823389171317494746105102,0.9115,0.9115,0.0,4492040.94,112958.32
2026-09-28T12:07:40.820433+00:00,898412,Will Kimi Antonelli be the 2026 F1 Drivers' Champion?,No,113530594522634794165460425612745976368792987948987062860518413913599754643814,0.0885,0.0885,0.0,4492040.94,112958.32
2026-09-28T12:07:42.643808+00:00,562831,"2026 Balance of Power: R Senate, R House",Yes,103704141773947678931823410030956181918562062788486034785782641603149828893320,0.075,0.075,0.0,4242533.18,686307.03
2026-09-28T12:07:42.974796+00:00,562831,"2026 Balance of Power: R Senate, R House",No,25869296386911654049715489068824757745174681288397238521780118949553760488529,0.925,0.925,0.0,4242533.18,686307.03
2026-09-28T12:07:45.170970+00:00,1339767,"Will Bitcoin dip to $50,000 by December 31, 2026?",Yes,13887983551129862992605123088744175927084435631400400451585519366058907542147,0.065,0.065,0.0,4029159.07,232542.95
2026-09-28T12:07:45.509194+00:00,1339767,"Will Bitcoin dip to $50,000 by December 31, 2026?",No,41832664285845832459030640969891483663884721696292020563915305291791682631668,0.935,0.935,0.0,4029159.07,232542.95
2026-09-28T12:07:45.703649+00:00,2589812,Will there be no change in Fed interest rates after the October 2026 meeting?,Yes,111061902544814266207267295505639408607400625795891618462682726460921782993748,0.325,0.325977,0.000977,4016428.24,340485.21
2026-09-28T12:07:46.039230+00:00,2589812,Will there be no change in Fed interest rates after the October 2026 meeting?,No,42038775866198212615491650114881818219665139981763207699110491615333273795415,0.675,0.674023,-0.000977,4016428.24,340485.21
2026-09-28T12:07:47.102654+00:00,2589813,Will the Fed increase interest rates by 25 bps after the October 2026 meeting?,Yes,55159722761418013044126414276680602270318000841690689684819994448621694923050,0.655,0.654023,-0.000977,3820473.65,432880.93
2026-09-28T12:07:47.423238+00:00,2589813,Will the Fed increase interest rates by 25 bps after the October 2026 meeting?,No,78632395083310670734315205502061249602319069653915932320155846460019107676757,0.345,0.345977,0.000977,3820473.65,432880.93
2026-09-28T12:07:48.058152+00:00,562828,"2026 Balance of Power: D Senate, D House",Yes,34722410608062854697106861099776685947172185964394483545370684749662285977831,0.605,0.605,0.0,3694221.17,300105.8
2026-09-28T12:07:48.392797+00:00,562828,"2026 Balance of Power: D Senate, D House",No,24483563228660028121020430722896740519524131851526579619586176931221901842798,0.395,0.395,0.0,3694221.17,300105.8
2026-09-28T12:07:49.043669+00:00,701496,"Will Bitcoin reach $100,000 by December 31, 2026?",Yes,56078938060096976448086754249497300447360333783952000147427828224794011030104,0.335,0.335959,0.000959,3542571.41,71698.96
2026-09-28T12:07:49.403341+00:00,701496,"Will Bitcoin reach $100,000 by December 31, 2026?",No,11291662904897713174667903388388696640643610556195928998276904135282270136756,0.665,0.664041,-0.000959,3542571.41,71698.96
2026-09-28T12:07:50.054314+00:00,677407,China x Taiwan military clash before 2027?,Yes,104812032440315568595318241870590180481232715981192720184511444933968102038477,0.0575,0.0575,0.0,3436560.25,85833.2
2026-09-28T12:07:50.399372+00:00,677407,China x Taiwan military clash before 2027?,No,50488227317031565004575684525878022626020008256198844799050708993499540064859,0.9425,0.9425,0.0,3436560.25,85833.2
2026-09-28T12:07:50.741051+00:00,1107878,Will the U.S. invade Cuba in 2026?,Yes,1291454874125024564913411658636854434792972068510027777552181749936579562639,0.055,0.055,0.0,3401276.19,122908.58
2026-09-28T12:07:51.101478+00:00,1107878,Will the U.S. invade Cuba in 2026?,No,46036307473347147486878725188057240439237346445231099615680388314304154599904,0.945,0.945,0.0,3401276.19,122908.58
2026-09-28T12:07:51.417755+00:00,616903,Will 1 Fed rate cut happen in 2026?,Yes,113379839734351069617987084078322474966003108854908079701423911002443710490196,0.0175,0.02,0.0025,3391941.06,135047.22
2026-09-28T12:07:51.852863+00:00,616903,Will 1 Fed rate cut happen in 2026?,No,48058805012599375970268777474956242772204241523361869981040579395242001094965,0.9825,0.98,-0.0025,3391941.06,135047.22
2026-09-28T12:07:52.194896+00:00,701503,"Will Bitcoin dip to $35,000 by December 31, 2026?",Yes,19830138103155427354579425893303398904208550475895360582465715721785944321950,0.0235,0.023955,0.000455,3374482.23,158127.84
2026-09-28T12:07:52.547950+00:00,701503,"Will Bitcoin dip to $35,000 by December 31, 2026?",No,106725919441008051918080506395399719013818419425017982342714970506626839446049,0.9765,0.976459,-4.1e-05,3374482.23,158127.84
2026-09-28T12:07:53.168275+00:00,567689,Zelenskyy out as Ukraine president by end of 2026?,Yes,108187737663325442737199857734058032845728149267925579081973309839049299838520,0.065,0.065,0.0,3328046.97,95492.39
2026-09-28T12:07:53.489367+00:00,567689,Zelenskyy out as Ukraine president by end of 2026?,No,12238337804021350373072513606997115174826680613156170611182546081135779794915,0.935,0.935,0.0,3328046.97,95492.39
2026-09-28T12:07:53.789047+00:00,682706,Will Naftali Bennett be the next Prime Minister of Israel?,Yes,58945936829392654397399777214757608864525173988558750256164021442231118224154,0.125,0.125,0.0,3315584.96,109724.78
2026-09-28T12:07:54.123059+00:00,682706,Will Naftali Bennett be the next Prime Minister of Israel?,No,39409206330527880169507414405291721950884951005340760541937649898052386499519,0.875,0.875,0.0,3315584.96,109724.78
2026-09-28T12:07:54.781478+00:00,1105744,Will Nicolás Maduro be the leader of Venezuela end of 2026?,Yes,37090128566507509913630589460372620352013766554886380785463533062224343545231,0.638,0.640544,0.002544,3305920.65,80897.47
2026-09-28T12:07:55.126417+00:00,1105744,Will Nicolás Maduro be the leader of Venezuela end of 2026?,No,21527446005162722668702146847806837944786417986794925592709069062391666573103,0.362,0.359456,-0.002544,3305920.65,80897.47
2026-09-28T12:07:55.722224+00:00,1633611,"Will China invade Taiwan by December 31, 2027?",Yes,99308764485765552888542373236405354280486342174935314281037215048612491168324,0.125,0.125,0.0,3279181.76,194733.11
2026-09-28T12:07:56.073144+00:00,1633611,"Will China invade Taiwan by December 31, 2027?",No,32952048155093419718055060819712841482842350791391116195205201413217889733414,0.875,0.875,0.0,3279181.76,194733.11
2026-09-28T12:07:56.692099+00:00,608565,Will Lionel Messi win the 2026 Ballon d'Or?,Yes,14940935985254400645996902276818598247231942791302218826999289776538227075176,0.0355,0.035846,0.000346,3181384.68,154962.48
2026-09-28T12:07:57.043879+00:00,608565,Will Lionel Messi win the 2026 Ballon d'Or?,No,107516035603650985174253368241692944789056496652916551006453839235487841190002,0.9645,0.964154,-0.000346,3181384.68,154962.48
2026-09-28T12:07:57.345769+00:00,562793,Will the Democratic Party control the Senate after the 2026 Midterm elections?,Yes,113287701564209339913693347405685749986285999146352375265161592243948562084773,0.625,0.625,0.0,3168838.7,450977.45
2026-09-28T12:07:57.686093+00:00,562793,Will the Democratic Party control the Senate after the 2026 Midterm elections?,No,107118433685650702332040991454078902188473746599223732907923581436160160612542,0.375,0.375,0.0,3168838.7,450977.45
2026-09-28T12:07:58.608795+00:00,628940,Will Steve Hilton win the California Governor Election in 2026?,Yes,82742036522262670996662794097029680950132682539859985097974842241612036171395,0.0415,0.041853,0.000353,3063886.79,341866.47
2026-09-28T12:07:58.927051+00:00,628940,Will Steve Hilton win the California Governor Election in 2026?,No,63644763464034691367428527733393916036342796100129702980469514153898496549749,0.9585,0.958147,-0.000353,3063886.79,341866.47
2026-09-28T12:07:59.230137+00:00,701552,"Will Ethereum dip to $1,500 by December 31, 2026?",Yes,101639751789549589765350117072740510018809594718571111931328241076831078702528,0.068,0.067953,-4.7e-05,3038912.55,134376.52
2026-09-28T12:07:59.576094+00:00,701552,"Will Ethereum dip to $1,500 by December 31, 2026?",No,38508858428676968447825900892305750232615791339175195608011299023691549494960,0.932,0.932047,4.7e-05,3038912.55,134376.52
2026-09-28T12:07:59.918339+00:00,2154920,Will GameStop acquire eBay?,Yes,22738604660557321780761578420118016749027563268201595763789441772230090847247,0.065,0.065,0.0,3006871.66,63836.58
2026-09-28T12:08:00.240259+00:00,2154920,Will GameStop acquire eBay?,No,55646219597856189899881677374172135376492662817148728033424581863530537477107,0.935,0.935,0.0,3006871.66,63836.58
2026-09-28T12:08:01.400657+00:00,3399458,Israel x Iran ceasefire continues through September 30?,Yes,110124369154659006328320349797831539154282530245624469518430389053088403535939,0.979,0.978526,-0.000474,2954738.35,168017.46
2026-09-28T12:08:01.613369+00:00,3399458,Israel x Iran ceasefire continues through September 30?,No,27584284826455438094347446510379196256289720442108190871721085592324191711749,0.021,0.021474,0.000474,2954738.35,168017.46
2026-09-28T12:08:02.549996+00:00,898411,Will George Russell be the 2026 F1 Drivers' Champion?,Yes,93099562462257249309605734586566434036442082827152130023015985868027704959821,0.05,0.050045,4.5e-05,2867555.51,139892.81
2026-09-28T12:08:02.927208+00:00,898411,Will George Russell be the 2026 F1 Drivers' Champion?,No,66179493383876804270523225216910123185590092065107948827970707627138225160961,0.95,0.949955,-4.5e-05,2867555.51,139892.81
2026-09-28T12:08:03.551369+00:00,2771335,Will Manchester City win the 2026-27 English Premier League (EPL) Championship?,Yes,19864216715488298679276291756659013279877343825699353033505020208765688353462,0.215,0.215414,0.000414,2863638.23,271742.78
2026-09-28T12:08:03.850197+00:00,2771335,Will Manchester City win the 2026-27 English Premier League (EPL) Championship?,No,15595081936246780886940656289399636714509677762753928040257148545998496082698,0.785,0.784586,-0.000414,2863638.23,271742.78
2026-09-28T12:08:04.190630+00:00,2374271,"Will Ukraine recapture Crimean territory by December 31, 2026?",Yes,67011482977279466154940850972585572311207926803952896052113224614375102184687,0.038,0.038,0.0,2862194.32,87846.57
2026-09-28T12:08:04.506775+00:00,2374271,"Will Ukraine recapture Crimean territory by December 31, 2026?",No,72433435487515814631344400459815549868044734165082020724691045649454520502781,0.962,0.962,0.0,2862194.32,87846.57
2026-09-28T12:08:04.832607+00:00,573656,"Will Bitcoin hit $150k by December 31, 2026?",Yes,93694900555669388759405753550770573998169287228984912881955464376232163096213,0.027,0.02692,-8e-05,2857911.25,71609.01
2026-09-28T12:08:05.183178+00:00,573656,"Will Bitcoin hit $150k by December 31, 2026?",No,55119388124180116303253993098894090042427725500010038140578121972388485050538,0.973,0.97308,8e-05,2857911.25,71609.01
2026-09-28T12:08:05.484656+00:00,682710,Will Avigdor Lieberman be the next Prime Minister of Israel?,Yes,105057524965982907913786325697426001538810836564004836999292309706852745390829,0.025,0.024955,-4.5e-05,2822802.68,126591.81
2026-09-28T12:08:05.819203+00:00,682710,Will Avigdor Lieberman be the next Prime Minister of Israel?,No,13887896800265966487014179943559375403384011039339488276489274832989862323735,0.975,0.975045,4.5e-05,2822802.68,126591.81
2026-09-28T12:08:06.127857+00:00,665224,Ukraine signs peace deal with Russia before 2027?,Yes,93579588306754356558129639371052358607099327699211232141859164590129536814208,0.08,0.081339,0.001339,2821873.37,59632.33
2026-09-28T12:08:06.466355+00:00,665224,Ukraine signs peace deal with Russia before 2027?,No,50854871681873904159181209043129993931106057788784391855429428220428495613305,0.92,0.918661,-0.001339,2821873.37,59632.33
2026-09-28T12:08:06.785132+00:00,608545,Will Lamine Yamal win the 2026 Ballon d'Or?,Yes,10466835326554416965099784068156829774726248334728156046559014834812912458273,0.339,0.336353,-0.002647,2819541.17,102412.18
2026-09-28T12:08:07.123699+00:00,608545,Will Lamine Yamal win the 2026 Ballon d'Or?,No,115364229170068359509280114761107502298430910856477421813089992309112580316620,0.661,0.663647,0.002647,2819541.17,102412.18
2026-09-28T12:08:08.353061+00:00,1057349,"Jeffrey Epstein foul play confirmed by December 31, 2026?",Yes,69162030465037941268862284627658886205173465981805919620559686624259677735192,0.0225,0.0225,0.0,2784617.03,28837.74
2026-09-28T12:08:08.685671+00:00,1057349,"Jeffrey Epstein foul play confirmed by December 31, 2026?",No,76372194545838535783490148896316297976627938120220239171956676589522420141188,0.9775,0.9775,0.0,2784617.03,28837.74
2026-09-28T12:08:09.697513+00:00,679018,Will Marine Le Pen win the 2027 French presidential election?,Yes,55764212211467781322980371912612507865974994976253196346176314491480419639168,0.397,0.393428,-0.003572,2729997.64,360273.09
2026-09-28T12:08:10.031278+00:00,679018,Will Marine Le Pen win the 2027 French presidential election?,No,5649717099758674861276159343380402289083378331461490840325685141994171250523,0.603,0.604297,0.001297,2729997.64,360273.09
2026-09-28T12:08:10.961609+00:00,1235553,Will the Chicago White Sox win the 2026 World Series?,Yes,47345805017667669897137395690450353435714129302571040588246790838753631749361,0.0255,0.025419,-8.1e-05,2706150.46,169962.33
2026-09-28T12:08:11.319341+00:00,1235553,Will the Chicago White Sox win the 2026 World Series?,No,84946825393330172889133721169064576656145875807729321440670475462232714064308,0.9745,0.974581,8.1e-05,2706150.46,169962.33
2026-09-28T12:08:11.677146+00:00,2243897,"Russia x Ukraine ceasefire agreement by December 31, 2026?",Yes,99878393523957043401217108863095556720659532630565063651671026144852955005052,0.205,0.205,0.0,2690604.23,73939.99
2026-09-28T12:08:12.024619+00:00,2243897,"Russia x Ukraine ceasefire agreement by December 31, 2026?",No,69565284411089708271128692790745152090129066525382935764397092493923596997488,0.795,0.795,0.0,2690604.23,73939.99
2026-09-28T12:08:12.332392+00:00,608540,Will Kylian Mbappé win the 2026 Ballon d'Or?,Yes,95640549996905293510297955529586737178285694064878854803914367446504739764113,0.0555,0.056011,0.000511,2659553.04,137192.62
2026-09-28T12:08:12.677911+00:00,608540,Will Kylian Mbappé win the 2026 Ballon d'Or?,No,43681720319477188597878188429504394796986333625436226983885469009299707562545,0.9445,0.943989,-0.000511,2659553.04,137192.62
2026-09-28T12:08:13.004738+00:00,2668812,Will Ebuka Okorie win the 2026-27 NBA Rookie of the Year?,Yes,112350604972855412277243693070668866195702674842421117925291900441402768382879,0.0105,0.02,0.0095,2612945.74,8174.45
2026-09-28T12:08:13.352695+00:00,2668812,Will Ebuka Okorie win the 2026-27 NBA Rookie of the Year?,No,6491145839571990892896942986170751140235492365681746442857315552995813863207,0.9895,0.98,-0.0095,2612945.74,8174.45
2026-09-28T12:08:13.686441+00:00,1059772,Jeffrey Epstein confirmed to be alive before 2027?,Yes,57692461228141098196519006129212454078633070644580607609751365664388305515775,0.0215,0.021557,5.7e-05,2580923.7,121822.88
2026-09-28T12:08:14.054002+00:00,1059772,Jeffrey Epstein confirmed to be alive before 2027?,No,69156743176103134736115123277705077910853098854566827417866113262179013876259,0.9785,0.978443,-5.7e-05,2580923.7,121822.88
2026-09-28T12:08:14.363597+00:00,567688,Netanyahu out by end of 2026?,Yes,114694726451307654528948558967898493662917070661203465131156925998487819889437,0.385,0.38872,0.00372,2574514.34,41535.62
2026-09-28T12:08:14.713504+00:00,567688,Netanyahu out by end of 2026?,No,66255671088804707681511323064315150986307471908131081808279119719218775249892,0.615,0.61128,-0.00372,2574514.34,41535.62
2026-09-28T12:08:15.321198+00:00,679022,Will David Lisnard win the 2027 French presidential election?,Yes,55404192439775628931124671719520886657525387168536821457706619003199189099864,0.0825,0.082483,-1.7e-05,2554145.83,180126.66
2026-09-28T12:08:15.668737+00:00,679022,Will David Lisnard win the 2027 French presidential election?,No,79358475953126059185096320578578995575874288599466094920037110232928386404141,0.9175,0.917517,1.7e-05,2554145.83,180126.66
2026-09-28T12:08:16.008045+00:00,679020,Will Éric Zemmour win the 2027 French presidential election?,Yes,51126599157451146230415396920771455069752975116525743821340393650626382714261,0.0105,0.02,0.0095,2532727.77,213288.68
2026-09-28T12:08:16.359569+00:00,679020,Will Éric Zemmour win the 2027 French presidential election?,No,90997833546019007990916014938756861651789144262105272333307948825561373623753,0.9895,0.98,-0.0095,2532727.77,213288.68
2026-09-28T12:08:16.656494+00:00,1394086,Will Reza Pahlavi enter Iran by December 31?,Yes,42920366254635522231062953285326731613318286540727986277660335157561634812014,0.0415,0.0415,0.0,2525065.02,97009.9
2026-09-28T12:08:17.000330+00:00,1394086,Will Reza Pahlavi enter Iran by December 31?,No,97107770187587683506815626974888163324622836988014033022064807674186740440043,0.9585,0.9585,0.0,2525065.02,97009.9
2026-09-28T12:08:17.161054+00:00,3128886,"US announces end of Iranian blockade by December 31, 2026?",Yes,86011229287950365043519117852041614651767455889324682112682327985496937935368,0.567,0.565871,-0.001129,2519195.41,176706.59
2026-09-28T12:08:17.476723+00:00,3128886,"US announces end of Iranian blockade by December 31, 2026?",No,39147524522707536456910747992621671433032838141439193264830818731544404472030,0.433,0.434129,0.001129,2519195.41,176706.59
2026-09-28T12:08:18.093607+00:00,1339768,"Will Bitcoin dip to $40,000 by December 31, 2026?",Yes,4255890554350661695724949176183233033027635903850796430457642328613772591960,0.0405,0.040558,5.8e-05,2485818.13,101144.12
2026-09-28T12:08:18.424539+00:00,1339768,"Will Bitcoin dip to $40,000 by December 31, 2026?",No,69924622127743346860742491804606293768199148137604178160078893238641086573607,0.9595,0.959442,-5.8e-05,2485818.13,101144.12
2026-09-28T12:08:18.757961+00:00,679026,Will Gabriel Attal win the 2027 French presidential election?,Yes,39040993339692011893931540077322383339631602451525460031216774971808386681386,0.0205,0.0205,0.0,2460877.94,179023.9
2026-09-28T12:08:19.113243+00:00,679026,Will Gabriel Attal win the 2027 French presidential election?,No,47856683996156403009428090210889176913147998278019471610295491486371570337691,0.9795,0.9795,0.0,2460877.94,179023.9
2026-09-28T12:08:19.729581+00:00,562830,"2026 Balance of Power: R Senate, D House",Yes,6302359956133594764084277082169634158291609371270652093164054687145970756151,0.305,0.305,0.0,2458124.27,423089.49
2026-09-28T12:08:20.093954+00:00,562830,"2026 Balance of Power: R Senate, D House",No,558600218792430158020964384658762756367786275998757133304987611939841005404,0.695,0.695,0.0,2458124.27,423089.49
2026-09-28T12:08:20.262408+00:00,3128888,"US announces end of Iranian blockade by October 31, 2026?",Yes,87712920673252297509200151045391015262449055764880659907762503287643101055970,0.305,0.301622,-0.003378,2429127.18,86217.93
2026-09-28T12:08:20.599057+00:00,3128888,"US announces end of Iranian blockade by October 31, 2026?",No,77737603049704371401985143030203551130624520784925815473217168646825527075459,0.695,0.698378,0.003378,2429127.18,86217.93
2026-09-28T12:08:21.203293+00:00,1168142,Will the upper bound of the target federal funds rate be ≥ 4.5% at the end of 2026?,Yes,44956651579513700220045051729687627381715616102744183825397331989105273067709,0.4995,0.485927,-0.013573,2418016.04,2113.18
2026-09-28T12:08:21.546224+00:00,1168142,Will the upper bound of the target federal funds rate be ≥ 4.5% at the end of 2026?,No,51964039038586437622048402090827247539716151648632162816759306830645640049347,0.5005,0.510411,0.009911,2418016.04,2113.18
2026-09-28T12:08:22.207395+00:00,691340,AI bubble burst in 2026?,Yes,95143949049440805515065120245245136072200903084986833252741074455111459269340,0.0915,0.09238,0.00088,2409135.45,47045.19
2026-09-28T12:08:22.681812+00:00,691340,AI bubble burst in 2026?,No,17769188746995805889009627485623784462879024540194570282917960402976991944943,0.9085,0.90762,-0.00088,2409135.45,47045.19
2026-09-28T12:08:23.026011+00:00,700396,Will Perplexity AI be acquired before 2027?,Yes,42574248959284530646091368047066126180445434974022460106859680414580532069710,0.055,0.055,0.0,2400403.16,6180.22
2026-09-28T12:08:23.383564+00:00,700396,Will Perplexity AI be acquired before 2027?,No,84834595145551060233480988152606214225219613758644201086445418024052582755907,0.945,0.945,0.0,2400403.16,6180.22
2026-09-28T12:08:24.009719+00:00,2006983,US obtains Iranian enriched uranium by December 31?,Yes,114657271285511367879703365484572688248973675722511239339535646764098946050607,0.06,0.060939,0.000939,2386554.9,82482.51
2026-09-28T12:08:24.333082+00:00,2006983,US obtains Iranian enriched uranium by December 31?,No,12933385462445051219548039807631278921517469211617755773732773415883384410827,0.94,0.939061,-0.000939,2386554.9,82482.51
2026-09-28T12:08:24.668367+00:00,682708,Will Gadi Eizenkot be the next Prime Minister of Israel?,Yes,52487256270918227930942830546248720603566203568229607048093730748840489555808,0.515,0.516464,0.001464,2385722.84,151679.72
2026-09-28T12:08:25.012801+00:00,682708,Will Gadi Eizenkot be the next Prime Minister of Israel?,No,1507744758511144558263623459899956467548763419522526462308518027912401299177,0.485,0.483536,-0.001464,2385722.84,151679.72
2026-09-28T12:08:25.631705+00:00,679027,Will Bruno Retailleau win the 2027 French presidential election?,Yes,76158784025338420583901765224531190025719662766883390440253608804161057467141,0.0195,0.02,0.0005,2380539.94,235017.56
2026-09-28T12:08:25.979603+00:00,679027,Will Bruno Retailleau win the 2027 French presidential election?,No,49760558873212272440771467224266437717913114999491735666209561409981747777766,0.9805,0.98,-0.0005,2380539.94,235017.56
2026-09-28T12:08:26.332591+00:00,1357383,Will the Houston Texans win the 2027 NFL league championship?,Yes,82860415910448737270902374411987827711923709249517011320325989967640805801007,0.0145,0.02,0.0055,2375187.83,159648.64
2026-09-28T12:08:26.649284+00:00,1357383,Will the Houston Texans win the 2027 NFL league championship?,No,67831205063520102040460265401750146108615833326749301874467401246702944014817,0.9855,0.98,-0.0055,2375187.83,159648.64
2026-09-28T12:08:27.003638+00:00,1349162,Will Orlando City SC win the 2026 MLS Cup?,Yes,74397828296323343196166047694283985077132677648825859176663063495649543850250,0.0185,0.02,0.0015,2370649.05,20752.55
2026-09-28T12:08:27.355426+00:00,1349162,Will Orlando City SC win the 2026 MLS Cup?,No,9912084048481132346516321836920145297848866553407641809171851331568477411925,0.9815,0.98,-0.0015,2370649.05,20752.55
2026-09-28T12:08:29.179576+00:00,1193094,Will Magdalena Andersson be the next Prime Minister of Sweden?,Yes,6761884778816083542753350539779617201084594664234729655783875952381923983097,0.755,0.767099,0.012099,2315445.44,55351.11
2026-09-28T12:08:29.516296+00:00,1193094,Will Magdalena Andersson be the next Prime Minister of Sweden?,No,49952287244614575734723913757649087902024339238007187585607375183859292977482,0.245,0.232901,-0.012099,2315445.44,55351.11
2026-09-28T12:08:29.852731+00:00,1235551,Will the Boston Red Sox win the 2026 World Series?,Yes,49490029022429715624870536101813422563892045373640045791646802985069593764860,0.0425,0.042188,-0.000312,2309886.5,93471.08
2026-09-28T12:08:30.180198+00:00,1235551,Will the Boston Red Sox win the 2026 World Series?,No,44283577755018755878348555095757993844164729564841351197994304603070961626637,0.9575,0.957812,0.000312,2309886.5,93471.08
2026-09-28T12:08:31.160090+00:00,618454,Opensea FDV above $500M one day after launch?,Yes,42645635688384173938505005153732536262139883933750646945028210271328873690888,0.167,0.167175,0.000175,2283963.89,20772.71
2026-09-28T12:08:31.479180+00:00,618454,Opensea FDV above $500M one day after launch?,No,91676177432668319691663213694187810112009835951397620031461215327421238319426,0.833,0.832825,-0.000175,2283963.89,20772.71
2026-09-28T12:08:31.780242+00:00,1731346,"Iran agrees to surrender enriched uranium stockpile by December 31, 2026?",Yes,70530382817944476125648239982318905983026944956853105853882601665630375614463,0.075,0.075,0.0,2274314.09,51326.44
2026-09-28T12:08:32.137351+00:00,1731346,"Iran agrees to surrender enriched uranium stockpile by December 31, 2026?",No,18702020867581976905619984893323736143098724607754292117438927457109238679413,0.925,0.925,0.0,2274314.09,51326.44
2026-09-28T12:08:32.439379+00:00,1090496,"NATO x Russia military clash by December 31, 2026?",Yes,105031123790227090351610621121319179238510007553875150023320472711583933704999,0.295,0.295,0.0,2263801.19,189358.75
2026-09-28T12:08:32.782870+00:00,1090496,"NATO x Russia military clash by December 31, 2026?",No,76326875711147697076353707331532227929486722415800396469798548611383212234361,0.705,0.705,0.0,2263801.19,189358.75
2026-09-28T12:08:33.115452+00:00,679019,Will Jordan Bardella win the 2027 French presidential election?,Yes,1114938555853162662375805609341386795965961002028313810409954359771505507177,0.0145,0.02,0.0055,2261928.43,149701.47
2026-09-28T12:08:33.470373+00:00,679019,Will Jordan Bardella win the 2027 French presidential election?,No,39814929193752558825038669670647206213767631805507014416889259758143556745530,0.9855,0.98,-0.0055,2261928.43,149701.47
2026-09-28T12:08:34.064593+00:00,608566,Will Rodri win the 2026 Ballon d'Or?,Yes,78803948342995070838836736012795017072053448960983345349841661545681081452350,0.0305,0.030628,0.000128,2231941.49,168393.74
2026-09-28T12:08:34.420305+00:00,608566,Will Rodri win the 2026 Ballon d'Or?,No,9168297785662696773016718610761665603800700668560812756827962314315323235689,0.9695,0.969372,-0.000128,2231941.49,168393.74
2026-09-28T12:08:34.741972+00:00,609655,US recession by end of 2026?,Yes,100379208559626151022751801118534484742123694725746262280150222742563282755057,0.085,0.085,0.0,2225743.21,117515.1
2026-09-28T12:08:35.093268+00:00,609655,US recession by end of 2026?,No,113732820231608904682346496304917888352004831436510840986547065248348999143469,0.915,0.915,0.0,2225743.21,117515.1
2026-09-28T12:08:35.444299+00:00,1105742,Will Delcy Rodríguez be the leader of Venezuela end of 2026?,Yes,38667196958602416137463628517439560119304765709104570192447644733106171420112,0.31,0.311269,0.001269,2217597.91,66287.82
2026-09-28T12:08:35.780405+00:00,1105742,Will Delcy Rodríguez be the leader of Venezuela end of 2026?,No,6638895201070039547671726076818069674458322142629985177641367819559425166288,0.69,0.688731,-0.001269,2217597.91,66287.82
2026-09-28T12:08:36.103624+00:00,701553,"Will Ethereum dip to $1,000 by December 31, 2026?",Yes,111461019317477869113562870983413193129710955692959493083133606404494525367686,0.045,0.045,0.0,2216657.92,85646.21
2026-09-28T12:08:36.441204+00:00,701553,"Will Ethereum dip to $1,000 by December 31, 2026?",No,20508072772404576884266330300293267272741800260494416818259836712249628797288,0.955,0.955,0.0,2216657.92,85646.21
2026-09-28T12:08:37.658920+00:00,629040,Will Nithya Raman win the 2026 Los Angeles mayoral election?,Yes,50292933818751585369672690878774599873941191925538325333138798248932182222864,0.5845,0.584459,-4.1e-05,2181907.54,145248.83
2026-09-28T12:08:37.997548+00:00,629040,Will Nithya Raman win the 2026 Los Angeles mayoral election?,No,58507084608782512565480280053882807505189448738098588563704773804344223603355,0.4155,0.415541,4.1e-05,2181907.54,145248.83
2026-09-28T12:08:38.595876+00:00,665513,"Friedrich Merz out as Chancellor of Germany before December 31, 2026?",Yes,27554074579538085152312757613342843137057353684724415806149658005255326639761,0.11,0.109254,-0.000746,2165491.91,55836.29
2026-09-28T12:08:38.936244+00:00,665513,"Friedrich Merz out as Chancellor of Germany before December 31, 2026?",No,100292172522149577922637436103132246456042318074117879550513151144706945321275,0.89,0.890746,0.000746,2165491.91,55836.29
2026-09-28T12:08:39.852749+00:00,562794,Will the Republican Party control the Senate after the 2026 Midterm elections?,Yes,51939490109676186832507970701169130490548061087912630009168726706475001411420,0.375,0.375,0.0,2138221.83,394454.17
2026-09-28T12:08:40.191739+00:00,562794,Will the Republican Party control the Senate after the 2026 Midterm elections?,No,108587038225191871355030577171066853142535232042155117887981453750193713427381,0.625,0.625,0.0,2138221.83,394454.17
2026-09-28T12:08:40.812771+00:00,1345531,"Will Bitcoin reach $90,000 by December 31, 2026?",Yes,89384721767526056909881321094852287855436067743554155484781205764118128944311,0.67,0.668357,-0.001643,2125307.96,65619.99
2026-09-28T12:08:41.171418+00:00,1345531,"Will Bitcoin reach $90,000 by December 31, 2026?",No,89935193776001764234914810530894985625350942201527563326613427606200761992090,0.33,0.331643,0.001643,2125307.96,65619.99
2026-09-28T12:08:41.507371+00:00,618455,Opensea FDV above $1B one day after launch?,Yes,55736535775539231856682158017890031261644294952589300517957218393676136917293,0.14,0.14,0.0,2113945.92,27368.82
2026-09-28T12:08:41.851619+00:00,618455,Opensea FDV above $1B one day after launch?,No,71718402031669298364238907670733752499185585238670546354636156779359681992646,0.86,0.86,0.0,2113945.92,27368.82
2026-09-28T12:08:42.453020+00:00,1323083,Will Hezbollah disarm by December 31?,Yes,70891730332783983754038097068699855156768797388773323020505706651244066459609,0.055,0.055,0.0,2081675.9,21954.13
2026-09-28T12:08:42.794392+00:00,1323083,Will Hezbollah disarm by December 31?,No,90889737043160931419301279329265177627640070265027926085121655690919696428047,0.945,0.945,0.0,2081675.9,21954.13
2026-09-28T12:08:43.698878+00:00,701486,"Will Bitcoin reach $200,000 by December 31, 2026?",Yes,61368943128255287414565270336856615453000675377332178800733742873558311943412,0.013,0.02,0.007,2074402.1,99845.71
2026-09-28T12:08:44.042051+00:00,701486,"Will Bitcoin reach $200,000 by December 31, 2026?",No,96993471854400156408670527613150944443359272190785251193551242374636006072800,0.987,0.98,-0.007,2074402.1,99845.71
2026-09-28T12:08:44.695951+00:00,628941,Will Xavier Becerra win the California Governor Election in 2026?,Yes,60977129292396881848833910361112107174416489010090570432106122538120602786646,0.956,0.955716,-0.000284,2074042.63,81634.8
2026-09-28T12:08:45.027914+00:00,628941,Will Xavier Becerra win the California Governor Election in 2026?,No,42544248033910169115455586624331983477679665735561815306855702312176773945155,0.044,0.044284,0.000284,2074042.63,81634.8
2026-09-28T12:08:45.628330+00:00,562829,"2026 Balance of Power: D Senate, R House",Yes,70997927349469817841862065582625658840347600365813612622959588796331622340305,0.012,0.02,0.008,2069808.0,298914.75
2026-09-28T12:08:45.999939+00:00,562829,"2026 Balance of Power: D Senate, R House",No,45720947308530468765087874228584729250108790729495800420104302263408503667446,0.988,0.98,-0.008,2069808.0,298914.75
2026-09-28T12:08:46.317321+00:00,637008,Will UNRWA win the Nobel Peace Prize in 2026?,Yes,44648805494496128018486302258584216672381875589441286537181971476979030040822,0.043,0.04419,0.00119,2059949.42,38699.08
2026-09-28T12:08:46.652300+00:00,637008,Will UNRWA win the Nobel Peace Prize in 2026?,No,100774842773502634308392264835606396497542279688738306742145099064280129552022,0.957,0.95581,-0.00119,2059949.42,38699.08
2026-09-28T12:08:46.983471+00:00,1349145,Will Charlotte FC win the 2026 MLS Cup?,Yes,64915347545172379244677979694997883696947214572976500616776600777820871917355,0.03,0.030021,2.1e-05,2039748.82,31776.97
2026-09-28T12:08:47.334535+00:00,1349145,Will Charlotte FC win the 2026 MLS Cup?,No,114333634635479313137964828635669787874292139556461773178065958136035174121652,0.97,0.969979,-2.1e-05,2039748.82,31776.97
2026-09-28T12:08:47.669318+00:00,679028,Will François Hollande win the 2027 French presidential election?,Yes,35420390481420086914303850503269939905315993511859334440549793606783994509563,0.0555,0.055452,-4.8e-05,2035522.96,126085.13
2026-09-28T12:08:48.007604+00:00,679028,Will François Hollande win the 2027 French presidential election?,No,45261427927597753948969942484970824173439588002616542194846930375736155382059,0.9445,0.944548,4.8e-05,2035522.96,126085.13
2026-09-28T12:08:48.324582+00:00,701494,"Will Bitcoin reach $120,000 by December 31, 2026?",Yes,65965214225073605704712365855887384729237451947822407248598722221769498441791,0.095,0.095,0.0,2014729.68,79024.25
2026-09-28T12:08:48.644460+00:00,701494,"Will Bitcoin reach $120,000 by December 31, 2026?",No,23087349975908951689849809689657583268158750956541808535385269508170739441669,0.905,0.905,0.0,2014729.68,79024.25
2026-09-28T12:08:49.904004+00:00,1357387,Will the Las Vegas Raiders win the 2027 NFL league championship?,Yes,59226162751411958698158426899722532714096625688096542121038780675009172335910,0.0155,0.02,0.0045,1976679.73,146641.44
2026-09-28T12:08:50.245701+00:00,1357387,Will the Las Vegas Raiders win the 2027 NFL league championship?,No,100405605635057175830292429276520208790943702328776842569003871296192726958839,0.9845,0.98,-0.0045,1976679.73,146641.44
2026-09-28T12:08:50.861555+00:00,1131170,Human moon landing in 2026?,Yes,28341635557911393150957317220979689346286160229232485531195528953133660242151,0.0155,0.02,0.0045,1972153.85,21608.63
2026-09-28T12:08:51.205099+00:00,1131170,Human moon landing in 2026?,No,110420951352726780968858751854229131963307700036109190281766766630426312327876,0.9845,0.98,-0.0045,1972153.85,21608.63
2026-09-28T12:08:51.367047+00:00,4641064,US x Iran ceasefire continues through September 30?,Yes,18108354744468601294025853601030425188395211927926870885542758981304523217919,0.9655,0.960682,-0.004818,1960221.66,150801.48
2026-09-28T12:08:51.541776+00:00,4641064,US x Iran ceasefire continues through September 30?,No,28756001267446015644282192000586184633181417034487430148393633388063374846479,0.0345,0.042976,0.008476,1960221.66,150801.48
2026-09-28T12:08:53.370037+00:00,1361061,Will Minnesota Vikings win the 2027 NFL NFC Championship?,Yes,34216599256731645025005217537625791908287810832071932505986585678845756791490,0.0795,0.085218,0.005718,1903434.67,64728.27
2026-09-28T12:08:53.750371+00:00,1361061,Will Minnesota Vikings win the 2027 NFL NFC Championship?,No,6293946211801305473523043720345235264199616077569833203819552322830444096351,0.9205,0.918438,-0.002062,1903434.67,64728.27
2026-09-28T12:08:54.344523+00:00,701495,"Will Bitcoin reach $110,000 by December 31, 2026?",Yes,74843373582432484858627201602003648342208168490128239235522790524493414154441,0.175,0.169341,-0.005659,1884496.84,86847.56
2026-09-28T12:08:54.704299+00:00,701495,"Will Bitcoin reach $110,000 by December 31, 2026?",No,478527591373338225284037593163730441333267754562735300431025557171581810352,0.825,0.826083,0.001083,1884496.84,86847.56
2026-09-28T12:08:55.009571+00:00,679029,Will Raphaël Glucksmann win the 2027 French presidential election?,Yes,97531408855841405410232789703119036119573635076996943730887685044477538494161,0.0205,0.020557,5.7e-05,1884256.15,217617.35
2026-09-28T12:08:55.395958+00:00,679029,Will Raphaël Glucksmann win the 2027 French presidential election?,No,91614037901759358822201019738747890245698909012092657780820261729371244775376,0.9795,0.979443,-5.7e-05,1884256.15,217617.35
2026-09-28T12:08:55.713485+00:00,608553,Will Khvicha Kvaratskhelia win the 2026 Ballon d'Or?,Yes,12622519606415978744877534783705265610788882249231449850262189360805525437274,0.0135,0.02,0.0065,1876453.03,158264.53
2026-09-28T12:08:56.059744+00:00,608553,Will Khvicha Kvaratskhelia win the 2026 Ballon d'Or?,No,36288700594382425961479916608903536580786689753480114686207439400130634390018,0.9865,0.98,-0.0065,1876453.03,158264.53
2026-09-28T12:08:56.980124+00:00,948958,"Bitcoin all time high by December 31, 2026?",Yes,102959890468928530190954086704155483076852880798676895426376704430618826404382,0.0805,0.080993,0.000493,1823217.7,67399.06
2026-09-28T12:08:57.342168+00:00,948958,"Bitcoin all time high by December 31, 2026?",No,28476986359136076319657791569918838578469356102120317109012208839383264384477,0.9195,0.919007,-0.000493,1823217.7,67399.06
2026-09-28T12:08:57.668555+00:00,701493,"Will Bitcoin reach $130,000 by December 31, 2026?",Yes,106722178102302988256241610384561546855057790384749278490135208236665942286983,0.0615,0.061697,0.000197,1823069.99,161087.38
2026-09-28T12:08:57.835969+00:00,701493,"Will Bitcoin reach $130,000 by December 31, 2026?",No,112640187121872104723655834799934821712465419714201363140089615513884600316497,0.9385,0.938303,-0.000197,1823069.99,161087.38
2026-09-28T12:08:59.432174+00:00,1357386,Will the Kansas City Chiefs win the 2027 NFL league championship?,Yes,69042190742678678187984887226901406327636174762281438864527733358265304680670,0.0865,0.0865,0.0,1794385.89,129494.35
2026-09-28T12:08:59.746621+00:00,1357386,Will the Kansas City Chiefs win the 2027 NFL league championship?,No,67568786173941702599227613885622963618166350967368584648718149385526580902390,0.9135,0.9135,0.0,1794385.89,129494.35
2026-09-28T12:09:00.093016+00:00,1357380,Will the Denver Broncos win the 2027 NFL league championship?,Yes,32552965104139234418306396081841371197890264315094634472674018857038790114219,0.0435,0.042238,-0.001262,1790126.44,131945.51
2026-09-28T12:09:00.438243+00:00,1357380,Will the Denver Broncos win the 2027 NFL league championship?,No,80102757903895591341011165591842960242602153473264331646815420334965913287181,0.9565,0.957762,0.001262,1790126.44,131945.51
2026-09-28T12:09:00.787947+00:00,1357382,Will the Green Bay Packers win the 2027 NFL league championship?,Yes,35735014075537072843409037792992988369227546626755131549045738083250548567488,0.0125,0.02,0.0075,1787246.2,191274.0
2026-09-28T12:09:01.156469+00:00,1357382,Will the Green Bay Packers win the 2027 NFL league championship?,No,82255638606220786577449013244706201455514306812358731329024536871238621188820,0.9875,0.98,-0.0075,1787246.2,191274.0
2026-09-28T12:09:01.768595+00:00,1193093,Will Ulf Kristersson be the next Prime Minister of Sweden?,Yes,19884202204363090591845974364927513432419394537229594683046302661092511466716,0.215,0.206958,-0.008042,1783724.68,72058.09
2026-09-28T12:09:02.129869+00:00,1193093,Will Ulf Kristersson be the next Prime Minister of Sweden?,No,35202785175624473743133325350336939697145393245733500300951742752216521350176,0.785,0.793956,0.008956,1783724.68,72058.09
2026-09-28T12:09:02.771177+00:00,1796138, Iran agrees to end enrichment of uranium by December 31?,Yes,107729402733481801715276727183402507127741210361101226673865413196241742960596,0.125,0.12353,-0.00147,1775087.79,60675.18
2026-09-28T12:09:03.118455+00:00,1796138, Iran agrees to end enrichment of uranium by December 31?,No,111094090837649765214249428313341768842963554572116350745061757857767411424456,0.875,0.87647,0.00147,1775087.79,60675.18
2026-09-28T12:09:03.459512+00:00,1357377,Will the Cincinnati Bengals win the 2027 NFL league championship?,Yes,91312216951557525293884905171902573674976018469551783568783047942228223380002,0.046,0.046,0.0,1774772.28,65953.95
2026-09-28T12:09:03.812443+00:00,1357377,Will the Cincinnati Bengals win the 2027 NFL league championship?,No,51623624502403405034540644015004183990018646236842362673705887892244415812517,0.954,0.954,0.0,1774772.28,65953.95
2026-09-28T12:09:04.496592+00:00,1357385,Will the Jacksonville Jaguars win the 2027 NFL league championship?,Yes,974996339434137274969205706934098681831948949675083560493538609289838899860,0.0385,0.038554,5.4e-05,1768357.12,116883.13
2026-09-28T12:09:04.864567+00:00,1357385,Will the Jacksonville Jaguars win the 2027 NFL league championship?,No,86427949314446016001743793858451012568674284615309776891307407664549152095607,0.9615,0.961446,-5.4e-05,1768357.12,116883.13
2026-09-28T12:09:05.212047+00:00,1235557,Will the Houston Astros win the 2026 World Series?,Yes,12405032278435739429869831881260155009376889991681874342969262166150128334633,0.0315,0.032833,0.001333,1764411.45,78978.38
2026-09-28T12:09:05.577638+00:00,1235557,Will the Houston Astros win the 2026 World Series?,No,55720742868739164905995622488230016036664947423270652001663302508770446397284,0.9685,0.967206,-0.001294,1764411.45,78978.38
2026-09-28T12:09:06.199620+00:00,679021,Will Édouard Philippe win the 2027 French presidential election?,Yes,84846382165343032223975853870946110241285484772019446686866815597350660955868,0.205,0.205,0.0,1748536.09,272588.84
2026-09-28T12:09:06.565906+00:00,679021,Will Édouard Philippe win the 2027 French presidential election?,No,80456575204440643570499123641511043765364487572502085512858581574010154701650,0.795,0.795,0.0,1748536.09,272588.84
2026-09-28T12:09:07.174706+00:00,1553591,Cuban regime falls in 2026?,Yes,15817672052205458642746211361748257031306114796905648075017940250831865046055,0.11,0.11,0.0,1746788.77,28328.11
2026-09-28T12:09:07.513663+00:00,1553591,Cuban regime falls in 2026?,No,72413274791623935706318436448441626129741116452837525058113815959729031743718,0.89,0.89,0.0,1746788.77,28328.11
2026-09-28T12:09:07.851033+00:00,2243896,"Russia x Ukraine ceasefire agreement by October 31, 2026?",Yes,10861802947610899379330568332287100318869035186187733531205554992019689450318,0.065,0.065414,0.000414,1745537.18,54067.39
2026-09-28T12:09:08.204017+00:00,2243896,"Russia x Ukraine ceasefire agreement by October 31, 2026?",No,39319769648132414476170103739900770633009012502056309868976886150530270219889,0.935,0.934586,-0.000414,1745537.18,54067.39
2026-09-28T12:09:08.527487+00:00,1357376,Will the Chicago Bears win the 2027 NFL league championship?,Yes,20782101138359830353373339924745258800328483049130539494636298430311546419943,0.0225,0.022402,-9.8e-05,1745332.78,97185.35
2026-09-28T12:09:08.855204+00:00,1357376,Will the Chicago Bears win the 2027 NFL league championship?,No,58391467081855327160506735992195157760163010112382131578233801495091502400832,0.9775,0.977598,9.8e-05,1745332.78,97185.35
2026-09-28T12:09:09.187351+00:00,637910,Mitch McConnell steps down from Senate before his term ends?,Yes,79397895660526576528066965797785113521241099187839967306891454236823723226031,0.08,0.08,0.0,1744694.64,53038.95
2026-09-28T12:09:09.515929+00:00,637910,Mitch McConnell steps down from Senate before his term ends?,No,6176387069967725418539368518279260352303182827227966329832868478861860932409,0.92,0.92,0.0,1744694.64,53038.95
2026-09-28T12:09:10.550916+00:00,1005344,Puffpaw FDV above $100M one day after launch?,Yes,5793707379729500818284272227553588908492513776424889835572995739672504840973,0.28,0.28,0.0,1715880.25,24952.7
2026-09-28T12:09:10.898020+00:00,1005344,Puffpaw FDV above $100M one day after launch?,No,108055478570098355486467296476385118782789367481734207554199995826749419845617,0.72,0.72,0.0,1715880.25,24952.7
2026-09-28T12:09:11.213465+00:00,694938,Will Viking Therapeutics be acquired before 2027?,Yes,31817818387484449402330242065217602245522171510789850932244171346186630830068,0.135,0.135,0.0,1711067.95,1657.88
2026-09-28T12:09:11.573807+00:00,694938,Will Viking Therapeutics be acquired before 2027?,No,90243643522266968974697235205722928394490919354015648405599117147393732995840,0.865,0.865,0.0,1711067.95,1657.88
2026-09-28T12:09:11.920617+00:00,2747434,Will Hamas agree to disarm by December 31?,Yes,3833250547311424992805456252782158332407335422350263044535636678503072819141,0.165,0.165,0.0,1687127.67,23848.94
2026-09-28T12:09:12.266588+00:00,2747434,Will Hamas agree to disarm by December 31?,No,30676432546818066080538703205639237969080188796746196694446265523208566227883,0.835,0.835,0.0,1687127.67,23848.94
2026-09-28T12:09:13.551099+00:00,701554,"Will Ethereum dip to $800 by December 31, 2026?",Yes,67402961747318482851880003250046703889973259367600991960666041701083209459254,0.028,0.028,0.0,1653326.06,79636.72
2026-09-28T12:09:13.911951+00:00,701554,"Will Ethereum dip to $800 by December 31, 2026?",No,103174144827908901710509553630727677341797001295655245023709154639394277936836,0.972,0.972,0.0,1653326.06,79636.72
2026-09-28T12:09:14.261735+00:00,679030,Will Jean-Luc Mélenchon win the 2027 French presidential election?,Yes,88550326946437280548248031502775629664259630024343210447063397951616199975032,0.125,0.125,0.0,1645202.75,218380.63
2026-09-28T12:09:14.605484+00:00,679030,Will Jean-Luc Mélenchon win the 2027 French presidential election?,No,78935030613038194779147226463048913187247425461933527083007539809178403199936,0.875,0.875,0.0,1645202.75,218380.63
2026-09-28T12:09:14.960779+00:00,1105755,Will there be no head of state of Venezuela end of 2026?,Yes,17704927682411404638982382980949594324217253655714867278953651574552110090318,0.0195,0.02,0.0005,1634382.5,54245.74
2026-09-28T12:09:15.311438+00:00,1105755,Will there be no head of state of Venezuela end of 2026?,No,13707761272063185033084273997321282553232999497653452620386294915179257041056,0.9805,0.98,-0.0005,1634382.5,54245.74
2026-09-28T12:09:16.281964+00:00,1357381,Will the Detroit Lions win the 2027 NFL league championship?,Yes,10111020886592735853228942459183728273074136717888452670231599414724838344635,0.038,0.0377,-0.0003,1613380.34,87173.1
2026-09-28T12:09:16.703387+00:00,1357381,Will the Detroit Lions win the 2027 NFL league championship?,No,52011508556780319872432401486396169868820207606574657455159932212425208551925,0.962,0.9623,0.0003,1613380.34,87173.1
2026-09-28T12:09:17.643865+00:00,1235568,Will the Milwaukee Brewers win the 2026 World Series?,Yes,68495273029336552259622116656826978391613637593537133254546205487243272235948,0.1595,0.160505,0.001005,1605406.02,131029.13
2026-09-28T12:09:17.992442+00:00,1235568,Will the Milwaukee Brewers win the 2026 World Series?,No,57520402764714032701152091698531154935574080954582774395654458078727078499164,0.8405,0.839473,-0.001027,1605406.02,131029.13
2026-09-28T12:09:18.348349+00:00,1357379,Will the Dallas Cowboys win the 2027 NFL league championship?,Yes,95250740975229568321286337983590034080899794989435247744887256482902867335355,0.0205,0.020345,-0.000155,1596187.41,72396.38
2026-09-28T12:09:18.711916+00:00,1357379,Will the Dallas Cowboys win the 2027 NFL league championship?,No,21345762947205477703788089324548597174740434704711340732369061642894905251223,0.9795,0.979655,0.000155,1596187.41,72396.38
2026-09-28T12:09:20.310580+00:00,1357398,Will the San Francisco 49ers win the 2027 NFL league championship?,Yes,39837385690303579870717217200412085690608514752076614686048080531386540862921,0.0865,0.086234,-0.000266,1581094.44,101908.57
2026-09-28T12:09:20.645189+00:00,1357398,Will the San Francisco 49ers win the 2027 NFL league championship?,No,47412485874176023148834455634160749312363704169131690715196573157479647440035,0.9135,0.913766,0.000266,1581094.44,101908.57
2026-09-28T12:09:22.513572+00:00,1357373,Will the Baltimore Ravens win the 2027 NFL league championship?,Yes,73903998640927437939889487883041380194034214913517653047704709946666153109395,0.0755,0.075459,-4.1e-05,1552740.59,125882.36
2026-09-28T12:09:22.844070+00:00,1357373,Will the Baltimore Ravens win the 2027 NFL league championship?,No,22053271793248125256451687157287125154284715142130477499624815153763089628557,0.9245,0.924541,4.1e-05,1552740.59,125882.36
2026-09-28T12:09:24.149649+00:00,1235573,Will the San Diego Padres win the 2026 World Series?,Yes,31221080242705278649725019814790252911735511309312424063267127209870268745118,0.0565,0.056198,-0.000302,1533089.62,97097.74
2026-09-28T12:09:24.481739+00:00,1235573,Will the San Diego Padres win the 2026 World Series?,No,77403403357262042499116091970429347185210491161428886619331507282750600367590,0.9435,0.943802,0.000302,1533089.62,97097.74
2026-09-28T12:09:25.435606+00:00,1357396,Will the Philadelphia Eagles win the 2027 NFL league championship?,Yes,67550420979177489996180069723505955888038150368085668640711886592732638036902,0.0525,0.0525,0.0,1511924.59,102238.59
2026-09-28T12:09:25.764642+00:00,1357396,Will the Philadelphia Eagles win the 2027 NFL league championship?,No,18473154342976112888187286109293851961744651663087825578913965129438006741742,0.9475,0.9475,0.0,1511924.59,102238.59
2026-09-28T12:09:26.128206+00:00,1005343,Puffpaw FDV above $50M one day after launch?,Yes,510034681274411516291754863482343062051712641324940501686223446447563026393,0.275,0.275,0.0,1510650.41,25193.54
2026-09-28T12:09:26.465989+00:00,1005343,Puffpaw FDV above $50M one day after launch?,No,112035939766271890070835678458583327089904184175100021395727240122574156493209,0.725,0.725,0.0,1510650.41,25193.54
2026-09-28T12:09:26.815568+00:00,904737,Extended FDV above $300M one day after launch?,Yes,30168634295384984099987626703440157654602987915064535215384295190163901851184,0.415,0.415,0.0,1498068.41,36165.23
2026-09-28T12:09:27.191641+00:00,904737,Extended FDV above $300M one day after launch?,No,7331524226715372344246571285800167833640643080436335461689965049717889378938,0.585,0.585,0.0,1498068.41,36165.23
2026-09-28T12:09:29.074416+00:00,637006,Will Greta Thunberg win the Nobel Peace Prize in 2026?,Yes,110720206167890822616321575705807171983245849150110799188723045022216595670551,0.0135,0.02,0.0065,1478853.05,59470.12
2026-09-28T12:09:29.412969+00:00,637006,Will Greta Thunberg win the Nobel Peace Prize in 2026?,No,88258427153334602839061103957324557393993316504272753015676420313968562088509,0.9865,0.98,-0.0065,1478853.05,59470.12
2026-09-28T12:09:29.743729+00:00,1357397,Will the Pittsburgh Steelers win the 2027 NFL league championship?,Yes,1644423779555068499869687727066828174102109860217236402367040602994229475131,0.0105,0.02,0.0095,1469687.77,123432.7
2026-09-28T12:09:30.091079+00:00,1357397,Will the Pittsburgh Steelers win the 2027 NFL league championship?,No,26795153007035211886967358259067782408578434600833864469906588827373214519218,0.9895,0.98,-0.0095,1469687.77,123432.7
2026-09-28T12:09:30.658295+00:00,1235564,Will the Philadelphia Phillies win the 2026 World Series?,Yes,56772567436880230751429990016212879028273056769219355099340259163330517784781,0.0445,0.044493,-7e-06,1462435.45,96089.68
2026-09-28T12:09:31.002558+00:00,1235564,Will the Philadelphia Phillies win the 2026 World Series?,No,9870237290570379434160738011729795161085208157636317372132377828721529919464,0.9555,0.955507,7e-06,1462435.45,96089.68
2026-09-28T12:09:32.220982+00:00,2126461,Will Crude Oil reach a new all-time high by December 31?,Yes,89220876555191016916241799318314090743516702009053928118059298766028257434413,0.095,0.096685,0.001685,1442426.07,70321.78
2026-09-28T12:09:32.557236+00:00,2126461,Will Crude Oil reach a new all-time high by December 31?,No,5513378025159191337704316460710043026668901636204511402381351948151562535480,0.905,0.903315,-0.001685,1442426.07,70321.78
2026-09-28T12:09:32.895786+00:00,1115301,Will the U.S. invade Greenland in 2026?,Yes,92674041769676787946853574644277638811231469622795349256540717061493540204868,0.03,0.03,0.0,1439454.67,79108.02
2026-09-28T12:09:33.251628+00:00,1115301,Will the U.S. invade Greenland in 2026?,No,17095902971709157441219887002231819699119343581253499592038634568134421624411,0.97,0.97,0.0,1439454.67,79108.02
2026-09-28T12:09:34.836755+00:00,1235569,Will the Chicago Cubs win the 2026 World Series?,Yes,11940406787186341071755148448116745833167346421729699368674725740151230699960,0.0405,0.040441,-5.9e-05,1420299.49,107837.11
2026-09-28T12:09:35.212734+00:00,1235569,Will the Chicago Cubs win the 2026 World Series?,No,16241194637102350801826153510570707244689613919920873459147075940515249935876,0.9595,0.959559,5.9e-05,1420299.49,107837.11
2026-09-28T12:09:36.150558+00:00,665531,Metamask FDV above $700M one day after launch?,Yes,27944626213701198119611689981836884300701096451168812471764168520890801988056,0.0675,0.067723,0.000223,1393019.4,25502.67
2026-09-28T12:09:36.507506+00:00,665531,Metamask FDV above $700M one day after launch?,No,55509649865325104641531245650537613391494802994578307703136247282221756039109,0.9325,0.932277,-0.000223,1393019.4,25502.67
2026-09-28T12:09:36.861202+00:00,1357391,Will the Minnesota Vikings win the 2027 NFL league championship?,Yes,2259102227815950907342121712913326957116722298738395193563847530262859469556,0.032,0.031859,-0.000141,1392452.7,90978.53
2026-09-28T12:09:37.195156+00:00,1357391,Will the Minnesota Vikings win the 2027 NFL league championship?,No,44629497752306165259086691706496023592370137409090192452963788945425971558110,0.968,0.968141,0.000141,1392452.7,90978.53
2026-09-28T12:09:37.847055+00:00,687642,China x Japan military clash before 2027?,Yes,24359841971256354562338291910316825498086150942929460621080163666720754945761,0.055,0.055,0.0,1375437.9,37333.63
2026-09-28T12:09:38.186902+00:00,687642,China x Japan military clash before 2027?,No,102617319572539919553357676752315366758463499662855057808806666308412570450045,0.945,0.945,0.0,1375437.9,37333.63
2026-09-28T12:09:38.830426+00:00,1168140,Will the upper bound of the target federal funds rate be 4.0% at the end of 2026?,Yes,45298643302120067019009097483686644753682404593036519073434032964867401216713,0.0725,0.075278,0.002778,1374880.5,1986.15
2026-09-28T12:09:39.194476+00:00,1168140,Will the upper bound of the target federal funds rate be 4.0% at the end of 2026?,No,91978458915370945988908089539242949184649677903154230672720974787942861020433,0.9275,0.924722,-0.002778,1374880.5,1986.15
2026-09-28T12:09:40.419649+00:00,678747,Will Israel strike 4 countries in 2026?,Yes,92230933527175957699173261837562970961226561473212829507303559647834156802557,0.775,0.77471,-0.00029,1369551.86,13517.93
2026-09-28T12:09:40.787544+00:00,678747,Will Israel strike 4 countries in 2026?,No,3024601857887977964432828689764702426766285353964470701607503585563051834427,0.225,0.22483,-0.00017,1369551.86,13517.93
2026-09-28T12:09:41.101078+00:00,701504,"Will Bitcoin dip to $25,000 by December 31, 2026?",Yes,58908160299895538838177673280060816284346493901538403975218911918392404378292,0.0165,0.02,0.0035,1336619.03,99574.58
2026-09-28T12:09:41.452961+00:00,701504,"Will Bitcoin dip to $25,000 by December 31, 2026?",No,44020894143429291435765313920570636537547227867267163638960074550696342100042,0.9835,0.98,-0.0035,1336619.03,99574.58
2026-09-28T12:09:42.106992+00:00,677396,Iran Nuke before 2027?,Yes,55302250828823180276187438149698246226978412434312478767847394628702439947936,0.0425,0.042402,-9.8e-05,1326011.65,89335.61
2026-09-28T12:09:42.463191+00:00,677396,Iran Nuke before 2027?,No,5697221075711858699852624943573291720358422810802415883854283024034226588211,0.9575,0.957598,9.8e-05,1326011.65,89335.61
2026-09-28T12:09:43.095005+00:00,2772176,Will Barcelona win the 2026-27 UEFA Champions League Championship?,Yes,105424657244554511014150825202397702180419919286931996082717264149902476600628,0.235,0.235,0.0,1321982.48,960371.47
2026-09-28T12:09:43.414483+00:00,2772176,Will Barcelona win the 2026-27 UEFA Champions League Championship?,No,34945358399694068879260737230963453183436310658083966074000573983342060858792,0.765,0.765,0.0,1321982.48,960371.47
2026-09-28T12:09:44.053261+00:00,665480,Will US withdraw from NATO before 2027?,Yes,17540726999074768109459325330147925578223846904053718101370100723042933774840,0.0185,0.02,0.0015,1314965.58,55335.92
2026-09-28T12:09:44.393609+00:00,665480,Will US withdraw from NATO before 2027?,No,23292838992754288443599105453645327195065821436549655583078911490396768004449,0.9815,0.98,-0.0015,1314965.58,55335.92
2026-09-28T12:09:45.059654+00:00,2299952,Will Anthropic's valuation hit (HIGH) $3.0T by December 31?,Yes,104142036867931412514405371667253870392906648391536505298080565010839115459260,0.235,0.235,0.0,1298057.12,33289.08
2026-09-28T12:09:45.382015+00:00,2299952,Will Anthropic's valuation hit (HIGH) $3.0T by December 31?,No,40504602999746502052081185409322422451246922051464321593641901006620543564089,0.765,0.765,0.0,1298057.12,33289.08
2026-09-28T12:09:45.734815+00:00,676739,Will NVIDIA be the largest company in the world by market cap on December 31?,Yes,11876606915924142133615854761923277060697657209957870741155164849437788272266,0.745,0.744166,-0.000834,1288200.67,89498.82
2026-09-28T12:09:46.076134+00:00,676739,Will NVIDIA be the largest company in the world by market cap on December 31?,No,114033095271617070714983865791504478906266507670567428753203001241312040895286,0.255,0.255834,0.000834,1288200.67,89498.82
2026-09-28T12:09:46.747155+00:00,1235562,Will the Atlanta Braves win the 2026 World Series?,Yes,87400549613971964996449731299293585289302880817247437384669548139968257881468,0.0645,0.064723,0.000223,1278135.6,138137.6
2026-09-28T12:09:47.114119+00:00,1235562,Will the Atlanta Braves win the 2026 World Series?,No,29295580868306068896124583600000282365944247641268463074038627370917750913578,0.9355,0.935277,-0.000223,1278135.6,138137.6
2026-09-28T12:09:47.451733+00:00,629030,Will Karen Bass win the 2026 Los Angeles mayoral election?,Yes,21099887182068653164347641846316470453763034851874063977340528628016776716246,0.415,0.415,0.0,1274312.12,108690.6
2026-09-28T12:09:47.803254+00:00,629030,Will Karen Bass win the 2026 Los Angeles mayoral election?,No,34469274651136131348321516150438492438660307886630693950137200696755429925073,0.585,0.585,0.0,1274312.12,108690.6
2026-09-28T12:09:48.432768+00:00,665495,Ukraine joins NATO before 2027?,Yes,105909749038687353646093584977576398934339148279467952755284020121199034833651,0.0255,0.025539,3.9e-05,1251312.6,41409.37
2026-09-28T12:09:48.819587+00:00,665495,Ukraine joins NATO before 2027?,No,78921303073622643247824624558291531504050909099207837726631334847335698455690,0.9745,0.974461,-3.9e-05,1251312.6,41409.37
2026-09-28T12:09:50.107115+00:00,565064,Will the Republicans win the 2028 US Presidential Election?,Yes,67109747366255871599717338045111308888043498275177238365560740200996017915657,0.345,0.345,0.0,1227608.65,266337.56
2026-09-28T12:09:50.454239+00:00,565064,Will the Republicans win the 2028 US Presidential Election?,No,103845791232328975452762372781150730610824357544180691092497335946993481308222,0.655,0.655,0.0,1227608.65,266337.56
2026-09-28T12:09:51.077400+00:00,1357389,Will the Los Angeles Rams win the 2027 NFL league championship?,Yes,43352642039302747588938905555385017655344819959150117270669936414308468726872,0.105,0.105875,0.000875,1222182.05,158653.45
2026-09-28T12:09:51.410400+00:00,1357389,Will the Los Angeles Rams win the 2027 NFL league championship?,No,28468320524436456029317358202625636991963165476882735910405095309772884444178,0.895,0.894125,-0.000875,1222182.05,158653.45
2026-09-28T12:09:51.749993+00:00,565065,Will the Democrats win the 2028 US Presidential Election?,Yes,49084048476353771153083262278964615095037480324537117350127265918750912547378,0.645,0.64579,0.00079,1220264.33,252328.18
2026-09-28T12:09:52.087707+00:00,565065,Will the Democrats win the 2028 US Presidential Election?,No,1376044590327709616459174469529480611299625159235587466149878628404281805565,0.355,0.353989,-0.001011,1220264.33,252328.18
2026-09-28T12:09:52.723164+00:00,1365861,Will Flávio Bolsonaro finish in second place in the first round of the 2026 Brazilian presidential election?,Yes,49821065181473419798146957267480015506102711160660718636601116902870701340131,0.76,0.759554,-0.000446,1216736.35,70459.65
2026-09-28T12:09:53.086594+00:00,1365861,Will Flávio Bolsonaro finish in second place in the first round of the 2026 Brazilian presidential election?,No,40248862204095545824507770609491521282553259429991780219438297794719904718932,0.24,0.240446,0.000446,1216736.35,70459.65
2026-09-28T12:09:53.739060+00:00,2853074,Bab el-Mandeb Strait effectively closed by December 31?,Yes,43976511902268111041633866799555037330317427315454056847054364885183934986197,0.185,0.185,0.0,1208478.07,92020.05
2026-09-28T12:09:54.109132+00:00,2853074,Bab el-Mandeb Strait effectively closed by December 31?,No,33460385394344753109351907923235209397225125746318923726067817676780036931403,0.815,0.815,0.0,1208478.07,92020.05
2026-09-28T12:09:54.435950+00:00,701491,"Will Bitcoin reach $150,000 by December 31, 2026?",Yes,9408196828451163378822245032645030045707991112669125056198742225498158094445,0.0345,0.0345,0.0,1204718.75,109497.29
2026-09-28T12:09:54.796214+00:00,701491,"Will Bitcoin reach $150,000 by December 31, 2026?",No,51483905306465811734319720696244063650497726569976526242005911027664652328096,0.9655,0.9655,0.0,1204718.75,109497.29
2026-09-28T12:09:55.144153+00:00,1357399,Will the Seattle Seahawks win the 2027 NFL league championship?,Yes,44921620302443755066232904216706419654951291213279649386577553092891642701355,0.075,0.075,0.0,1199585.3,171358.49
2026-09-28T12:09:55.516447+00:00,1357399,Will the Seattle Seahawks win the 2027 NFL league championship?,No,108653605515870936645618227692502841707998202104516753146823247672070536516170,0.925,0.925,0.0,1199585.3,171358.49
2026-09-28T12:09:55.856547+00:00,701492,"Will Bitcoin reach $140,000 by December 31, 2026?",Yes,71296910957902084356560391757722633648005498400799774895345285101862220728868,0.0445,0.04462,0.00012,1198399.61,100237.88
2026-09-28T12:09:56.222541+00:00,701492,"Will Bitcoin reach $140,000 by December 31, 2026?",No,70543103071492972645151283689391729699226843216132833577173691542490654530110,0.9555,0.95538,-0.00012,1198399.61,100237.88
2026-09-28T12:09:56.579702+00:00,3866000,"Will Ethereum dip to $2,250 by December 31, 2026?",Yes,66335306745821529065179061745515953781644081595464464996921948603911228936814,0.305,0.302694,-0.002306,1193597.64,46282.47
2026-09-28T12:09:56.928578+00:00,3866000,"Will Ethereum dip to $2,250 by December 31, 2026?",No,63382519856399132244485492020084100091374236550290181904952415637486462703240,0.695,0.697306,0.002306,1193597.64,46282.47
2026-09-28T12:09:57.240442+00:00,694940,Will GitLab be acquired before 2027?,Yes,78229401955179772346633280675438287183628102967234404539478345545004251094928,0.058,0.058032,3.2e-05,1191605.33,2511.31
2026-09-28T12:09:57.605342+00:00,694940,Will GitLab be acquired before 2027?,No,42718002437679987995641088066046545871003504244898724347868454522650727835167,0.942,0.941968,-3.2e-05,1191605.33,2511.31
2026-09-28T12:09:58.261431+00:00,3501950,Strait of Hormuz traffic returns to normal by October 31?,Yes,65318042793305154928481822061228422214615698483328483747495637152414701080541,0.065,0.05418,-0.01082,1182359.26,101255.38
2026-09-28T12:09:58.599461+00:00,3501950,Strait of Hormuz traffic returns to normal by October 31?,No,112428165813371561912833460698436648539922320261306010177252036814838759682453,0.935,0.94582,0.01082,1182359.26,101255.38
2026-09-28T12:09:58.940071+00:00,1349167,Will San Jose Earthquakes win the 2026 MLS Cup?,Yes,81119773052891775821920721095385802155330895016204596516121823281272853716086,0.021,0.021,0.0,1179223.18,24065.61
2026-09-28T12:09:59.279807+00:00,1349167,Will San Jose Earthquakes win the 2026 MLS Cup?,No,53994188756838304898057895570089385957560965446003235191270269241092098432636,0.979,0.979,0.0,1179223.18,24065.61
2026-09-28T12:09:59.919594+00:00,1393318,Predict.fun FDV above $200M one day after launch?,Yes,110169034215768610667371569393261003496751585492880635411276496208130195056884,0.765,0.765,0.0,1166624.81,34436.18
2026-09-28T12:10:00.270805+00:00,1393318,Predict.fun FDV above $200M one day after launch?,No,107542516153427244812049249983593386082083406501289000557057937038402234562196,0.235,0.235,0.0,1166624.81,34436.18
2026-09-28T12:10:00.643047+00:00,1393319,Predict.fun FDV above $300M one day after launch?,Yes,111418219797400062581536324496263222919277747493681884041924643375029037449745,0.72,0.720395,0.000395,1166185.74,32761.12
2026-09-28T12:10:00.987152+00:00,1393319,Predict.fun FDV above $300M one day after launch?,No,63710889789339586153799622451711043622804652800354892440817390531393197961941,0.28,0.279605,-0.000395,1166185.74,32761.12
2026-09-28T12:10:01.708588+00:00,1469734,Will there be no Head of State in Iran end of 2026?,Yes,46737595588538785221040143451401435150985932684129375912985868128718669274118,0.0475,0.0475,0.0,1163561.75,71597.09
2026-09-28T12:10:02.098783+00:00,1469734,Will there be no Head of State in Iran end of 2026?,No,96773953960313048340895711765817431775606353405814859249629785260485292633238,0.9525,0.9525,0.0,1163561.75,71597.09
2026-09-28T12:10:02.420990+00:00,1294368,"Will Gold (GC) hit (HIGH) $6,000 by end of December?",Yes,79773570476744632615747480307256906441402089435470166694872527952303027818942,0.085,0.085,0.0,1156254.35,69456.43
2026-09-28T12:10:02.751347+00:00,1294368,"Will Gold (GC) hit (HIGH) $6,000 by end of December?",No,57387274828031262660486557812863866267296282062465522136167391501230739962676,0.915,0.915,0.0,1156254.35,69456.43
2026-09-28T12:10:03.104487+00:00,630772,Will the Democrats win the Maine Senate race in 2026?,Yes,7589880081658059374445882095611024032084645048848237404312287942463647821549,0.595,0.59614,0.00114,1153744.83,104252.5
2026-09-28T12:10:03.437019+00:00,630772,Will the Democrats win the Maine Senate race in 2026?,No,6136336712352911156426560180855478229745540927722899997193789497766196705020,0.405,0.40386,-0.00114,1153744.83,104252.5
2026-09-28T12:10:03.749587+00:00,4052417,"Will Bitcoin reach $90,000 in September?",Yes,109310241204748219450206481030209385302693105169008720334568386742768385563899,0.0235,0.023371,-0.000129,1152625.53,101550.91
2026-09-28T12:10:04.122924+00:00,4052417,"Will Bitcoin reach $90,000 in September?",No,21164311782025361639338919864638388434077877389091169845133206760657732867402,0.9765,0.975731,-0.000769,1152625.53,101550.91
2026-09-28T12:10:04.458636+00:00,1235552,Will the Cleveland Guardians win the 2026 World Series?,Yes,86836855507912353672331273895741550012643122260675758564432763672972116051156,0.0635,0.06359,9e-05,1152111.43,97429.72
2026-09-28T12:10:04.854764+00:00,1235552,Will the Cleveland Guardians win the 2026 World Series?,No,21005232080146912819588519036283574999557774043585211746019489918059412624743,0.9365,0.936387,-0.000113,1152111.43,97429.72
2026-09-28T12:10:05.471976+00:00,1321564,Will Anthropic have the highest IPO Market Cap 2026?,Yes,21209890653812186814248619913047412762177779312349880099050240669177189381593,0.4335,0.432571,-0.000929,1142437.49,14996.03
2026-09-28T12:10:05.852242+00:00,1321564,Will Anthropic have the highest IPO Market Cap 2026?,No,37461417265919800563099829598896496437436229231955379584818921535241120965562,0.5665,0.566522,2.2e-05,1142437.49,14996.03
2026-09-28T12:10:06.476551+00:00,3120760,"NATO x Russia military clash by October 31, 2026?",Yes,90103249718343334756773580827701144244122903469501608441410963092372041632343,0.145,0.145,0.0,1136168.18,212205.54
2026-09-28T12:10:06.802927+00:00,3120760,"NATO x Russia military clash by October 31, 2026?",No,66797176836865406644675050248194264952001579179703527537658211196864343226792,0.855,0.855,0.0,1136168.18,212205.54
2026-09-28T12:10:07.121313+00:00,1469754,Will Mahmoud Ahmadinejad be head of state in Iran end of 2026?,Yes,89974685609098808755854367630091386804795305974823550976721901844367211884750,0.0115,0.02,0.0085,1132123.02,36398.1
2026-09-28T12:10:07.449903+00:00,1469754,Will Mahmoud Ahmadinejad be head of state in Iran end of 2026?,No,66205920612209141344389539613201464673915400667247839651655338520033425733054,0.9885,0.98,-0.0085,1132123.02,36398.1
2026-09-28T12:10:07.791392+00:00,898660,Will Mercedes be the 2026 F1 Constructors' Champion?,Yes,94922529932212500419231547100981162651595923093160689242276879357678594265586,0.9645,0.9645,0.0,1128985.3,29804.59
2026-09-28T12:10:08.155572+00:00,898660,Will Mercedes be the 2026 F1 Constructors' Champion?,No,115463251310432313770716629825102100387287284111396008305396488867667653800833,0.0355,0.0355,0.0,1128985.3,29804.59
2026-09-28T12:10:08.469243+00:00,1119647,"New ""Stranger Things"" episode released by December 31? ",Yes,32659009526475659897371564072228315909246519607913270143285466073749111434555,0.0245,0.0245,0.0,1127398.02,107715.94
2026-09-28T12:10:08.839499+00:00,1119647,"New ""Stranger Things"" episode released by December 31? ",No,10105539096912125754945219132443212006120433983212241754837541219242285144869,0.9755,0.9755,0.0,1127398.02,107715.94
2026-09-28T12:10:09.163290+00:00,716823,Extended FDV above $500M one day after launch?,Yes,46188547148926039629401836600536046235686521298444227481497804189293437954585,0.24,0.24,0.0,1124988.72,39291.83
2026-09-28T12:10:09.498466+00:00,716823,Extended FDV above $500M one day after launch?,No,82602660145816983597759834939693810537963724524643257094669993346725109035260,0.76,0.76,0.0,1124988.72,39291.83
2026-09-28T12:10:09.815124+00:00,4052418,"Will Bitcoin reach $87,500 in September?",Yes,93102073593745160534123412868713328176360151139344483198023062751009656599915,0.105,0.09764,-0.00736,1124274.94,89767.37
2026-09-28T12:10:10.153628+00:00,4052418,"Will Bitcoin reach $87,500 in September?",No,4154193998817736104851866613650963230068092479669344695639193833815805918087,0.895,0.90236,0.00736,1124274.94,89767.37
2026-09-28T19:36:38.265593+00:00,665374,Will the U.S. invade Iran before 2027?,Yes,55115078421062885512539156303747803058407616201213034911037320915726138659123,0.145,0.145892,0.000892,69919884.51,867298.73
2026-09-28T19:36:38.483080+00:00,665374,Will the U.S. invade Iran before 2027?,No,1910830010387565971650098373488592514702818137344973088263643820608151819241,0.855,0.854108,-0.000892,69919884.51,867298.73
2026-09-28T19:36:38.737377+00:00,703258,Will Jesus Christ return before 2027?,Yes,69324317355037271422943965141382095011871956039434394956830818206664869608517,0.0165,0.02,0.0035,66094560.9,529267.56
2026-09-28T19:36:38.975605+00:00,703258,Will Jesus Christ return before 2027?,No,51797157743046504218541616681751597845468055908324407922581755135522797852101,0.9835,0.98,-0.0035,66094560.9,529267.56
2026-09-28T19:36:42.202735+00:00,567621,Will China invade Taiwan by end of 2026?,Yes,94559586571241563470235664821564670251180951772614764383113614156422396181162,0.0345,0.0345,0.0,42978017.54,602080.53
2026-09-28T19:36:42.523002+00:00,567621,Will China invade Taiwan by end of 2026?,No,90772332434487149264114862115632028379978765245278600275169585501290867536237,0.9655,0.9655,0.0,42978017.54,602080.53
2026-09-28T19:36:44.037149+00:00,703257,Will the US confirm that aliens exist before 2027?,Yes,107505882767731489358349912513945399560393482969656700824895970500493757150417,0.0355,0.03563,0.00013,39888385.79,874971.65
2026-09-28T19:36:44.264284+00:00,703257,Will the US confirm that aliens exist before 2027?,No,7305630249804085635496399869905769372294302716159034447326228509068694952392,0.9645,0.96437,-0.00013,39888385.79,874971.65
2026-09-28T19:36:45.937912+00:00,997488,Will Trump acquire Greenland before 2027?,Yes,5161623255678193352839985156330393796378434470119114669671615782853260939535,0.027,0.027057,5.7e-05,35588041.11,218795.48
2026-09-28T19:36:46.172210+00:00,997488,Will Trump acquire Greenland before 2027?,No,57216272564529548464686463691236811991956032201293786790337952253964682584376,0.973,0.972943,-5.7e-05,35588041.11,218795.48
2026-09-28T19:36:49.144289+00:00,2063132,Will Demeke Mekonnen be the next Prime Minister of Ethiopia?,Yes,2782564244692790193407832532237218722544517902619602647018377360625351910716,0.014,0.02,0.006,29330600.54,22634.24
2026-09-28T19:36:49.430980+00:00,2063132,Will Demeke Mekonnen be the next Prime Minister of Ethiopia?,No,100810872307019720237998809617641705524940094430787348748697558959574587826450,0.986,0.98,-0.006,29330600.54,22634.24
2026-09-28T19:36:50.383676+00:00,559652,Will Gavin Newsom win the 2028 Democratic presidential nomination?,Yes,54533043819946592547517511176940999955633860128497669742211153063842200957669,0.1735,0.172124,-0.001376,27796932.13,420971.07
2026-09-28T19:36:50.659094+00:00,559652,Will Gavin Newsom win the 2028 Democratic presidential nomination?,No,87854174148074652060467921081181402357467303721471806610111179101805869578687,0.8265,0.827876,0.001376,27796932.13,420971.07
2026-09-28T19:36:51.295084+00:00,663583,Will the Iranian regime fall before 2027?,Yes,10991849228756847439673778874175365458450913336396982752046655649803657501964,0.065,0.065,0.0,26379077.22,680986.46
2026-09-28T19:36:51.541528+00:00,663583,Will the Iranian regime fall before 2027?,No,106181075047366745139197108801635573283215248045056329679360376976893016488727,0.935,0.935,0.0,26379077.22,680986.46
2026-09-28T19:36:52.518241+00:00,559675,Will Jon Stewart win the 2028 Democratic presidential nomination?,Yes,58343456405874365460518182619380252930558598368174305791768670198253267891911,0.0135,0.02,0.0065,24803721.33,318291.2
2026-09-28T19:36:52.806718+00:00,559675,Will Jon Stewart win the 2028 Democratic presidential nomination?,No,84566561349071752664514432513198569980219178901068420341175150225620958953893,0.9865,0.98,-0.0065,24803721.33,318291.2
2026-09-28T19:36:53.140670+00:00,1163699,Clarity Act (H.R.3633) signed into law in 2026?,Yes,35198549486569600595408965368290795524428922595732253580266052028158040373233,0.053,0.053267,0.000267,23226365.29,402717.57
2026-09-28T19:36:53.375141+00:00,1163699,Clarity Act (H.R.3633) signed into law in 2026?,No,29633826701713552120011280893309822625942861174174976276686142480636225243753,0.947,0.946733,-0.000267,23226365.29,402717.57
2026-09-28T19:36:54.142341+00:00,560317,"Putin out as President of Russia by December 31, 2026?",Yes,350977769852917329387037893294763093471844346281449484439085576212613048126,0.0375,0.037541,4.1e-05,22223606.33,759857.94
2026-09-28T19:36:54.370988+00:00,560317,"Putin out as President of Russia by December 31, 2026?",No,87073899845581463485186346288398658568334162612963837182986759797304993556208,0.9625,0.962459,-4.1e-05,22223606.33,759857.94
2026-09-28T19:36:55.807807+00:00,561989,Will Ted Cruz win the 2028 Republican presidential nomination?,Yes,75602319799101799832214450648958470414659751617273540482126444460192042893239,0.0195,0.02,0.0005,19511229.35,823423.16
2026-09-28T19:36:56.067423+00:00,561989,Will Ted Cruz win the 2028 Republican presidential nomination?,No,67427191791815068910367164354907762897739120962449893449251138341231627575633,0.9805,0.98,-0.0005,19511229.35,823423.16
2026-09-28T19:36:56.433847+00:00,561237,Will Andy Beshear win the 2028 US Presidential Election?,Yes,50507496430692162923857760920722624157737138256097150616293040054748564876552,0.013,0.02,0.007,19238616.13,305919.48
2026-09-28T19:36:56.657215+00:00,561237,Will Andy Beshear win the 2028 US Presidential Election?,No,53112547591746110422238703365888013497196468199611167129486770819598374380742,0.987,0.98,-0.007,19238616.13,305919.48
2026-09-28T19:36:57.187956+00:00,561230,Will Gavin Newsom win the 2028 US Presidential Election?,Yes,98250445447699368679516529207365255018790721464590833209064266254238063117329,0.0765,0.076265,-0.000235,18476256.74,331702.43
2026-09-28T19:36:57.471335+00:00,561230,Will Gavin Newsom win the 2028 US Presidential Election?,No,18823838997443878656879952590502524526556504037944392973476854588563571859850,0.9235,0.923735,0.000235,18476256.74,331702.43
2026-09-28T19:36:57.751124+00:00,2155000,Hantavirus pandemic in 2026?,Yes,51508280778202349361616850684455231843716212176724253736363122559269229712002,0.0255,0.0255,0.0,18446586.24,175539.01
2026-09-28T19:36:57.999328+00:00,2155000,Hantavirus pandemic in 2026?,No,95212449865986159112377413335252801281670333750637442556685159781445406848396,0.9745,0.9745,0.0,18446586.24,175539.01
2026-09-28T19:36:58.138706+00:00,559656,Will Wes Moore win the 2028 Democratic presidential nomination?,Yes,90227223115596293448966158151606153337847900483048338623540402385929720677904,0.02,0.02,0.0,18428959.47,281394.04
2026-09-28T19:36:58.430013+00:00,559656,Will Wes Moore win the 2028 Democratic presidential nomination?,No,105134691322323565615831879054043168027913414000042547943201361115853277749482,0.98,0.98,0.0,18428959.47,281394.04
2026-09-28T19:36:58.747309+00:00,559668,Will Mark Kelly win the 2028 Democratic presidential nomination?,Yes,92325249719485031139867422012514654102580961954747753469470405147070256604118,0.027,0.027119,0.000119,17658951.88,296136.7
2026-09-28T19:36:59.003325+00:00,559668,Will Mark Kelly win the 2028 Democratic presidential nomination?,No,5116999494213083595175041146469973274436003044730013359502912125889113751080,0.973,0.972881,-0.000119,17658951.88,296136.7
2026-09-28T19:36:59.561233+00:00,561229,Will JD Vance win the 2028 US Presidential Election?,Yes,16040015440196279900485035793550429453516625694844857319147506590755961451627,0.2075,0.2075,0.0,16505333.52,441172.04
2026-09-28T19:36:59.841326+00:00,561229,Will JD Vance win the 2028 US Presidential Election?,No,94476829201604408463453426454480212459887267917122244941405244686637914508323,0.7925,0.7925,0.0,16505333.52,441172.04
2026-09-28T19:37:00.242640+00:00,559663,Will J.B. Pritzker win the 2028 Democratic presidential nomination?,Yes,103988345069738240821107916249290759786442703283901164377120414690701074137717,0.0135,0.02,0.0065,15769144.7,403256.68
2026-09-28T19:37:00.487876+00:00,559663,Will J.B. Pritzker win the 2028 Democratic presidential nomination?,No,108650988487983371520585351370999192979899647080710024226285750050382033453124,0.9865,0.98,-0.0065,15769144.7,403256.68
2026-09-28T19:37:00.704176+00:00,561974,Will J.D. Vance win the 2028 Republican presidential nomination?,Yes,40081275558852222228080198821361202017557872256707631666334039001378518619916,0.508,0.508134,0.000134,15723904.14,348558.47
2026-09-28T19:37:00.952188+00:00,561974,Will J.D. Vance win the 2028 Republican presidential nomination?,No,78633590736077251574794513664747155551297291244492840448622550955320930591622,0.492,0.491866,-0.000134,15723904.14,348558.47
2026-09-28T19:37:01.420877+00:00,561979,Will Ron DeSantis win the 2028 Republican presidential nomination?,Yes,12127975650736113116407758794754973741525044713193258995588171654429754588610,0.0285,0.0285,0.0,15573078.4,373895.93
2026-09-28T19:37:01.660220+00:00,561979,Will Ron DeSantis win the 2028 Republican presidential nomination?,No,95344728193244020854716971584323868633691370479151373416918812532794690491367,0.9715,0.9715,0.0,15573078.4,373895.93
2026-09-28T19:37:01.800030+00:00,559653,Will Alexandria Ocasio-Cortez win the 2028 Democratic presidential nomination?,Yes,107064985435494333113391038470401719113272800530429703182710416066774068907304,0.1855,0.185115,-0.000385,15311349.06,359091.42
2026-09-28T19:37:02.038063+00:00,559653,Will Alexandria Ocasio-Cortez win the 2028 Democratic presidential nomination?,No,65176072261324737856085688071627118509549293922582857186996392180609764586527,0.8145,0.814885,0.000385,15311349.06,359091.42
2026-09-28T19:37:02.449394+00:00,559669,Will Rahm Emanuel win the 2028 Democratic presidential nomination?,Yes,10521981432803570450946212503203364998108630328528216082760514453664705157397,0.0205,0.020596,9.6e-05,14589532.18,852411.18
2026-09-28T19:37:02.745088+00:00,559669,Will Rahm Emanuel win the 2028 Democratic presidential nomination?,No,91949042216127305292438280992722171735754548787382833799906976841509942727662,0.9795,0.979404,-9.6e-05,14589532.18,852411.18
2026-09-28T19:37:02.892181+00:00,561253,Will Tucker Carlson win the 2028 US Presidential Election?,Yes,45015916581148592087728250896178171120552786117190685135618507471166113474733,0.0175,0.02,0.0025,14284023.33,290578.41
2026-09-28T19:37:03.122652+00:00,561253,Will Tucker Carlson win the 2028 US Presidential Election?,No,5353194854864999214467212176625447374807704051407621946584152368216621932371,0.9825,0.98,-0.0025,14284023.33,290578.41
2026-09-28T19:37:03.695853+00:00,559651,Xi Jinping out before 2027?,Yes,32338220190071351435772801779725302244575775216413325951443816017994629993401,0.0355,0.0355,0.0,14074578.58,582200.63
2026-09-28T19:37:03.940628+00:00,559651,Xi Jinping out before 2027?,No,25659310674993675562345759665114759892400026242514633218387667107987341231962,0.9645,0.9645,0.0,14074578.58,582200.63
2026-09-28T19:37:04.405819+00:00,561996,Will Tucker Carlson win the 2028 Republican presidential nomination?,Yes,78994573210477487932611223094751007094801552166562252085708682076112788032998,0.0315,0.031545,4.5e-05,13812086.62,242672.75
2026-09-28T19:37:04.647399+00:00,561996,Will Tucker Carlson win the 2028 Republican presidential nomination?,No,8140793935596394912663577132141762112024484538385519683062085870219967913900,0.9685,0.968455,-4.5e-05,13812086.62,242672.75
2026-09-28T19:37:04.768040+00:00,561231,Will Alexandria Ocasio-Cortez win the 2028 US Presidential Election?,Yes,8113830512143065501177519557124858581375945005490796772950589720955457782465,0.1315,0.1315,0.0,13699291.72,357801.78
2026-09-28T19:37:05.004676+00:00,561231,Will Alexandria Ocasio-Cortez win the 2028 US Presidential Election?,No,11493926619286817179231142642565394485790380952577225820901334479399429951651,0.8685,0.8685,0.0,13699291.72,357801.78
2026-09-28T19:37:05.360423+00:00,559658,Will Kamala Harris win the 2028 Democratic presidential nomination?,Yes,38171024903091354977195167437673496224420673639143973968032407064172828043588,0.0635,0.0635,0.0,13564852.92,304085.37
2026-09-28T19:37:05.585807+00:00,559658,Will Kamala Harris win the 2028 Democratic presidential nomination?,No,26930844951471612827925270830087046333229637930899178134435055616497220846773,0.9365,0.9365,0.0,13564852.92,304085.37
2026-09-28T19:37:05.801054+00:00,2176270,Strait of Hormuz traffic returns to normal by December 31?,Yes,83783489454659420807679723574840032660002326710045123865554753994450797728825,0.235,0.232973,-0.002027,13451283.75,256125.99
2026-09-28T19:37:06.052069+00:00,2176270,Strait of Hormuz traffic returns to normal by December 31?,No,48727431314333088243693016929623363710488980152833544156961659445129455301311,0.765,0.767027,0.002027,13451283.75,256125.99
2026-09-28T19:37:06.229798+00:00,559660,Will Andy Beshear win the 2028 Democratic presidential nomination?,Yes,26468656392978559668331516709623917078428425933265692717836103090220693717685,0.0275,0.02748,-2e-05,13295035.6,516680.27
2026-09-28T19:37:06.467289+00:00,559660,Will Andy Beshear win the 2028 Democratic presidential nomination?,No,26335362363448644358593284423242327477307616743233875606762153873424287882825,0.9725,0.97252,2e-05,13295035.6,516680.27
2026-09-28T19:37:06.626926+00:00,559661,Will Jon Ossoff win the 2028 Democratic presidential nomination?,Yes,70071592420137476676935286377781779672157004436137616627487590484756055232944,0.1545,0.154417,-8.3e-05,13108985.64,274835.86
2026-09-28T19:37:06.871302+00:00,559661,Will Jon Ossoff win the 2028 Democratic presidential nomination?,No,107829893465244243112531790315844862173967342141753896250561816305880797209350,0.8455,0.845583,8.3e-05,13108985.64,274835.86
2026-09-28T19:37:07.463750+00:00,561246,Will Ron DeSantis win the 2028 US Presidential Election?,Yes,104480514270625615787868282411330496385404675495672110015326625654626015018993,0.019,0.02,0.001,12630253.28,193578.92
2026-09-28T19:37:07.724209+00:00,561246,Will Ron DeSantis win the 2028 US Presidential Election?,No,65724430065358897810064400118831287249960059855415477063660293398018349529272,0.981,0.98,-0.001,12630253.28,193578.92
2026-09-28T19:37:07.869293+00:00,561234,Will Marco Rubio win the 2028 US Presidential Election?,Yes,11171618905857319805355893398009978356002287408842633593535559412449299952250,0.0875,0.0875,0.0,12589549.29,263240.3
2026-09-28T19:37:08.173118+00:00,561234,Will Marco Rubio win the 2028 US Presidential Election?,No,65892530750232246342273648992064742042382898919201083513241874070914353628268,0.9125,0.9125,0.0,12589549.29,263240.3
2026-09-28T19:37:08.468236+00:00,601819,Will Luiz Inácio Lula da Silva win the 2026 Brazilian presidential election?,Yes,30630994248667897740988010928640156931882346081873066002335460180076741328029,0.415,0.41614,0.00114,12524995.36,308696.35
2026-09-28T19:37:08.698940+00:00,601819,Will Luiz Inácio Lula da Silva win the 2026 Brazilian presidential election?,No,79191939610100241429039499950443680906623179487184628479206155805558220344190,0.585,0.58386,-0.00114,12524995.36,308696.35
2026-09-28T19:37:08.960158+00:00,559686,Will Dwayne 'The Rock' Johnson win the 2028 Democratic presidential nomination?,Yes,40963724357262746498642320898188195118391211877976821531149510360187173789737,0.0115,0.02,0.0085,12515478.46,859030.53
2026-09-28T19:37:09.217286+00:00,559686,Will Dwayne 'The Rock' Johnson win the 2028 Democratic presidential nomination?,No,14959910401705469574520698331840889689202579612030624016640567510369602599866,0.9885,0.98,-0.0085,12515478.46,859030.53
2026-09-28T19:37:09.368289+00:00,601826,Will Flávio Bolsonaro win the 2026 Brazilian presidential election?,Yes,109876868437950584369987384406356259939519193117253465815665152916226511121427,0.5795,0.578525,-0.000975,12161110.74,377257.71
2026-09-28T19:37:09.587728+00:00,601826,Will Flávio Bolsonaro win the 2026 Brazilian presidential election?,No,38310927461258927563020508025396887688249787380193911540547071417200646834355,0.4205,0.421475,0.000975,12161110.74,377257.71
2026-09-28T19:37:09.754285+00:00,559654,Will Pete Buttigieg win the 2028 Democratic presidential nomination?,Yes,91031279171981959197361710127213577102576826515163085396576756946418341946256,0.0495,0.0495,0.0,12141475.07,368944.33
2026-09-28T19:37:10.033206+00:00,559654,Will Pete Buttigieg win the 2028 Democratic presidential nomination?,No,18494065527924073750217237765784380365430319396356251245973222791140100738948,0.9505,0.9505,0.0,12141475.07,368944.33
2026-09-28T19:37:10.393927+00:00,666861,Trump out as President before 2027?,Yes,59252515735652674747158950210016502214756531287333895140318848923768750410355,0.045,0.045,0.0,11995637.0,356078.7
2026-09-28T19:37:10.691456+00:00,666861,Trump out as President before 2027?,No,2849827372590072151380088930233312280478318575453624773762283369907909283027,0.955,0.955,0.0,11995637.0,356078.7
2026-09-28T19:37:10.958311+00:00,1472548,Will Reza Pahlavi lead Iran in 2026?,Yes,104932610032177696635191871147557737718087870958469629338467406422339967452218,0.032,0.032,0.0,11767872.87,96242.85
2026-09-28T19:37:11.227722+00:00,1472548,Will Reza Pahlavi lead Iran in 2026?,No,96214953624495509683027302209340859673097705517450500531670409012928242777230,0.968,0.968,0.0,11767872.87,96242.85
2026-09-28T19:37:11.559578+00:00,559694,Will Ro Khanna win the 2028 Democratic presidential nomination?,Yes,20374050108659687356429749447884880983779889840007423115803042125707701269498,0.0135,0.02,0.0065,11308460.37,381149.27
2026-09-28T19:37:11.785359+00:00,559694,Will Ro Khanna win the 2028 Democratic presidential nomination?,No,2610336024939503976910443133965525155112118948066646227040491461288298872236,0.9865,0.98,-0.0065,11308460.37,381149.27
2026-09-28T19:37:12.493771+00:00,1126504,Will the US acquire part of Greenland in 2026?,Yes,60745476350338574489643206785963608049827415658137795738920858026399504782388,0.0205,0.020479,-2.1e-05,10883007.27,61233.12
2026-09-28T19:37:12.732176+00:00,1126504,Will the US acquire part of Greenland in 2026?,No,104895545296438735617666172336621441242754294947987367085791779928220778311973,0.9795,0.979521,2.1e-05,10883007.27,61233.12
2026-09-28T19:37:12.858856+00:00,559695,Will James Talarico win the 2028 Democratic presidential nomination?,Yes,52535923606561722941567320365820395300598958985353103429657683100920373025261,0.0205,0.0205,0.0,10713495.57,256868.58
2026-09-28T19:37:13.102514+00:00,559695,Will James Talarico win the 2028 Democratic presidential nomination?,No,20643805904661385280242837899001038341346631607217619709766724611396929658707,0.9795,0.9795,0.0,10713495.57,256868.58
2026-09-28T19:37:13.316269+00:00,561975,Will Marco Rubio win the 2028 Republican presidential nomination?,Yes,13565458761220145250977753098276900790902214604876327357986816739576288755859,0.1565,0.156332,-0.000168,10695843.05,318773.06
2026-09-28T19:37:13.590779+00:00,561975,Will Marco Rubio win the 2028 Republican presidential nomination?,No,75720156002519829912361786945091022242706922246722836126941546028340974330171,0.8435,0.843668,0.000168,10695843.05,318773.06
2026-09-28T19:37:13.748039+00:00,561243,Will Donald Trump win the 2028 US Presidential Election?,Yes,11807691644868166983390207408868795383945915035851758101409310535538572683733,0.0115,0.02,0.0085,10651188.59,717328.22
2026-09-28T19:37:13.998672+00:00,561243,Will Donald Trump win the 2028 US Presidential Election?,No,72656506786460378316387284276713856836841708169262528054985577978493419440428,0.9885,0.98,-0.0085,10651188.59,717328.22
2026-09-28T19:37:15.343917+00:00,559655,Will Josh Shapiro win the 2028 Democratic presidential nomination?,Yes,71169839497420596285841847514123589847893415750912355173877524195175834054354,0.0615,0.0615,0.0,10054425.18,281438.55
2026-09-28T19:37:15.615594+00:00,559655,Will Josh Shapiro win the 2028 Democratic presidential nomination?,No,55290827599553280245963175724940496753557722439999671239772487781170052583987,0.9385,0.9385,0.0,10054425.18,281438.55
2026-09-28T19:37:15.871434+00:00,561978,Will Donald Trump Jr. win the 2028 Republican presidential nomination?,Yes,96972794085445478502118386209219626048407104930213167197946285611747327241358,0.0185,0.02,0.0015,9679590.37,586405.91
2026-09-28T19:37:16.094169+00:00,561978,Will Donald Trump Jr. win the 2028 Republican presidential nomination?,No,17764541728623556463430129981248514099360802330077857891779810164830347138778,0.9815,0.98,-0.0015,9679590.37,586405.91
2026-09-28T19:37:16.331773+00:00,561973,Will Donald Trump win the 2028 Republican presidential nomination?,Yes,3039641309958397001906153616677074061284510636204155275446291716739429262374,0.018,0.02,0.002,9607940.43,379104.09
2026-09-28T19:37:16.563756+00:00,561973,Will Donald Trump win the 2028 Republican presidential nomination?,No,27828976648682466778776999076215423777766972981338264154049603024771135223200,0.982,0.98,-0.002,9607940.43,379104.09
2026-09-28T19:37:17.108671+00:00,561239,Will Kamala Harris win the 2028 US Presidential Election?,Yes,70663352401606372246362604193214664065595751757222752105245221905399175050480,0.0405,0.0405,0.0,9087320.57,367154.43
2026-09-28T19:37:17.379350+00:00,561239,Will Kamala Harris win the 2028 US Presidential Election?,No,4988819538339626436114997160558538168652916536529198363646261454228218983102,0.9595,0.9595,0.0,9087320.57,367154.43
2026-09-28T19:37:18.133734+00:00,616902,Will no Fed rate cuts happen in 2026?,Yes,12403602920039269077597917340921667997547115084613238528792639013246536343316,0.9695,0.96921,-0.00029,8646537.87,565408.82
2026-09-28T19:37:18.374738+00:00,616902,Will no Fed rate cuts happen in 2026?,No,21294592205022969346730955103773391901993330222644504059576935265667917187903,0.0305,0.03079,0.00029,8646537.87,565408.82
2026-09-28T19:37:19.121320+00:00,561252,Will Dwayne 'The Rock' Johnson win the 2028 US Presidential Election?,Yes,76252402837334795047528042167618984089231134882494719641438604550246396692717,0.016,0.02,0.004,8421778.25,182154.78
2026-09-28T19:37:19.346248+00:00,561252,Will Dwayne 'The Rock' Johnson win the 2028 US Presidential Election?,No,82779978600617806806814031291287454099780828258739355925042203335968508676880,0.984,0.98,-0.004,8421778.25,182154.78
2026-09-28T19:37:19.495417+00:00,561232,Will Pete Buttigieg win the 2028 US Presidential Election?,Yes,35629456194498013232473191985311930903993567273832459837879398120893197410860,0.0275,0.0275,0.0,8348700.93,476625.17
2026-09-28T19:37:19.724942+00:00,561232,Will Pete Buttigieg win the 2028 US Presidential Election?,No,26087406687932108531005204502244492184534000122992461059156880611150953145122,0.9725,0.9725,0.0,8348700.93,476625.17
2026-09-28T19:37:20.073299+00:00,701502,"Will Bitcoin dip to $45,000 by December 31, 2026?",Yes,9894510651052373088408067031031513212801618531203062911959630395716258202132,0.0435,0.043686,0.000186,8067367.0,352023.35
2026-09-28T19:37:20.331400+00:00,701502,"Will Bitcoin dip to $45,000 by December 31, 2026?",No,20326394798700413571801660749437036272627203479853632032510011746755865615562,0.9565,0.956314,-0.000186,8067367.0,352023.35
2026-09-28T19:37:20.776805+00:00,694936,Will Nebius Group be acquired before 2027?,Yes,111459230416043857818772115954120316062080149477780988827460623382161213865425,0.024,0.024032,3.2e-05,7960312.9,12483.64
2026-09-28T19:37:21.053250+00:00,694936,Will Nebius Group be acquired before 2027?,No,36013073749520466956881727893519980198380939375916480505403995761194037240269,0.976,0.975968,-3.2e-05,7960312.9,12483.64
2026-09-28T19:37:21.807606+00:00,561233,Will Josh Shapiro win the 2028 US Presidential Election?,Yes,1420113190297259908358916251277696183671602680024474979931472444792502392139,0.0295,0.0295,0.0,7574785.01,337474.39
2026-09-28T19:37:22.039376+00:00,561233,Will Josh Shapiro win the 2028 US Presidential Election?,No,9195312844128905514645503106857912558078141569888031031723687687489317147622,0.9705,0.9705,0.0,7574785.01,337474.39
2026-09-28T19:37:22.774111+00:00,562802,Will the Democratic Party control the House after the 2026 Midterm elections?,Yes,83247781037352156539108067944461291821683755894607244160607042790356561625563,0.925,0.925,0.0,7147642.79,766054.28
2026-09-28T19:37:23.027018+00:00,562802,Will the Democratic Party control the House after the 2026 Midterm elections?,No,33156410999665902694791064431724433042010245771106314074312009703157423879038,0.075,0.075,0.0,7147642.79,766054.28
2026-09-28T19:37:24.041398+00:00,1469737,Will Mojtaba Khamenei be head of state in Iran end of 2026?,Yes,111988618077786263362718284278451225707405623288593888751575373086664059387290,0.881,0.880691,-0.000309,6608682.59,68686.58
2026-09-28T19:37:24.481743+00:00,1469737,Will Mojtaba Khamenei be head of state in Iran end of 2026?,No,42006549920912635238720143234628794318400295281074422564226738635663399130499,0.119,0.119309,0.000309,6608682.59,68686.58
2026-09-28T19:37:24.718760+00:00,716942,Will there be at least 10000 measles cases in the U.S. in 2026?,Yes,108666902993460052548356894576792031068019553485832706137527731404107083354939,0.066,0.065543,-0.000457,6527379.77,8447.47
2026-09-28T19:37:24.948228+00:00,716942,Will there be at least 10000 measles cases in the U.S. in 2026?,No,61371441917995783761706990607573951646880237796683453244719301289670873215471,0.934,0.934457,0.000457,6527379.77,8447.47
2026-09-28T19:37:25.286732+00:00,701501,"Will Bitcoin dip to $55,000 by December 31, 2026?",Yes,115462087336983275104521488923966022755348986822352694745153736621832003960847,0.085,0.085,0.0,6433132.44,233367.84
2026-09-28T19:37:25.511532+00:00,701501,"Will Bitcoin dip to $55,000 by December 31, 2026?",No,48849252416222520684793262794712201381742900852794310345084361317209768152557,0.915,0.915,0.0,6433132.44,233367.84
2026-09-28T19:37:26.959679+00:00,561261,Will Jon Ossoff win the 2028 US Presidential Election?,Yes,110102705199530588976777616718115948005824665233400132417374621750887344831757,0.1155,0.1155,0.0,5818503.22,350374.13
2026-09-28T19:37:27.189740+00:00,561261,Will Jon Ossoff win the 2028 US Presidential Election?,No,98394838816403247684221016468696784125095120854407803889228262583112436699261,0.8845,0.8845,0.0,5818503.22,350374.13
2026-09-28T19:37:29.015525+00:00,562803,Will the Republican Party control the House after the 2026 Midterm elections?,Yes,65139230827417363158752884968303867495725894165574887635816574090175320800482,0.075,0.075039,3.9e-05,5384413.56,628783.14
2026-09-28T19:37:29.238309+00:00,562803,Will the Republican Party control the House after the 2026 Midterm elections?,No,17371217118862125782438074585166210555214661810823929795910191856905580975576,0.925,0.924961,-3.9e-05,5384413.56,628783.14
2026-09-28T19:37:29.857292+00:00,1107582,US strike on Cuba by December 31?,Yes,91347242536105459969213788769929618447748782724898414007495579710952664644740,0.155,0.154364,-0.000636,5270670.05,48124.46
2026-09-28T19:37:30.083036+00:00,1107582,US strike on Cuba by December 31?,No,55782999195478978645683058282751482473275270795090145277907596121415418369349,0.845,0.845636,0.000636,5270670.05,48124.46
2026-09-28T19:37:30.503667+00:00,637002,Will Donald Trump win the Nobel Peace Prize in 2026?,Yes,96308556109755835434254900303426519652053230974356832970824534225192181988516,0.0185,0.02,0.0015,5251975.56,451729.73
2026-09-28T19:37:30.774781+00:00,637002,Will Donald Trump win the Nobel Peace Prize in 2026?,No,75648553599758807820760400986240186978327005811004242427218252697572451485336,0.9815,0.98,-0.0015,5251975.56,451729.73
2026-09-28T19:37:31.120960+00:00,1144471,Will Satoshi move any Bitcoin in 2026?,Yes,112007327373263623178671509828927834172092799802464528122988153704237637965568,0.0335,0.0335,0.0,5145635.87,71801.2
2026-09-28T19:37:31.378340+00:00,1144471,Will Satoshi move any Bitcoin in 2026?,No,69471008782374192790909758203453762302247599306255707151301915677252063291760,0.9665,0.9665,0.0,5145635.87,71801.2
2026-09-28T19:37:31.798368+00:00,3128887,"US announces end of Iranian blockade by September 30, 2026?",Yes,88752597571738831347942513760817776151125290177540731190810686943474863159303,0.038,0.041144,0.003144,5114414.18,87307.5
2026-09-28T19:37:32.014855+00:00,3128887,"US announces end of Iranian blockade by September 30, 2026?",No,56465933220082022835700817063946174635909725507734416248556389304448520396318,0.962,0.958856,-0.003144,5114414.18,87307.5
2026-09-28T19:37:33.580631+00:00,1535973,Iran leadership change by December 31?,Yes,18652479948917565296149340091675894865339012333173025944893512396354173886674,0.105,0.105,0.0,4825384.91,240130.64
2026-09-28T19:37:33.857378+00:00,1535973,Iran leadership change by December 31?,No,60499458684380641857666641513383149627633695110197406276308452075860198022694,0.895,0.895,0.0,4825384.91,240130.64
2026-09-28T19:37:34.545626+00:00,682705,Will Benjamin Netanyahu be the next Prime Minister of Israel?,Yes,20006732765674855733524007935991362439352594042415161039767275461950712817548,0.295,0.29386,-0.00114,4614114.92,374641.47
2026-09-28T19:37:34.812757+00:00,682705,Will Benjamin Netanyahu be the next Prime Minister of Israel?,No,54533569528927082430133047556849600511985191158927477533124630301934489498530,0.705,0.70614,0.00114,4614114.92,374641.47
2026-09-28T19:37:35.063743+00:00,608547,Will Harry Kane win the 2026 Ballon d'Or?,Yes,72710166409980712002774407052535905861151156175854323762835102340552522606004,0.426,0.437088,0.011088,4579285.88,74602.28
2026-09-28T19:37:35.302137+00:00,608547,Will Harry Kane win the 2026 Ballon d'Or?,No,77740376296468109233042620775325425521895874827413068707200627224591548200577,0.574,0.563826,-0.010174,4579285.88,74602.28
2026-09-28T19:37:35.560595+00:00,898412,Will Kimi Antonelli be the 2026 F1 Drivers' Champion?,Yes,32950178421556833525068948927823594772134813180063196823389171317494746105102,0.9095,0.909698,0.000198,4493295.23,93935.87
2026-09-28T19:37:35.792694+00:00,898412,Will Kimi Antonelli be the 2026 F1 Drivers' Champion?,No,113530594522634794165460425612745976368792987948987062860518413913599754643814,0.0905,0.090302,-0.000198,4493295.23,93935.87
2026-09-28T19:37:36.895259+00:00,562831,"2026 Balance of Power: R Senate, R House",Yes,103704141773947678931823410030956181918562062788486034785782641603149828893320,0.075,0.075,0.0,4247871.23,916244.51
2026-09-28T19:37:37.120897+00:00,562831,"2026 Balance of Power: R Senate, R House",No,25869296386911654049715489068824757745174681288397238521780118949553760488529,0.925,0.925,0.0,4247871.23,916244.51
2026-09-28T19:37:38.313363+00:00,2589812,Will there be no change in Fed interest rates after the October 2026 meeting?,Yes,111061902544814266207267295505639408607400625795891618462682726460921782993748,0.305,0.309007,0.004007,4114769.04,345059.13
2026-09-28T19:37:38.584393+00:00,2589812,Will there be no change in Fed interest rates after the October 2026 meeting?,No,42038775866198212615491650114881818219665139981763207699110491615333273795415,0.695,0.690993,-0.004007,4114769.04,345059.13
2026-09-28T19:37:39.124760+00:00,1339767,"Will Bitcoin dip to $50,000 by December 31, 2026?",Yes,13887983551129862992605123088744175927084435631400400451585519366058907542147,0.065,0.065,0.0,4029896.95,231513.51
2026-09-28T19:37:39.397054+00:00,1339767,"Will Bitcoin dip to $50,000 by December 31, 2026?",No,41832664285845832459030640969891483663884721696292020563915305291791682631668,0.935,0.935,0.0,4029896.95,231513.51
2026-09-28T19:37:40.145154+00:00,2589813,Will the Fed increase interest rates by 25 bps after the October 2026 meeting?,Yes,55159722761418013044126414276680602270318000841690689684819994448621694923050,0.685,0.680212,-0.004788,3965803.36,427702.27
2026-09-28T19:37:40.376807+00:00,2589813,Will the Fed increase interest rates by 25 bps after the October 2026 meeting?,No,78632395083310670734315205502061249602319069653915932320155846460019107676757,0.315,0.319788,0.004788,3965803.36,427702.27
2026-09-28T19:37:40.643010+00:00,562828,"2026 Balance of Power: D Senate, D House",Yes,34722410608062854697106861099776685947172185964394483545370684749662285977831,0.605,0.605,0.0,3708423.92,482709.73
2026-09-28T19:37:40.925930+00:00,562828,"2026 Balance of Power: D Senate, D House",No,24483563228660028121020430722896740519524131851526579619586176931221901842798,0.395,0.395,0.0,3708423.92,482709.73
2026-09-28T19:37:41.504976+00:00,701496,"Will Bitcoin reach $100,000 by December 31, 2026?",Yes,56078938060096976448086754249497300447360333783952000147427828224794011030104,0.355,0.352887,-0.002113,3543567.28,71774.88
2026-09-28T19:37:41.734910+00:00,701496,"Will Bitcoin reach $100,000 by December 31, 2026?",No,11291662904897713174667903388388696640643610556195928998276904135282270136756,0.645,0.647113,0.002113,3543567.28,71774.88
2026-09-28T19:37:42.188338+00:00,677407,China x Taiwan military clash before 2027?,Yes,104812032440315568595318241870590180481232715981192720184511444933968102038477,0.058,0.057943,-5.7e-05,3436560.25,89660.11
2026-09-28T19:37:42.478345+00:00,677407,China x Taiwan military clash before 2027?,No,50488227317031565004575684525878022626020008256198844799050708993499540064859,0.942,0.942057,5.7e-05,3436560.25,89660.11
2026-09-28T19:37:42.682754+00:00,1107878,Will the U.S. invade Cuba in 2026?,Yes,1291454874125024564913411658636854434792972068510027777552181749936579562639,0.055,0.055,0.0,3403442.84,142576.93
2026-09-28T19:37:42.944228+00:00,1107878,Will the U.S. invade Cuba in 2026?,No,46036307473347147486878725188057240439237346445231099615680388314304154599904,0.945,0.945,0.0,3403442.84,142576.93
2026-09-28T19:37:43.082427+00:00,616903,Will 1 Fed rate cut happen in 2026?,Yes,113379839734351069617987084078322474966003108854908079701423911002443710490196,0.0175,0.02,0.0025,3395042.89,139942.46
2026-09-28T19:37:43.334361+00:00,616903,Will 1 Fed rate cut happen in 2026?,No,48058805012599375970268777474956242772204241523361869981040579395242001094965,0.9825,0.98,-0.0025,3395042.89,139942.46
2026-09-28T19:37:43.467666+00:00,701503,"Will Bitcoin dip to $35,000 by December 31, 2026?",Yes,19830138103155427354579425893303398904208550475895360582465715721785944321950,0.0245,0.0244,-0.0001,3374499.6,159431.09
2026-09-28T19:37:43.701102+00:00,701503,"Will Bitcoin dip to $35,000 by December 31, 2026?",No,106725919441008051918080506395399719013818419425017982342714970506626839446049,0.9755,0.9756,0.0001,3374499.6,159431.09
2026-09-28T19:37:44.151773+00:00,567689,Zelenskyy out as Ukraine president by end of 2026?,Yes,108187737663325442737199857734058032845728149267925579081973309839049299838520,0.065,0.065,0.0,3328259.56,86773.26
2026-09-28T19:37:44.396972+00:00,567689,Zelenskyy out as Ukraine president by end of 2026?,No,12238337804021350373072513606997115174826680613156170611182546081135779794915,0.935,0.935,0.0,3328259.56,86773.26
2026-09-28T19:37:44.613852+00:00,682706,Will Naftali Bennett be the next Prime Minister of Israel?,Yes,58945936829392654397399777214757608864525173988558750256164021442231118224154,0.125,0.125,0.0,3322683.15,84013.24
2026-09-28T19:37:44.859868+00:00,682706,Will Naftali Bennett be the next Prime Minister of Israel?,No,39409206330527880169507414405291721950884951005340760541937649898052386499519,0.875,0.875,0.0,3322683.15,84013.24
2026-09-28T19:37:45.345321+00:00,1105744,Will Nicolás Maduro be the leader of Venezuela end of 2026?,Yes,37090128566507509913630589460372620352013766554886380785463533062224343545231,0.64,0.642877,0.002877,3310800.88,90678.62
2026-09-28T19:37:45.622419+00:00,1105744,Will Nicolás Maduro be the leader of Venezuela end of 2026?,No,21527446005162722668702146847806837944786417986794925592709069062391666573103,0.36,0.357123,-0.002877,3310800.88,90678.62
2026-09-28T19:37:46.082992+00:00,1633611,"Will China invade Taiwan by December 31, 2027?",Yes,99308764485765552888542373236405354280486342174935314281037215048612491168324,0.125,0.125,0.0,3279295.4,206048.48
2026-09-28T19:37:46.356739+00:00,1633611,"Will China invade Taiwan by December 31, 2027?",No,32952048155093419718055060819712841482842350791391116195205201413217889733414,0.875,0.875,0.0,3279295.4,206048.48
2026-09-28T19:37:46.570697+00:00,608565,Will Lionel Messi win the 2026 Ballon d'Or?,Yes,14940935985254400645996902276818598247231942791302218826999289776538227075176,0.0495,0.048205,-0.001295,3257632.67,146323.99
2026-09-28T19:37:46.807992+00:00,608565,Will Lionel Messi win the 2026 Ballon d'Or?,No,107516035603650985174253368241692944789056496652916551006453839235487841190002,0.9505,0.951795,0.001295,3257632.67,146323.99
2026-09-28T19:37:47.024645+00:00,2696747,"US-Iran Final Nuclear Deal by December 31, 2026?",Yes,31155599200443620024532103683912072563894181253510224263086924270624693692711,0.155,0.15203,-0.00297,3240074.14,178196.57
2026-09-28T19:37:47.244157+00:00,2696747,"US-Iran Final Nuclear Deal by December 31, 2026?",No,33676235249742435565729532483122262800369378774892710387888607855248244773045,0.845,0.852537,0.007537,3240074.14,178196.57
2026-09-28T19:37:47.693419+00:00,562793,Will the Democratic Party control the Senate after the 2026 Midterm elections?,Yes,113287701564209339913693347405685749986285999146352375265161592243948562084773,0.625,0.625,0.0,3174816.24,618244.02
2026-09-28T19:37:47.925627+00:00,562793,Will the Democratic Party control the Senate after the 2026 Midterm elections?,No,107118433685650702332040991454078902188473746599223732907923581436160160612542,0.375,0.375,0.0,3174816.24,618244.02
2026-09-28T19:37:48.599096+00:00,628940,Will Steve Hilton win the California Governor Election in 2026?,Yes,82742036522262670996662794097029680950132682539859985097974842241612036171395,0.042,0.041948,-5.2e-05,3063983.37,355570.39
2026-09-28T19:37:48.826553+00:00,628940,Will Steve Hilton win the California Governor Election in 2026?,No,63644763464034691367428527733393916036342796100129702980469514153898496549749,0.958,0.958052,5.2e-05,3063983.37,355570.39
2026-09-28T19:37:48.963974+00:00,701552,"Will Ethereum dip to $1,500 by December 31, 2026?",Yes,101639751789549589765350117072740510018809594718571111931328241076831078702528,0.0675,0.067562,6.2e-05,3044499.54,131275.66
2026-09-28T19:37:49.202268+00:00,701552,"Will Ethereum dip to $1,500 by December 31, 2026?",No,38508858428676968447825900892305750232615791339175195608011299023691549494960,0.9325,0.932438,-6.2e-05,3044499.54,131275.66
2026-09-28T19:37:49.423430+00:00,2154920,Will GameStop acquire eBay?,Yes,22738604660557321780761578420118016749027563268201595763789441772230090847247,0.065,0.065,0.0,3014147.42,60567.7
2026-09-28T19:37:49.694781+00:00,2154920,Will GameStop acquire eBay?,No,55646219597856189899881677374172135376492662817148728033424581863530537477107,0.935,0.935,0.0,3014147.42,60567.7
2026-09-28T19:37:50.352290+00:00,3399458,Israel x Iran ceasefire continues through September 30?,Yes,110124369154659006328320349797831539154282530245624469518430389053088403535939,0.986,0.98,-0.006,2991254.55,193768.47
2026-09-28T19:37:50.627955+00:00,3399458,Israel x Iran ceasefire continues through September 30?,No,27584284826455438094347446510379196256289720442108190871721085592324191711749,0.014,0.02,0.006,2991254.55,193768.47
2026-09-28T19:37:51.284757+00:00,608545,Will Lamine Yamal win the 2026 Ballon d'Or?,Yes,10466835326554416965099784068156829774726248334728156046559014834812912458273,0.4165,0.415979,-0.000521,2891436.51,68625.11
2026-09-28T19:37:51.512671+00:00,608545,Will Lamine Yamal win the 2026 Ballon d'Or?,No,115364229170068359509280114761107502298430910856477421813089992309112580316620,0.5835,0.584021,0.000521,2891436.51,68625.11
2026-09-28T19:37:51.776276+00:00,898411,Will George Russell be the 2026 F1 Drivers' Champion?,Yes,93099562462257249309605734586566434036442082827152130023015985868027704959821,0.0485,0.048646,0.000146,2883753.57,132279.31
2026-09-28T19:37:52.001030+00:00,898411,Will George Russell be the 2026 F1 Drivers' Champion?,No,66179493383876804270523225216910123185590092065107948827970707627138225160961,0.9515,0.951354,-0.000146,2883753.57,132279.31
2026-09-28T19:37:52.207804+00:00,2771335,Will Manchester City win the 2026-27 English Premier League (EPL) Championship?,Yes,19864216715488298679276291756659013279877343825699353033505020208765688353462,0.215,0.215414,0.000414,2872826.16,261594.88
2026-09-28T19:37:52.430916+00:00,2771335,Will Manchester City win the 2026-27 English Premier League (EPL) Championship?,No,15595081936246780886940656289399636714509677762753928040257148545998496082698,0.785,0.784586,-0.000414,2872826.16,261594.88
2026-09-28T19:37:52.770262+00:00,2374271,"Will Ukraine recapture Crimean territory by December 31, 2026?",Yes,67011482977279466154940850972585572311207926803952896052113224614375102184687,0.0385,0.038461,-3.9e-05,2862198.45,93868.55
2026-09-28T19:37:53.000933+00:00,2374271,"Will Ukraine recapture Crimean territory by December 31, 2026?",No,72433435487515814631344400459815549868044734165082020724691045649454520502781,0.9615,0.961539,3.9e-05,2862198.45,93868.55
2026-09-28T19:37:53.155799+00:00,573656,"Will Bitcoin hit $150k by December 31, 2026?",Yes,93694900555669388759405753550770573998169287228984912881955464376232163096213,0.027,0.027,0.0,2857911.25,71507.77
2026-09-28T19:37:53.444975+00:00,573656,"Will Bitcoin hit $150k by December 31, 2026?",No,55119388124180116303253993098894090042427725500010038140578121972388485050538,0.973,0.973,0.0,2857911.25,71507.77
2026-09-28T19:37:53.910759+00:00,682710,Will Avigdor Lieberman be the next Prime Minister of Israel?,Yes,105057524965982907913786325697426001538810836564004836999292309706852745390829,0.026,0.025895,-0.000105,2825254.38,108866.37
2026-09-28T19:37:54.133314+00:00,682710,Will Avigdor Lieberman be the next Prime Minister of Israel?,No,13887896800265966487014179943559375403384011039339488276489274832989862323735,0.974,0.974105,0.000105,2825254.38,108866.37
2026-09-28T19:37:54.490620+00:00,665224,Ukraine signs peace deal with Russia before 2027?,Yes,93579588306754356558129639371052358607099327699211232141859164590129536814208,0.08,0.080621,0.000621,2821884.12,78339.4
2026-09-28T19:37:54.768331+00:00,665224,Ukraine signs peace deal with Russia before 2027?,No,50854871681873904159181209043129993931106057788784391855429428220428495613305,0.92,0.919379,-0.000621,2821884.12,78339.4
2026-09-28T19:37:55.605084+00:00,1057349,"Jeffrey Epstein foul play confirmed by December 31, 2026?",Yes,69162030465037941268862284627658886205173465981805919620559686624259677735192,0.0275,0.026864,-0.000636,2785217.03,30135.54
2026-09-28T19:37:55.881283+00:00,1057349,"Jeffrey Epstein foul play confirmed by December 31, 2026?",No,76372194545838535783490148896316297976627938120220239171956676589522420141188,0.9725,0.973136,0.000636,2785217.03,30135.54
2026-09-28T19:37:56.226112+00:00,679018,Will Marine Le Pen win the 2027 French presidential election?,Yes,55764212211467781322980371912612507865974994976253196346176314491480419639168,0.3945,0.395934,0.001434,2752465.47,452054.72
2026-09-28T19:37:56.498450+00:00,679018,Will Marine Le Pen win the 2027 French presidential election?,No,5649717099758674861276159343380402289083378331461490840325685141994171250523,0.6055,0.605898,0.000398,2752465.47,452054.72
2026-09-28T19:37:56.949370+00:00,1235553,Will the Chicago White Sox win the 2026 World Series?,Yes,47345805017667669897137395690450353435714129302571040588246790838753631749361,0.0255,0.025436,-6.4e-05,2717528.34,124874.55
2026-09-28T19:37:57.179425+00:00,1235553,Will the Chicago White Sox win the 2026 World Series?,No,84946825393330172889133721169064576656145875807729321440670475462232714064308,0.9745,0.974564,6.4e-05,2717528.34,124874.55
2026-09-28T19:37:57.444162+00:00,608540,Will Kylian Mbappé win the 2026 Ballon d'Or?,Yes,95640549996905293510297955529586737178285694064878854803914367446504739764113,0.0485,0.051093,0.002593,2710843.86,110694.51
2026-09-28T19:37:57.715256+00:00,608540,Will Kylian Mbappé win the 2026 Ballon d'Or?,No,43681720319477188597878188429504394796986333625436226983885469009299707562545,0.9515,0.950763,-0.000737,2710843.86,110694.51
2026-09-28T19:37:58.200544+00:00,2243897,"Russia x Ukraine ceasefire agreement by December 31, 2026?",Yes,99878393523957043401217108863095556720659532630565063651671026144852955005052,0.195,0.196272,0.001272,2695001.76,86785.33
2026-09-28T19:37:58.430217+00:00,2243897,"Russia x Ukraine ceasefire agreement by December 31, 2026?",No,69565284411089708271128692790745152090129066525382935764397092493923596997488,0.805,0.803728,-0.001272,2695001.76,86785.33
2026-09-28T19:37:58.923222+00:00,1059772,Jeffrey Epstein confirmed to be alive before 2027?,Yes,57692461228141098196519006129212454078633070644580607609751365664388305515775,0.0215,0.0215,0.0,2580923.7,121727.62
2026-09-28T19:37:59.190167+00:00,1059772,Jeffrey Epstein confirmed to be alive before 2027?,No,69156743176103134736115123277705077910853098854566827417866113262179013876259,0.9785,0.9785,0.0,2580923.7,121727.62
2026-09-28T19:37:59.439516+00:00,567688,Netanyahu out by end of 2026?,Yes,114694726451307654528948558967898493662917070661203465131156925998487819889437,0.4,0.397727,-0.002273,2579300.2,72185.32
2026-09-28T19:37:59.702507+00:00,567688,Netanyahu out by end of 2026?,No,66255671088804707681511323064315150986307471908131081808279119719218775249892,0.6,0.602273,0.002273,2579300.2,72185.32
2026-09-28T19:38:00.140368+00:00,679022,Will David Lisnard win the 2027 French presidential election?,Yes,55404192439775628931124671719520886657525387168536821457706619003199189099864,0.0825,0.0825,0.0,2560752.29,196727.68
2026-09-28T19:38:00.365978+00:00,679022,Will David Lisnard win the 2027 French presidential election?,No,79358475953126059185096320578578995575874288599466094920037110232928386404141,0.9175,0.9175,0.0,2560752.29,196727.68
2026-09-28T19:38:00.584518+00:00,3128886,"US announces end of Iranian blockade by December 31, 2026?",Yes,86011229287950365043519117852041614651767455889324682112682327985496937935368,0.5975,0.590847,-0.006653,2560584.9,176736.62
2026-09-28T19:38:00.818106+00:00,3128886,"US announces end of Iranian blockade by December 31, 2026?",No,39147524522707536456910747992621671433032838141439193264830818731544404472030,0.4025,0.410071,0.007571,2560584.9,176736.62
2026-09-28T19:38:01.078392+00:00,679020,Will Éric Zemmour win the 2027 French presidential election?,Yes,51126599157451146230415396920771455069752975116525743821340393650626382714261,0.0105,0.02,0.0095,2543013.46,236130.17
2026-09-28T19:38:01.315987+00:00,679020,Will Éric Zemmour win the 2027 French presidential election?,No,90997833546019007990916014938756861651789144262105272333307948825561373623753,0.9895,0.98,-0.0095,2543013.46,236130.17
2026-09-28T19:38:01.444218+00:00,3128888,"US announces end of Iranian blockade by October 31, 2026?",Yes,87712920673252297509200151045391015262449055764880659907762503287643101055970,0.31,0.317673,0.007673,2540347.63,108640.52
2026-09-28T19:38:01.671903+00:00,3128888,"US announces end of Iranian blockade by October 31, 2026?",No,77737603049704371401985143030203551130624520784925815473217168646825527075459,0.69,0.671924,-0.018076,2540347.63,108640.52
2026-09-28T19:38:01.889364+00:00,1394086,Will Reza Pahlavi enter Iran by December 31?,Yes,42920366254635522231062953285326731613318286540727986277660335157561634812014,0.0425,0.042386,-0.000114,2526088.27,114686.97
2026-09-28T19:38:02.125413+00:00,1394086,Will Reza Pahlavi enter Iran by December 31?,No,97107770187587683506815626974888163324622836988014033022064807674186740440043,0.9575,0.957614,0.000114,2526088.27,114686.97
2026-09-28T19:38:02.447153+00:00,1339768,"Will Bitcoin dip to $40,000 by December 31, 2026?",Yes,4255890554350661695724949176183233033027635903850796430457642328613772591960,0.037,0.037367,0.000367,2495546.77,99912.79
2026-09-28T19:38:02.679635+00:00,1339768,"Will Bitcoin dip to $40,000 by December 31, 2026?",No,69924622127743346860742491804606293768199148137604178160078893238641086573607,0.963,0.962633,-0.000367,2495546.77,99912.79
2026-09-28T19:38:02.904179+00:00,679026,Will Gabriel Attal win the 2027 French presidential election?,Yes,39040993339692011893931540077322383339631602451525460031216774971808386681386,0.0205,0.020532,3.2e-05,2479833.01,224213.22
2026-09-28T19:38:03.146982+00:00,679026,Will Gabriel Attal win the 2027 French presidential election?,No,47856683996156403009428090210889176913147998278019471610295491486371570337691,0.9795,0.979468,-3.2e-05,2479833.01,224213.22
2026-09-28T19:38:03.353441+00:00,562830,"2026 Balance of Power: R Senate, D House",Yes,6302359956133594764084277082169634158291609371270652093164054687145970756151,0.305,0.305,0.0,2459072.09,442002.53
2026-09-28T19:38:03.592195+00:00,562830,"2026 Balance of Power: R Senate, D House",No,558600218792430158020964384658762756367786275998757133304987611939841005404,0.695,0.695,0.0,2459072.09,442002.53
2026-09-28T19:38:04.170144+00:00,682708,Will Gadi Eizenkot be the next Prime Minister of Israel?,Yes,52487256270918227930942830546248720603566203568229607048093730748840489555808,0.4925,0.497529,0.005029,2449335.55,97504.28
2026-09-28T19:38:04.396126+00:00,682708,Will Gadi Eizenkot be the next Prime Minister of Israel?,No,1507744758511144558263623459899956467548763419522526462308518027912401299177,0.5075,0.505154,-0.002346,2449335.55,97504.28
2026-09-28T19:38:04.811391+00:00,1168142,Will the upper bound of the target federal funds rate be ≥ 4.5% at the end of 2026?,Yes,44956651579513700220045051729687627381715616102744183825397331989105273067709,0.4895,0.490424,0.000924,2418016.04,1999.8
2026-09-28T19:38:05.090357+00:00,1168142,Will the upper bound of the target federal funds rate be ≥ 4.5% at the end of 2026?,No,51964039038586437622048402090827247539716151648632162816759306830645640049347,0.5105,0.517804,0.007304,2418016.04,1999.8
2026-09-28T19:38:05.532129+00:00,691340,AI bubble burst in 2026?,Yes,95143949049440805515065120245245136072200903084986833252741074455111459269340,0.089,0.089788,0.000788,2409209.57,49685.96
2026-09-28T19:38:05.772617+00:00,691340,AI bubble burst in 2026?,No,17769188746995805889009627485623784462879024540194570282917960402976991944943,0.911,0.910212,-0.000788,2409209.57,49685.96
2026-09-28T19:38:06.280227+00:00,679027,Will Bruno Retailleau win the 2027 French presidential election?,Yes,76158784025338420583901765224531190025719662766883390440253608804161057467141,0.0155,0.02,0.0045,2405764.93,255565.25
2026-09-28T19:38:06.519231+00:00,679027,Will Bruno Retailleau win the 2027 French presidential election?,No,49760558873212272440771467224266437717913114999491735666209561409981747777766,0.9845,0.98,-0.0045,2405764.93,255565.25
2026-09-28T19:38:06.791206+00:00,700396,Will Perplexity AI be acquired before 2027?,Yes,42574248959284530646091368047066126180445434974022460106859680414580532069710,0.055,0.055,0.0,2400403.16,5892.95
2026-09-28T19:38:07.061946+00:00,700396,Will Perplexity AI be acquired before 2027?,No,84834595145551060233480988152606214225219613758644201086445418024052582755907,0.945,0.945,0.0,2400403.16,5892.95
2026-09-28T19:38:07.470238+00:00,2006983,US obtains Iranian enriched uranium by December 31?,Yes,114657271285511367879703365484572688248973675722511239339535646764098946050607,0.06,0.059793,-0.000207,2386554.9,83555.81
2026-09-28T19:38:07.738237+00:00,2006983,US obtains Iranian enriched uranium by December 31?,No,12933385462445051219548039807631278921517469211617755773732773415883384410827,0.94,0.940207,0.000207,2386554.9,83555.81
2026-09-28T19:38:08.179024+00:00,1357383,Will the Houston Texans win the 2027 NFL league championship?,Yes,82860415910448737270902374411987827711923709249517011320325989967640805801007,0.0145,0.02,0.0055,2375657.82,166555.0
2026-09-28T19:38:08.634276+00:00,1357383,Will the Houston Texans win the 2027 NFL league championship?,No,67831205063520102040460265401750146108615833326749301874467401246702944014817,0.9855,0.98,-0.0055,2375657.82,166555.0
2026-09-28T19:38:08.953153+00:00,1349162,Will Orlando City SC win the 2026 MLS Cup?,Yes,74397828296323343196166047694283985077132677648825859176663063495649543850250,0.021,0.020715,-0.000285,2370649.05,20732.29
2026-09-28T19:38:09.156238+00:00,1349162,Will Orlando City SC win the 2026 MLS Cup?,No,9912084048481132346516321836920145297848866553407641809171851331568477411925,0.979,0.979285,0.000285,2370649.05,20732.29
2026-09-28T19:38:09.310873+00:00,1193094,Will Magdalena Andersson be the next Prime Minister of Sweden?,Yes,6761884778816083542753350539779617201084594664234729655783875952381923983097,0.755,0.750754,-0.004246,2366230.8,62875.06
2026-09-28T19:38:09.576363+00:00,1193094,Will Magdalena Andersson be the next Prime Minister of Sweden?,No,49952287244614575734723913757649087902024339238007187585607375183859292977482,0.245,0.249246,0.004246,2366230.8,62875.06
2026-09-28T19:38:10.625559+00:00,1235551,Will the Boston Red Sox win the 2026 World Series?,Yes,49490029022429715624870536101813422563892045373640045791646802985069593764860,0.0415,0.041554,5.4e-05,2317939.38,95617.98
2026-09-28T19:38:10.891291+00:00,1235551,Will the Boston Red Sox win the 2026 World Series?,No,44283577755018755878348555095757993844164729564841351197994304603070961626637,0.9585,0.958446,-5.4e-05,2317939.38,95617.98
2026-09-28T19:38:11.528597+00:00,618454,Opensea FDV above $500M one day after launch?,Yes,42645635688384173938505005153732536262139883933750646945028210271328873690888,0.167,0.167117,0.000117,2283963.89,20476.47
2026-09-28T19:38:11.770766+00:00,618454,Opensea FDV above $500M one day after launch?,No,91676177432668319691663213694187810112009835951397620031461215327421238319426,0.833,0.832883,-0.000117,2283963.89,20476.47
2026-09-28T19:38:11.993448+00:00,679019,Will Jordan Bardella win the 2027 French presidential election?,Yes,1114938555853162662375805609341386795965961002028313810409954359771505507177,0.0135,0.02,0.0065,2278719.99,169535.69
2026-09-28T19:38:12.222321+00:00,679019,Will Jordan Bardella win the 2027 French presidential election?,No,39814929193752558825038669670647206213767631805507014416889259758143556745530,0.9865,0.98,-0.0065,2278719.99,169535.69
2026-09-28T19:38:12.480068+00:00,1731346,"Iran agrees to surrender enriched uranium stockpile by December 31, 2026?",Yes,70530382817944476125648239982318905983026944956853105853882601665630375614463,0.075,0.075,0.0,2274352.09,48439.34
2026-09-28T19:38:12.708863+00:00,1731346,"Iran agrees to surrender enriched uranium stockpile by December 31, 2026?",No,18702020867581976905619984893323736143098724607754292117438927457109238679413,0.925,0.925,0.0,2274352.09,48439.34
2026-09-28T19:38:12.972227+00:00,1090496,"NATO x Russia military clash by December 31, 2026?",Yes,105031123790227090351610621121319179238510007553875150023320472711583933704999,0.285,0.28614,0.00114,2271160.52,186998.56
2026-09-28T19:38:13.196216+00:00,1090496,"NATO x Russia military clash by December 31, 2026?",No,76326875711147697076353707331532227929486722415800396469798548611383212234361,0.715,0.71386,-0.00114,2271160.52,186998.56
2026-09-28T19:38:13.409784+00:00,608566,Will Rodri win the 2026 Ballon d'Or?,Yes,78803948342995070838836736012795017072053448960983345349841661545681081452350,0.0275,0.027818,0.000318,2258588.66,165686.64
2026-09-28T19:38:13.634738+00:00,608566,Will Rodri win the 2026 Ballon d'Or?,No,9168297785662696773016718610761665603800700668560812756827962314315323235689,0.9725,0.972182,-0.000318,2258588.66,165686.64
2026-09-28T19:38:13.963268+00:00,609655,US recession by end of 2026?,Yes,100379208559626151022751801118534484742123694725746262280150222742563282755057,0.085,0.085,0.0,2226232.51,112757.36
2026-09-28T19:38:14.187976+00:00,609655,US recession by end of 2026?,No,113732820231608904682346496304917888352004831436510840986547065248348999143469,0.915,0.915,0.0,2226232.51,112757.36
2026-09-28T19:38:14.386111+00:00,1105742,Will Delcy Rodríguez be the leader of Venezuela end of 2026?,Yes,38667196958602416137463628517439560119304765709104570192447644733106171420112,0.295,0.296512,0.001512,2220213.27,73588.01
2026-09-28T19:38:14.653122+00:00,1105742,Will Delcy Rodríguez be the leader of Venezuela end of 2026?,No,6638895201070039547671726076818069674458322142629985177641367819559425166288,0.705,0.703488,-0.001512,2220213.27,73588.01
2026-09-28T19:38:14.781254+00:00,701553,"Will Ethereum dip to $1,000 by December 31, 2026?",Yes,111461019317477869113562870983413193129710955692959493083133606404494525367686,0.045,0.045,0.0,2217157.92,85185.37
2026-09-28T19:38:15.046227+00:00,701553,"Will Ethereum dip to $1,000 by December 31, 2026?",No,20508072772404576884266330300293267272741800260494416818259836712249628797288,0.955,0.955,0.0,2217157.92,85185.37
2026-09-28T19:38:15.269049+00:00,679051,Will Sarah Knafo win the 2027 French presidential election?,Yes,66728948856278657077046599284055693271321320423192674643305547174515874533859,0.0105,0.02,0.0095,2213751.74,206625.47
2026-09-28T19:38:15.542135+00:00,679051,Will Sarah Knafo win the 2027 French presidential election?,No,111794412652144167704069308280072217197603934608880258759356283739972969531609,0.9895,0.98,-0.0095,2213751.74,206625.47
2026-09-28T19:38:16.200994+00:00,629040,Will Nithya Raman win the 2026 Los Angeles mayoral election?,Yes,50292933818751585369672690878774599873941191925538325333138798248932182222864,0.5815,0.581882,0.000382,2185685.94,155574.27
2026-09-28T19:38:16.472025+00:00,629040,Will Nithya Raman win the 2026 Los Angeles mayoral election?,No,58507084608782512565480280053882807505189448738098588563704773804344223603355,0.4185,0.418118,-0.000382,2185685.94,155574.27
2026-09-28T19:38:16.929611+00:00,665513,"Friedrich Merz out as Chancellor of Germany before December 31, 2026?",Yes,27554074579538085152312757613342843137057353684724415806149658005255326639761,0.115,0.114181,-0.000819,2171506.82,68974.01
2026-09-28T19:38:17.160224+00:00,665513,"Friedrich Merz out as Chancellor of Germany before December 31, 2026?",No,100292172522149577922637436103132246456042318074117879550513151144706945321275,0.885,0.885819,0.000819,2171506.82,68974.01
2026-09-28T19:38:17.702406+00:00,562794,Will the Republican Party control the Senate after the 2026 Midterm elections?,Yes,51939490109676186832507970701169130490548061087912630009168726706475001411420,0.375,0.375,0.0,2165479.98,550378.84
2026-09-28T19:38:17.983125+00:00,562794,Will the Republican Party control the Senate after the 2026 Midterm elections?,No,108587038225191871355030577171066853142535232042155117887981453750193713427381,0.625,0.625,0.0,2165479.98,550378.84
2026-09-28T19:38:18.323621+00:00,1345531,"Will Bitcoin reach $90,000 by December 31, 2026?",Yes,89384721767526056909881321094852287855436067743554155484781205764118128944311,0.695,0.692263,-0.002737,2132194.86,67942.01
2026-09-28T19:38:18.536166+00:00,1345531,"Will Bitcoin reach $90,000 by December 31, 2026?",No,89935193776001764234914810530894985625350942201527563326613427606200761992090,0.305,0.307737,0.002737,2132194.86,67942.01
2026-09-28T19:38:19.143908+00:00,618455,Opensea FDV above $1B one day after launch?,Yes,55736535775539231856682158017890031261644294952589300517957218393676136917293,0.13,0.131272,0.001272,2114155.26,26941.04
2026-09-28T19:38:19.421928+00:00,618455,Opensea FDV above $1B one day after launch?,No,71718402031669298364238907670733752499185585238670546354636156779359681992646,0.87,0.868728,-0.001272,2114155.26,26941.04
2026-09-28T19:38:19.850798+00:00,1323083,Will Hezbollah disarm by December 31?,Yes,70891730332783983754038097068699855156768797388773323020505706651244066459609,0.055,0.055,0.0,2081675.9,23669.62
2026-09-28T19:38:20.076555+00:00,1323083,Will Hezbollah disarm by December 31?,No,90889737043160931419301279329265177627640070265027926085121655690919696428047,0.945,0.945,0.0,2081675.9,23669.62
2026-09-28T19:38:20.432453+00:00,701486,"Will Bitcoin reach $200,000 by December 31, 2026?",Yes,61368943128255287414565270336856615453000675377332178800733742873558311943412,0.013,0.02,0.007,2074730.11,100875.24
2026-09-28T19:38:20.663893+00:00,701486,"Will Bitcoin reach $200,000 by December 31, 2026?",No,96993471854400156408670527613150944443359272190785251193551242374636006072800,0.987,0.98,-0.007,2074730.11,100875.24
2026-09-28T19:38:20.894252+00:00,628941,Will Xavier Becerra win the California Governor Election in 2026?,Yes,60977129292396881848833910361112107174416489010090570432106122538120602786646,0.958,0.957796,-0.000204,2074095.41,75429.21
2026-09-28T19:38:21.166085+00:00,628941,Will Xavier Becerra win the California Governor Election in 2026?,No,42544248033910169115455586624331983477679665735561815306855702312176773945155,0.042,0.042204,0.000204,2074095.41,75429.21
2026-09-28T19:38:21.418297+00:00,562829,"2026 Balance of Power: D Senate, R House",Yes,70997927349469817841862065582625658840347600365813612622959588796331622340305,0.013,0.02,0.007,2070350.12,310386.34
2026-09-28T19:38:21.671762+00:00,562829,"2026 Balance of Power: D Senate, R House",No,45720947308530468765087874228584729250108790729495800420104302263408503667446,0.987,0.98,-0.007,2070350.12,310386.34
2026-09-28T19:38:21.912051+00:00,637008,Will UNRWA win the Nobel Peace Prize in 2026?,Yes,44648805494496128018486302258584216672381875589441286537181971476979030040822,0.043,0.042987,-1.3e-05,2060134.79,42211.88
2026-09-28T19:38:22.129383+00:00,637008,Will UNRWA win the Nobel Peace Prize in 2026?,No,100774842773502634308392264835606396497542279688738306742145099064280129552022,0.957,0.957013,1.3e-05,2060134.79,42211.88
2026-09-28T19:38:22.337137+00:00,679028,Will François Hollande win the 2027 French presidential election?,Yes,35420390481420086914303850503269939905315993511859334440549793606783994509563,0.0555,0.05546,-4e-05,2051676.36,139570.84
2026-09-28T19:38:22.575266+00:00,679028,Will François Hollande win the 2027 French presidential election?,No,45261427927597753948969942484970824173439588002616542194846930375736155382059,0.9445,0.94454,4e-05,2051676.36,139570.84
2026-09-28T19:38:22.690394+00:00,4641064,US x Iran ceasefire continues through September 30?,Yes,18108354744468601294025853601030425188395211927926870885542758981304523217919,0.966,0.96562,-0.00038,2046427.06,157827.71
2026-09-28T19:38:22.918972+00:00,4641064,US x Iran ceasefire continues through September 30?,No,28756001267446015644282192000586184633181417034487430148393633388063374846479,0.034,0.03438,0.00038,2046427.06,157827.71
2026-09-28T19:38:23.161430+00:00,1349145,Will Charlotte FC win the 2026 MLS Cup?,Yes,64915347545172379244677979694997883696947214572976500616776600777820871917355,0.0295,0.029549,4.9e-05,2039748.82,32127.18
2026-09-28T19:38:23.393973+00:00,1349145,Will Charlotte FC win the 2026 MLS Cup?,No,114333634635479313137964828635669787874292139556461773178065958136035174121652,0.9705,0.970451,-4.9e-05,2039748.82,32127.18
2026-09-28T19:38:23.998101+00:00,701494,"Will Bitcoin reach $120,000 by December 31, 2026?",Yes,65965214225073605704712365855887384729237451947822407248598722221769498441791,0.095,0.095,0.0,2015311.21,80118.66
2026-09-28T19:38:24.227533+00:00,701494,"Will Bitcoin reach $120,000 by December 31, 2026?",No,23087349975908951689849809689657583268158750956541808535385269508170739441669,0.905,0.905,0.0,2015311.21,80118.66
2026-09-28T19:38:24.673403+00:00,1357387,Will the Las Vegas Raiders win the 2027 NFL league championship?,Yes,59226162751411958698158426899722532714096625688096542121038780675009172335910,0.0145,0.02,0.0055,1984303.06,170921.3
2026-09-28T19:38:24.903570+00:00,1357387,Will the Las Vegas Raiders win the 2027 NFL league championship?,No,100405605635057175830292429276520208790943702328776842569003871296192726958839,0.9855,0.98,-0.0055,1984303.06,170921.3
2026-09-28T19:38:25.393250+00:00,1131170,Human moon landing in 2026?,Yes,28341635557911393150957317220979689346286160229232485531195528953133660242151,0.0155,0.02,0.0045,1972153.85,20475.74
2026-09-28T19:38:25.619954+00:00,1131170,Human moon landing in 2026?,No,110420951352726780968858751854229131963307700036109190281766766630426312327876,0.9845,0.98,-0.0045,1972153.85,20475.74
2026-09-28T19:38:27.101762+00:00,1361061,Will Minnesota Vikings win the 2027 NFL NFC Championship?,Yes,34216599256731645025005217537625791908287810832071932505986585678845756791490,0.0835,0.083555,5.5e-05,1903434.67,63952.75
2026-09-28T19:38:27.339170+00:00,1361061,Will Minnesota Vikings win the 2027 NFL NFC Championship?,No,6293946211801305473523043720345235264199616077569833203819552322830444096351,0.9165,0.916445,-5.5e-05,1903434.67,63952.75
2026-09-28T19:38:27.558433+00:00,679029,Will Raphaël Glucksmann win the 2027 French presidential election?,Yes,97531408855841405410232789703119036119573635076996943730887685044477538494161,0.0185,0.02,0.0015,1897578.03,240491.25
2026-09-28T19:38:27.779219+00:00,679029,Will Raphaël Glucksmann win the 2027 French presidential election?,No,91614037901759358822201019738747890245698909012092657780820261729371244775376,0.9815,0.98,-0.0015,1897578.03,240491.25
2026-09-28T19:38:28.192007+00:00,701495,"Will Bitcoin reach $110,000 by December 31, 2026?",Yes,74843373582432484858627201602003648342208168490128239235522790524493414154441,0.175,0.174373,-0.000627,1884818.16,64873.84
2026-09-28T19:38:28.435217+00:00,701495,"Will Bitcoin reach $110,000 by December 31, 2026?",No,478527591373338225284037593163730441333267754562735300431025557171581810352,0.825,0.825627,0.000627,1884818.16,64873.84
2026-09-28T19:38:28.874409+00:00,1796138, Iran agrees to end enrichment of uranium by December 31?,Yes,107729402733481801715276727183402507127741210361101226673865413196241742960596,0.14,0.138279,-0.001721,1844793.24,50452.69
2026-09-28T19:38:29.118572+00:00,1796138, Iran agrees to end enrichment of uranium by December 31?,No,111094090837649765214249428313341768842963554572116350745061757857767411424456,0.86,0.861721,0.001721,1844793.24,50452.69
2026-09-28T19:38:29.781273+00:00,948958,"Bitcoin all time high by December 31, 2026?",Yes,102959890468928530190954086704155483076852880798676895426376704430618826404382,0.0745,0.075189,0.000689,1823507.7,70149.2
2026-09-28T19:38:30.028816+00:00,948958,"Bitcoin all time high by December 31, 2026?",No,28476986359136076319657791569918838578469356102120317109012208839383264384477,0.9255,0.924811,-0.000689,1823507.7,70149.2
2026-09-28T19:38:30.198556+00:00,701493,"Will Bitcoin reach $130,000 by December 31, 2026?",Yes,106722178102302988256241610384561546855057790384749278490135208236665942286983,0.0605,0.060589,8.9e-05,1823412.22,114602.2
2026-09-28T19:38:30.491870+00:00,701493,"Will Bitcoin reach $130,000 by December 31, 2026?",No,112640187121872104723655834799934821712465419714201363140089615513884600316497,0.9395,0.939411,-8.9e-05,1823412.22,114602.2
2026-09-28T19:38:31.456034+00:00,1193093,Will Ulf Kristersson be the next Prime Minister of Sweden?,Yes,19884202204363090591845974364927513432419394537229594683046302661092511466716,0.2035,0.206624,0.003124,1795127.52,80492.99
2026-09-28T19:38:31.760404+00:00,1193093,Will Ulf Kristersson be the next Prime Minister of Sweden?,No,35202785175624473743133325350336939697145393245733500300951742752216521350176,0.7965,0.793376,-0.003124,1795127.52,80492.99
2026-09-28T19:38:32.017202+00:00,1357386,Will the Kansas City Chiefs win the 2027 NFL league championship?,Yes,69042190742678678187984887226901406327636174762281438864527733358265304680670,0.0865,0.0865,0.0,1794904.46,90116.73
2026-09-28T19:38:32.276525+00:00,1357386,Will the Kansas City Chiefs win the 2027 NFL league championship?,No,67568786173941702599227613885622963618166350967368584648718149385526580902390,0.9135,0.9135,0.0,1794904.46,90116.73
2026-09-28T19:38:32.532919+00:00,1357380,Will the Denver Broncos win the 2027 NFL league championship?,Yes,32552965104139234418306396081841371197890264315094634472674018857038790114219,0.0435,0.042921,-0.000579,1790264.45,133629.22
2026-09-28T19:38:32.790236+00:00,1357380,Will the Denver Broncos win the 2027 NFL league championship?,No,80102757903895591341011165591842960242602153473264331646815420334965913287181,0.9565,0.957079,0.000579,1790264.45,133629.22
2026-09-28T19:38:33.275630+00:00,1357382,Will the Green Bay Packers win the 2027 NFL league championship?,Yes,35735014075537072843409037792992988369227546626755131549045738083250548567488,0.012,0.02,0.008,1787636.23,197116.0
2026-09-28T19:38:33.553065+00:00,1357382,Will the Green Bay Packers win the 2027 NFL league championship?,No,82255638606220786577449013244706201455514306812358731329024536871238621188820,0.988,0.98,-0.008,1787636.23,197116.0
2026-09-28T19:38:33.743238+00:00,679021,Will Édouard Philippe win the 2027 French presidential election?,Yes,84846382165343032223975853870946110241285484772019446686866815597350660955868,0.195,0.19614,0.00114,1781427.65,269425.52
2026-09-28T19:38:34.033826+00:00,679021,Will Édouard Philippe win the 2027 French presidential election?,No,80456575204440643570499123641511043765364487572502085512858581574010154701650,0.805,0.80386,-0.00114,1781427.65,269425.52
2026-09-28T19:38:34.539976+00:00,1357377,Will the Cincinnati Bengals win the 2027 NFL league championship?,Yes,91312216951557525293884905171902573674976018469551783568783047942228223380002,0.0415,0.041873,0.000373,1775894.27,73047.26
2026-09-28T19:38:34.823424+00:00,1357377,Will the Cincinnati Bengals win the 2027 NFL league championship?,No,51623624502403405034540644015004183990018646236842362673705887892244415812517,0.9585,0.958127,-0.000373,1775894.27,73047.26
2026-09-28T19:38:35.060880+00:00,1357385,Will the Jacksonville Jaguars win the 2027 NFL league championship?,Yes,974996339434137274969205706934098681831948949675083560493538609289838899860,0.0405,0.040225,-0.000275,1774209.58,121027.91
2026-09-28T19:38:35.317420+00:00,1357385,Will the Jacksonville Jaguars win the 2027 NFL league championship?,No,86427949314446016001743793858451012568674284615309776891307407664549152095607,0.9595,0.959775,0.000275,1774209.58,121027.91
2026-09-28T19:38:35.750886+00:00,1235557,Will the Houston Astros win the 2026 World Series?,Yes,12405032278435739429869831881260155009376889991681874342969262166150128334633,0.0325,0.033384,0.000884,1769641.55,76437.96
2026-09-28T19:38:36.049646+00:00,1235557,Will the Houston Astros win the 2026 World Series?,No,55720742868739164905995622488230016036664947423270652001663302508770446397284,0.9675,0.966616,-0.000884,1769641.55,76437.96
2026-09-28T19:38:36.744999+00:00,1553591,Cuban regime falls in 2026?,Yes,15817672052205458642746211361748257031306114796905648075017940250831865046055,0.115,0.11448,-0.00052,1746788.77,34839.56
2026-09-28T19:38:37.031693+00:00,1553591,Cuban regime falls in 2026?,No,72413274791623935706318436448441626129741116452837525058113815959729031743718,0.885,0.88552,0.00052,1746788.77,34839.56
2026-09-28T19:38:37.301742+00:00,2243896,"Russia x Ukraine ceasefire agreement by October 31, 2026?",Yes,10861802947610899379330568332287100318869035186187733531205554992019689450318,0.065,0.065,0.0,1745934.86,64143.96
2026-09-28T19:38:37.589987+00:00,2243896,"Russia x Ukraine ceasefire agreement by October 31, 2026?",No,39319769648132414476170103739900770633009012502056309868976886150530270219889,0.935,0.935,0.0,1745934.86,64143.96
2026-09-28T19:38:37.842379+00:00,1357376,Will the Chicago Bears win the 2027 NFL league championship?,Yes,20782101138359830353373339924745258800328483049130539494636298430311546419943,0.0225,0.022436,-6.4e-05,1745391.65,103466.35
2026-09-28T19:38:38.103948+00:00,1357376,Will the Chicago Bears win the 2027 NFL league championship?,No,58391467081855327160506735992195157760163010112382131578233801495091502400832,0.9775,0.977564,6.4e-05,1745391.65,103466.35
2026-09-28T19:38:38.349110+00:00,637910,Mitch McConnell steps down from Senate before his term ends?,Yes,79397895660526576528066965797785113521241099187839967306891454236823723226031,0.08,0.08,0.0,1744697.66,51932.74
2026-09-28T19:38:38.610618+00:00,637910,Mitch McConnell steps down from Senate before his term ends?,No,6176387069967725418539368518279260352303182827227966329832868478861860932409,0.92,0.92,0.0,1744697.66,51932.74
2026-09-28T19:38:39.342810+00:00,1005344,Puffpaw FDV above $100M one day after launch?,Yes,5793707379729500818284272227553588908492513776424889835572995739672504840973,0.29,0.289008,-0.000992,1715880.25,24913.85
2026-09-28T19:38:39.584925+00:00,1005344,Puffpaw FDV above $100M one day after launch?,No,108055478570098355486467296476385118782789367481734207554199995826749419845617,0.71,0.710992,0.000992,1715880.25,24913.85
2026-09-28T19:38:39.804189+00:00,694938,Will Viking Therapeutics be acquired before 2027?,Yes,31817818387484449402330242065217602245522171510789850932244171346186630830068,0.135,0.135,0.0,1711067.95,1785.99
2026-09-28T19:38:40.038376+00:00,694938,Will Viking Therapeutics be acquired before 2027?,No,90243643522266968974697235205722928394490919354015648405599117147393732995840,0.865,0.865,0.0,1711067.95,1785.99
2026-09-28T19:38:40.276854+00:00,2747434,Will Hamas agree to disarm by December 31?,Yes,3833250547311424992805456252782158332407335422350263044535636678503072819141,0.165,0.165,0.0,1687137.67,26157.5
2026-09-28T19:38:40.583195+00:00,2747434,Will Hamas agree to disarm by December 31?,No,30676432546818066080538703205639237969080188796746196694446265523208566227883,0.835,0.835,0.0,1687137.67,26157.5
2026-09-28T19:38:40.833278+00:00,679030,Will Jean-Luc Mélenchon win the 2027 French presidential election?,Yes,88550326946437280548248031502775629664259630024343210447063397951616199975032,0.135,0.134008,-0.000992,1668693.31,239154.13
2026-09-28T19:38:41.110399+00:00,679030,Will Jean-Luc Mélenchon win the 2027 French presidential election?,No,78935030613038194779147226463048913187247425461933527083007539809178403199936,0.865,0.865992,0.000992,1668693.31,239154.13
2026-09-28T19:38:42.031043+00:00,701554,"Will Ethereum dip to $800 by December 31, 2026?",Yes,67402961747318482851880003250046703889973259367600991960666041701083209459254,0.028,0.028,0.0,1653326.06,82061.03
2026-09-28T19:38:42.306538+00:00,701554,"Will Ethereum dip to $800 by December 31, 2026?",No,103174144827908901710509553630727677341797001295655245023709154639394277936836,0.972,0.972,0.0,1653326.06,82061.03
2026-09-28T19:38:42.552877+00:00,1105755,Will there be no head of state of Venezuela end of 2026?,Yes,17704927682411404638982382980949594324217253655714867278953651574552110090318,0.0225,0.022206,-0.000294,1634643.58,55940.05
2026-09-28T19:38:42.820498+00:00,1105755,Will there be no head of state of Venezuela end of 2026?,No,13707761272063185033084273997321282553232999497653452620386294915179257041056,0.9775,0.977794,0.000294,1634643.58,55940.05
2026-09-28T19:38:43.071846+00:00,3695205,Eagles vs. Bears,Eagles,29652429512130463118665284075870201747739909237084592893331546208800561253258,0.645,0.646272,0.001272,1631860.1,2253622.39
2026-09-28T19:38:43.320886+00:00,3695205,Eagles vs. Bears,Bears,23346299013290870387466950328005322911471209305005092670310169485100423668015,0.355,0.35446,-0.00054,1631860.1,2253622.39
2026-09-28T19:38:43.753854+00:00,1235568,Will the Milwaukee Brewers win the 2026 World Series?,Yes,68495273029336552259622116656826978391613637593537133254546205487243272235948,0.1625,0.16101,-0.00149,1618532.2,123080.79
2026-09-28T19:38:44.020124+00:00,1235568,Will the Milwaukee Brewers win the 2026 World Series?,No,57520402764714032701152091698531154935574080954582774395654458078727078499164,0.8375,0.838532,0.001032,1618532.2,123080.79
2026-09-28T19:38:44.534193+00:00,1357381,Will the Detroit Lions win the 2027 NFL league championship?,Yes,10111020886592735853228942459183728273074136717888452670231599414724838344635,0.0385,0.038319,-0.000181,1613427.22,101936.2
2026-09-28T19:38:44.774126+00:00,1357381,Will the Detroit Lions win the 2027 NFL league championship?,No,52011508556780319872432401486396169868820207606574657455159932212425208551925,0.9615,0.961766,0.000266,1613427.22,101936.2
2026-09-28T19:38:45.494333+00:00,1357379,Will the Dallas Cowboys win the 2027 NFL league championship?,Yes,95250740975229568321286337983590034080899794989435247744887256482902867335355,0.0205,0.020372,-0.000128,1596198.41,75568.96
2026-09-28T19:38:45.742503+00:00,1357379,Will the Dallas Cowboys win the 2027 NFL league championship?,No,21345762947205477703788089324548597174740434704711340732369061642894905251223,0.9795,0.979628,0.000128,1596198.41,75568.96
2026-09-28T19:38:46.653532+00:00,1357398,Will the San Francisco 49ers win the 2027 NFL league championship?,Yes,39837385690303579870717217200412085690608514752076614686048080531386540862921,0.0875,0.087259,-0.000241,1589012.69,106617.46
2026-09-28T19:38:46.894083+00:00,1357398,Will the San Francisco 49ers win the 2027 NFL league championship?,No,47412485874176023148834455634160749312363704169131690715196573157479647440035,0.9125,0.912744,0.000244,1589012.69,106617.46
2026-09-28T19:38:48.482387+00:00,1357373,Will the Baltimore Ravens win the 2027 NFL league championship?,Yes,73903998640927437939889487883041380194034214913517653047704709946666153109395,0.0765,0.076381,-0.000119,1552844.33,96182.93
2026-09-28T19:38:48.740452+00:00,1357373,Will the Baltimore Ravens win the 2027 NFL league championship?,No,22053271793248125256451687157287125154284715142130477499624815153763089628557,0.9235,0.923619,0.000119,1552844.33,96182.93
2026-09-28T19:38:49.629778+00:00,1235573,Will the San Diego Padres win the 2026 World Series?,Yes,31221080242705278649725019814790252911735511309312424063267127209870268745118,0.057,0.056811,-0.000189,1546101.43,89348.82
2026-09-28T19:38:49.888871+00:00,1235573,Will the San Diego Padres win the 2026 World Series?,No,77403403357262042499116091970429347185210491161428886619331507282750600367590,0.943,0.943189,0.000189,1546101.43,89348.82
2026-09-28T19:38:50.821531+00:00,1357396,Will the Philadelphia Eagles win the 2027 NFL league championship?,Yes,67550420979177489996180069723505955888038150368085668640711886592732638036902,0.0525,0.0525,0.0,1512873.52,109543.54
2026-09-28T19:38:51.096405+00:00,1357396,Will the Philadelphia Eagles win the 2027 NFL league championship?,No,18473154342976112888187286109293851961744651663087825578913965129438006741742,0.9475,0.9475,0.0,1512873.52,109543.54
2026-09-28T19:38:51.339345+00:00,1005343,Puffpaw FDV above $50M one day after launch?,Yes,510034681274411516291754863482343062051712641324940501686223446447563026393,0.275,0.275,0.0,1510650.41,24900.04
2026-09-28T19:38:51.615113+00:00,1005343,Puffpaw FDV above $50M one day after launch?,No,112035939766271890070835678458583327089904184175100021395727240122574156493209,0.725,0.725,0.0,1510650.41,24900.04
2026-09-28T19:38:51.868074+00:00,904737,Extended FDV above $300M one day after launch?,Yes,30168634295384984099987626703440157654602987915064535215384295190163901851184,0.415,0.415,0.0,1498068.41,36252.2
2026-09-28T19:38:52.175972+00:00,904737,Extended FDV above $300M one day after launch?,No,7331524226715372344246571285800167833640643080436335461689965049717889378938,0.585,0.585,0.0,1498068.41,36252.2
2026-09-28T19:38:53.318711+00:00,637006,Will Greta Thunberg win the Nobel Peace Prize in 2026?,Yes,110720206167890822616321575705807171983245849150110799188723045022216595670551,0.0105,0.02,0.0095,1481056.42,68671.78
2026-09-28T19:38:53.554577+00:00,637006,Will Greta Thunberg win the Nobel Peace Prize in 2026?,No,88258427153334602839061103957324557393993316504272753015676420313968562088509,0.9895,0.98,-0.0095,1481056.42,68671.78
2026-09-28T19:38:53.829073+00:00,1357397,Will the Pittsburgh Steelers win the 2027 NFL league championship?,Yes,1644423779555068499869687727066828174102109860217236402367040602994229475131,0.0105,0.02,0.0095,1471144.07,131947.16
2026-09-28T19:38:54.103632+00:00,1357397,Will the Pittsburgh Steelers win the 2027 NFL league championship?,No,26795153007035211886967358259067782408578434600833864469906588827373214519218,0.9895,0.98,-0.0095,1471144.07,131947.16
2026-09-28T19:38:54.366807+00:00,1235564,Will the Philadelphia Phillies win the 2026 World Series?,Yes,56772567436880230751429990016212879028273056769219355099340259163330517784781,0.0435,0.043586,8.6e-05,1466969.56,98004.69
2026-09-28T19:38:54.655548+00:00,1235564,Will the Philadelphia Phillies win the 2026 World Series?,No,9870237290570379434160738011729795161085208157636317372132377828721529919464,0.9565,0.956414,-8.6e-05,1466969.56,98004.69
2026-09-28T19:38:55.350011+00:00,2126461,Will Crude Oil reach a new all-time high by December 31?,Yes,89220876555191016916241799318314090743516702009053928118059298766028257434413,0.095,0.094586,-0.000414,1442548.29,78428.69
2026-09-28T19:38:55.633386+00:00,2126461,Will Crude Oil reach a new all-time high by December 31?,No,5513378025159191337704316460710043026668901636204511402381351948151562535480,0.905,0.905414,0.000414,1442548.29,78428.69
2026-09-28T19:38:56.096092+00:00,1115301,Will the U.S. invade Greenland in 2026?,Yes,92674041769676787946853574644277638811231469622795349256540717061493540204868,0.029,0.029553,0.000553,1439489.15,80750.26
2026-09-28T19:38:56.390983+00:00,1115301,Will the U.S. invade Greenland in 2026?,No,17095902971709157441219887002231819699119343581253499592038634568134421624411,0.971,0.970447,-0.000553,1439489.15,80750.26
2026-09-28T19:38:57.123877+00:00,1235569,Will the Chicago Cubs win the 2026 World Series?,Yes,11940406787186341071755148448116745833167346421729699368674725740151230699960,0.0405,0.040459,-4.1e-05,1426085.06,110572.73
2026-09-28T19:38:57.407423+00:00,1235569,Will the Chicago Cubs win the 2026 World Series?,No,16241194637102350801826153510570707244689613919920873459147075940515249935876,0.9595,0.959541,4.1e-05,1426085.06,110572.73
2026-09-28T19:38:58.285933+00:00,665531,Metamask FDV above $700M one day after launch?,Yes,27944626213701198119611689981836884300701096451168812471764168520890801988056,0.0705,0.070286,-0.000214,1393019.4,24434.65
2026-09-28T19:38:58.568798+00:00,665531,Metamask FDV above $700M one day after launch?,No,55509649865325104641531245650537613391494802994578307703136247282221756039109,0.9295,0.929714,0.000214,1393019.4,24434.65
2026-09-28T19:38:58.811163+00:00,1357391,Will the Minnesota Vikings win the 2027 NFL league championship?,Yes,2259102227815950907342121712913326957116722298738395193563847530262859469556,0.0315,0.031526,2.6e-05,1392452.7,96929.13
2026-09-28T19:38:59.074135+00:00,1357391,Will the Minnesota Vikings win the 2027 NFL league championship?,No,44629497752306165259086691706496023592370137409090192452963788945425971558110,0.9685,0.968474,-2.6e-05,1392452.7,96929.13
2026-09-28T19:38:59.543539+00:00,687642,China x Japan military clash before 2027?,Yes,24359841971256354562338291910316825498086150942929460621080163666720754945761,0.055,0.055,0.0,1375464.49,41307.34
2026-09-28T19:38:59.790280+00:00,687642,China x Japan military clash before 2027?,No,102617319572539919553357676752315366758463499662855057808806666308412570450045,0.945,0.945,0.0,1375464.49,41307.34
2026-09-28T19:39:00.518798+00:00,1168140,Will the upper bound of the target federal funds rate be 4.0% at the end of 2026?,Yes,45298643302120067019009097483686644753682404593036519073434032964867401216713,0.0725,0.0725,0.0,1374894.5,1663.02
2026-09-28T19:39:00.767435+00:00,1168140,Will the upper bound of the target federal funds rate be 4.0% at the end of 2026?,No,91978458915370945988908089539242949184649677903154230672720974787942861020433,0.9275,0.9275,0.0,1374894.5,1663.02
2026-09-28T19:39:01.359128+00:00,678747,Will Israel strike 4 countries in 2026?,Yes,92230933527175957699173261837562970961226561473212829507303559647834156802557,0.776,0.775899,-0.000101,1369576.73,11166.03
2026-09-28T19:39:01.670427+00:00,678747,Will Israel strike 4 countries in 2026?,No,3024601857887977964432828689764702426766285353964470701607503585563051834427,0.224,0.224101,0.000101,1369576.73,11166.03
2026-09-28T19:39:01.954237+00:00,701504,"Will Bitcoin dip to $25,000 by December 31, 2026?",Yes,58908160299895538838177673280060816284346493901538403975218911918392404378292,0.0135,0.02,0.0065,1356603.83,121326.45
2026-09-28T19:39:02.198402+00:00,701504,"Will Bitcoin dip to $25,000 by December 31, 2026?",No,44020894143429291435765313920570636537547227867267163638960074550696342100042,0.9865,0.98,-0.0065,1356603.83,121326.45
2026-09-28T19:39:02.416926+00:00,677396,Iran Nuke before 2027?,Yes,55302250828823180276187438149698246226978412434312478767847394628702439947936,0.0405,0.04065,0.00015,1333100.21,103783.14
2026-09-28T19:39:02.699766+00:00,677396,Iran Nuke before 2027?,No,5697221075711858699852624943573291720358422810802415883854283024034226588211,0.9595,0.95935,-0.00015,1333100.21,103783.14
2026-09-28T19:39:02.980203+00:00,2125369,"Will Russia capture all of Stepnohirsk by September 30, 2026?",Yes,8801172977794092146061616813978915827794844185411002079917437218898204513735,0.0105,0.02,0.0095,1329177.0,10907.56
2026-09-28T19:39:03.217109+00:00,2125369,"Will Russia capture all of Stepnohirsk by September 30, 2026?",No,99034969588140846760236688115393147961139609221891987820388072635667788256056,0.9895,0.98,-0.0095,1329177.0,10907.56
2026-09-28T19:39:03.620340+00:00,2772176,Will Barcelona win the 2026-27 UEFA Champions League Championship?,Yes,105424657244554511014150825202397702180419919286931996082717264149902476600628,0.235,0.235,0.0,1324404.87,963528.37
2026-09-28T19:39:03.864924+00:00,2772176,Will Barcelona win the 2026-27 UEFA Champions League Championship?,No,34945358399694068879260737230963453183436310658083966074000573983342060858792,0.765,0.765,0.0,1324404.87,963528.37
2026-09-28T19:39:04.616657+00:00,665480,Will US withdraw from NATO before 2027?,Yes,17540726999074768109459325330147925578223846904053718101370100723042933774840,0.0185,0.02,0.0015,1314980.82,56063.39
2026-09-28T19:39:04.909411+00:00,665480,Will US withdraw from NATO before 2027?,No,23292838992754288443599105453645327195065821436549655583078911490396768004449,0.9815,0.98,-0.0015,1314980.82,56063.39
2026-09-28T19:39:05.412138+00:00,2299952,Will Anthropic's valuation hit (HIGH) $3.0T by December 31?,Yes,104142036867931412514405371667253870392906648391536505298080565010839115459260,0.235,0.235,0.0,1298057.12,33634.18
2026-09-28T19:39:05.655256+00:00,2299952,Will Anthropic's valuation hit (HIGH) $3.0T by December 31?,No,40504602999746502052081185409322422451246922051464321593641901006620543564089,0.765,0.765,0.0,1298057.12,33634.18
2026-09-28T19:39:05.877710+00:00,1235562,Will the Atlanta Braves win the 2026 World Series?,Yes,87400549613971964996449731299293585289302880817247437384669548139968257881468,0.0675,0.067188,-0.000312,1291404.6,123340.18
2026-09-28T19:39:06.118711+00:00,1235562,Will the Atlanta Braves win the 2026 World Series?,No,29295580868306068896124583600000282365944247641268463074038627370917750913578,0.9325,0.932812,0.000312,1291404.6,123340.18
2026-09-28T19:39:06.346452+00:00,676739,Will NVIDIA be the largest company in the world by market cap on December 31?,Yes,11876606915924142133615854761923277060697657209957870741155164849437788272266,0.755,0.753498,-0.001502,1290424.27,97653.02
2026-09-28T19:39:06.478000+00:00,676739,Will NVIDIA be the largest company in the world by market cap on December 31?,No,114033095271617070714983865791504478906266507670567428753203001241312040895286,0.245,0.246502,0.001502,1290424.27,97653.02
2026-09-28T19:39:06.829208+00:00,3501950,Strait of Hormuz traffic returns to normal by October 31?,Yes,65318042793305154928481822061228422214615698483328483747495637152414701080541,0.045,0.046165,0.001165,1274633.47,172185.55
2026-09-28T19:39:07.104120+00:00,3501950,Strait of Hormuz traffic returns to normal by October 31?,No,112428165813371561912833460698436648539922320261306010177252036814838759682453,0.955,0.953835,-0.001165,1274633.47,172185.55
2026-09-28T19:39:07.385386+00:00,629030,Will Karen Bass win the 2026 Los Angeles mayoral election?,Yes,21099887182068653164347641846316470453763034851874063977340528628016776716246,0.415,0.415,0.0,1274357.34,129884.04
2026-09-28T19:39:07.662652+00:00,629030,Will Karen Bass win the 2026 Los Angeles mayoral election?,No,34469274651136131348321516150438492438660307886630693950137200696755429925073,0.585,0.585,0.0,1274357.34,129884.04
2026-09-28T19:39:08.112081+00:00,665495,Ukraine joins NATO before 2027?,Yes,105909749038687353646093584977576398934339148279467952755284020121199034833651,0.024,0.024171,0.000171,1251312.6,41554.01
2026-09-28T19:39:08.352505+00:00,665495,Ukraine joins NATO before 2027?,No,78921303073622643247824624558291531504050909099207837726631334847335698455690,0.976,0.975829,-0.000171,1251312.6,41554.01
2026-09-28T19:39:08.487720+00:00,1365861,Will Flávio Bolsonaro finish in second place in the first round of the 2026 Brazilian presidential election?,Yes,49821065181473419798146957267480015506102711160660718636601116902870701340131,0.745,0.747052,0.002052,1247417.76,91016.36
2026-09-28T19:39:08.731685+00:00,1365861,Will Flávio Bolsonaro finish in second place in the first round of the 2026 Brazilian presidential election?,No,40248862204095545824507770609491521282553259429991780219438297794719904718932,0.255,0.252948,-0.002052,1247417.76,91016.36
2026-09-28T19:39:09.205709+00:00,2853074,Bab el-Mandeb Strait effectively closed by December 31?,Yes,43976511902268111041633866799555037330317427315454056847054364885183934986197,0.175,0.176177,0.001177,1243751.65,107847.39
2026-09-28T19:39:09.460774+00:00,2853074,Bab el-Mandeb Strait effectively closed by December 31?,No,33460385394344753109351907923235209397225125746318923726067817676780036931403,0.825,0.823823,-0.001177,1243751.65,107847.39
2026-09-28T19:39:10.187434+00:00,565064,Will the Republicans win the 2028 US Presidential Election?,Yes,67109747366255871599717338045111308888043498275177238365560740200996017915657,0.345,0.345,0.0,1227608.65,285700.64
2026-09-28T19:39:10.424188+00:00,565064,Will the Republicans win the 2028 US Presidential Election?,No,103845791232328975452762372781150730610824357544180691092497335946993481308222,0.655,0.655,0.0,1227608.65,285700.64
2026-09-28T19:39:10.872506+00:00,1357389,Will the Los Angeles Rams win the 2027 NFL league championship?,Yes,43352642039302747588938905555385017655344819959150117270669936414308468726872,0.105,0.105,0.0,1223123.39,117147.44
2026-09-28T19:39:11.114642+00:00,1357389,Will the Los Angeles Rams win the 2027 NFL league championship?,No,28468320524436456029317358202625636991963165476882735910405095309772884444178,0.895,0.895,0.0,1223123.39,117147.44
2026-09-28T19:39:11.349335+00:00,565065,Will the Democrats win the 2028 US Presidential Election?,Yes,49084048476353771153083262278964615095037480324537117350127265918750912547378,0.645,0.645,0.0,1220264.33,271390.44
2026-09-28T19:39:11.594881+00:00,565065,Will the Democrats win the 2028 US Presidential Election?,No,1376044590327709616459174469529480611299625159235587466149878628404281805565,0.355,0.355,0.0,1220264.33,271390.44
2026-09-28T19:39:12.319820+00:00,701491,"Will Bitcoin reach $150,000 by December 31, 2026?",Yes,9408196828451163378822245032645030045707991112669125056198742225498158094445,0.0345,0.034532,3.2e-05,1204754.78,95250.99
2026-09-28T19:39:12.569129+00:00,701491,"Will Bitcoin reach $150,000 by December 31, 2026?",No,51483905306465811734319720696244063650497726569976526242005911027664652328096,0.9655,0.965468,-3.2e-05,1204754.78,95250.99
2026-09-28T19:39:13.009914+00:00,1357399,Will the Seattle Seahawks win the 2027 NFL league championship?,Yes,44921620302443755066232904216706419654951291213279649386577553092891642701355,0.075,0.075,0.0,1200979.7,133599.49
2026-09-28T19:39:13.301045+00:00,1357399,Will the Seattle Seahawks win the 2027 NFL league championship?,No,108653605515870936645618227692502841707998202104516753146823247672070536516170,0.925,0.925,0.0,1200979.7,133599.49
2026-09-28T19:39:13.585514+00:00,701492,"Will Bitcoin reach $140,000 by December 31, 2026?",Yes,71296910957902084356560391757722633648005498400799774895345285101862220728868,0.043,0.043189,0.000189,1200467.65,89121.12
2026-09-28T19:39:13.821161+00:00,701492,"Will Bitcoin reach $140,000 by December 31, 2026?",No,70543103071492972645151283689391729699226843216132833577173691542490654530110,0.957,0.956811,-0.000189,1200467.65,89121.12
2026-09-28T19:39:13.975946+00:00,3866000,"Will Ethereum dip to $2,250 by December 31, 2026?",Yes,66335306745821529065179061745515953781644081595464464996921948603911228936814,0.285,0.286838,0.001838,1193672.59,55701.37
2026-09-28T19:39:14.267422+00:00,3866000,"Will Ethereum dip to $2,250 by December 31, 2026?",No,63382519856399132244485492020084100091374236550290181904952415637486462703240,0.715,0.713162,-0.001838,1193672.59,55701.37
2026-09-28T19:39:14.501164+00:00,694940,Will GitLab be acquired before 2027?,Yes,78229401955179772346633280675438287183628102967234404539478345545004251094928,0.058,0.05795,-5e-05,1191625.33,2742.09
2026-09-28T19:39:14.848349+00:00,694940,Will GitLab be acquired before 2027?,No,42718002437679987995641088066046545871003504244898724347868454522650727835167,0.942,0.942027,2.7e-05,1191625.33,2742.09
2026-09-28T19:39:15.079566+00:00,1349167,Will San Jose Earthquakes win the 2026 MLS Cup?,Yes,81119773052891775821920721095385802155330895016204596516121823281272853716086,0.0255,0.024807,-0.000693,1180010.47,21269.54
2026-09-28T19:39:15.323445+00:00,1349167,Will San Jose Earthquakes win the 2026 MLS Cup?,No,53994188756838304898057895570089385957560965446003235191270269241092098432636,0.9745,0.975193,0.000693,1180010.47,21269.54
2026-09-28T19:39:15.777293+00:00,4052417,"Will Bitcoin reach $90,000 in September?",Yes,109310241204748219450206481030209385302693105169008720334568386742768385563899,0.016,0.02,0.004,1173248.57,120388.42
2026-09-28T19:39:16.053398+00:00,4052417,"Will Bitcoin reach $90,000 in September?",No,21164311782025361639338919864638388434077877389091169845133206760657732867402,0.984,0.98,-0.004,1173248.57,120388.42
2026-09-28T19:39:16.324367+00:00,1393318,Predict.fun FDV above $200M one day after launch?,Yes,110169034215768610667371569393261003496751585492880635411276496208130195056884,0.765,0.765,0.0,1166624.81,35391.47
2026-09-28T19:39:16.582520+00:00,1393318,Predict.fun FDV above $200M one day after launch?,No,107542516153427244812049249983593386082083406501289000557057937038402234562196,0.235,0.235,0.0,1166624.81,35391.47
2026-09-28T19:39:16.859437+00:00,1393319,Predict.fun FDV above $300M one day after launch?,Yes,111418219797400062581536324496263222919277747493681884041924643375029037449745,0.72,0.72,0.0,1166185.74,32473.4
2026-09-28T19:39:17.099306+00:00,1393319,Predict.fun FDV above $300M one day after launch?,No,63710889789339586153799622451711043622804652800354892440817390531393197961941,0.28,0.28,0.0,1166185.74,32473.4
2026-09-28T19:39:17.555848+00:00,1469734,Will there be no Head of State in Iran end of 2026?,Yes,46737595588538785221040143451401435150985932684129375912985868128718669274118,0.045,0.045243,0.000243,1164493.2,81464.28
2026-09-28T19:39:17.835013+00:00,1469734,Will there be no Head of State in Iran end of 2026?,No,96773953960313048340895711765817431775606353405814859249629785260485292633238,0.955,0.954757,-0.000243,1164493.2,81464.28
2026-09-28T19:39:18.074224+00:00,1294368,"Will Gold (GC) hit (HIGH) $6,000 by end of December?",Yes,79773570476744632615747480307256906441402089435470166694872527952303027818942,0.085,0.085,0.0,1156954.35,66929.54
2026-09-28T19:39:18.355017+00:00,1294368,"Will Gold (GC) hit (HIGH) $6,000 by end of December?",No,57387274828031262660486557812863866267296282062465522136167391501230739962676,0.915,0.915,0.0,1156954.35,66929.54
2026-09-28T19:39:18.486267+00:00,630772,Will the Democrats win the Maine Senate race in 2026?,Yes,7589880081658059374445882095611024032084645048848237404312287942463647821549,0.605,0.60373,-0.00127,1156615.44,129559.74
2026-09-28T19:39:18.761680+00:00,630772,Will the Democrats win the Maine Senate race in 2026?,No,6136336712352911156426560180855478229745540927722899997193789497766196705020,0.395,0.39627,0.00127,1156615.44,129559.74
2026-09-28T19:39:18.978429+00:00,1235552,Will the Cleveland Guardians win the 2026 World Series?,Yes,86836855507912353672331273895741550012643122260675758564432763672972116051156,0.068,0.068516,0.000516,1155223.58,112096.17
2026-09-28T19:39:19.230623+00:00,1235552,Will the Cleveland Guardians win the 2026 World Series?,No,21005232080146912819588519036283574999557774043585211746019489918059412624743,0.932,0.931933,-6.7e-05,1155223.58,112096.17
2026-09-28T19:39:19.373327+00:00,4052418,"Will Bitcoin reach $87,500 in September?",Yes,93102073593745160534123412868713328176360151139344483198023062751009656599915,0.065,0.088404,0.023404,1151098.31,80548.92
2026-09-28T19:39:19.500190+00:00,4052418,"Will Bitcoin reach $87,500 in September?",No,4154193998817736104851866613650963230068092479669344695639193833815805918087,0.935,0.911596,-0.023404,1151098.31,80548.92
2026-09-28T19:39:20.183438+00:00,3120760,"NATO x Russia military clash by October 31, 2026?",Yes,90103249718343334756773580827701144244122903469501608441410963092372041632343,0.145,0.145,0.0,1146526.9,188858.88
2026-09-28T19:39:20.427868+00:00,3120760,"NATO x Russia military clash by October 31, 2026?",No,66797176836865406644675050248194264952001579179703527537658211196864343226792,0.855,0.855,0.0,1146526.9,188858.88
2026-09-28T19:39:20.668233+00:00,1321564,Will Anthropic have the highest IPO Market Cap 2026?,Yes,21209890653812186814248619913047412762177779312349880099050240669177189381593,0.439,0.438437,-0.000563,1142490.49,15957.49
2026-09-28T19:39:20.910705+00:00,1321564,Will Anthropic have the highest IPO Market Cap 2026?,No,37461417265919800563099829598896496437436229231955379584818921535241120965562,0.561,0.561563,0.000563,1142490.49,15957.49
2026-09-28T19:39:21.124391+00:00,1469754,Will Mahmoud Ahmadinejad be head of state in Iran end of 2026?,Yes,89974685609098808755854367630091386804795305974823550976721901844367211884750,0.012,0.02,0.008,1132323.02,44457.19
2026-09-28T19:39:21.365291+00:00,1469754,Will Mahmoud Ahmadinejad be head of state in Iran end of 2026?,No,66205920612209141344389539613201464673915400667247839651655338520033425733054,0.988,0.98,-0.008,1132323.02,44457.19
2026-09-28T19:39:21.639658+00:00,898660,Will Mercedes be the 2026 F1 Constructors' Champion?,Yes,94922529932212500419231547100981162651595923093160689242276879357678594265586,0.967,0.966715,-0.000285,1130427.59,28582.93
2026-09-28T19:39:21.865609+00:00,898660,Will Mercedes be the 2026 F1 Constructors' Champion?,No,115463251310432313770716629825102100387287284111396008305396488867667653800833,0.033,0.033285,0.000285,1130427.59,28582.93
2026-09-28T23:54:27.491608+00:00,665374,Will the U.S. invade Iran before 2027?,Yes,55115078421062885512539156303747803058407616201213034911037320915726138659123,0.145,0.145992,0.000992,69951261.99,899881.9
2026-09-28T23:54:27.907953+00:00,665374,Will the U.S. invade Iran before 2027?,No,1910830010387565971650098373488592514702818137344973088263643820608151819241,0.855,0.854008,-0.000992,69951261.99,899881.9
2026-09-28T23:54:28.283982+00:00,703258,Will Jesus Christ return before 2027?,Yes,69324317355037271422943965141382095011871956039434394956830818206664869608517,0.0165,0.02,0.0035,66095082.75,528467.19
2026-09-28T23:54:28.679227+00:00,703258,Will Jesus Christ return before 2027?,No,51797157743046504218541616681751597845468055908324407922581755135522797852101,0.9835,0.98,-0.0035,66095082.75,528467.19
2026-09-28T23:54:33.388435+00:00,567621,Will China invade Taiwan by end of 2026?,Yes,94559586571241563470235664821564670251180951772614764383113614156422396181162,0.0345,0.0345,0.0,42978965.11,652557.85
2026-09-28T23:54:33.890681+00:00,567621,Will China invade Taiwan by end of 2026?,No,90772332434487149264114862115632028379978765245278600275169585501290867536237,0.9655,0.9655,0.0,42978965.11,652557.85
2026-09-28T23:54:36.236358+00:00,703257,Will the US confirm that aliens exist before 2027?,Yes,107505882767731489358349912513945399560393482969656700824895970500493757150417,0.0355,0.035459,-4.1e-05,39889458.54,890444.36
2026-09-28T23:54:36.640634+00:00,703257,Will the US confirm that aliens exist before 2027?,No,7305630249804085635496399869905769372294302716159034447326228509068694952392,0.9645,0.964541,4.1e-05,39889458.54,890444.36
2026-09-28T23:54:39.126716+00:00,997488,Will Trump acquire Greenland before 2027?,Yes,5161623255678193352839985156330393796378434470119114669671615782853260939535,0.027,0.027021,2.1e-05,35588268.4,219950.91
2026-09-28T23:54:39.474564+00:00,997488,Will Trump acquire Greenland before 2027?,No,57216272564529548464686463691236811991956032201293786790337952253964682584376,0.973,0.972979,-2.1e-05,35588268.4,219950.91
2026-09-28T23:54:43.750593+00:00,2063132,Will Demeke Mekonnen be the next Prime Minister of Ethiopia?,Yes,2782564244692790193407832532237218722544517902619602647018377360625351910716,0.0135,0.02,0.0065,29330600.54,23088.16
2026-09-28T23:54:44.115753+00:00,2063132,Will Demeke Mekonnen be the next Prime Minister of Ethiopia?,No,100810872307019720237998809617641705524940094430787348748697558959574587826450,0.9865,0.98,-0.0065,29330600.54,23088.16
2026-09-28T23:54:45.703245+00:00,559652,Will Gavin Newsom win the 2028 Democratic presidential nomination?,Yes,54533043819946592547517511176940999955633860128497669742211153063842200957669,0.166,0.166513,0.000513,27801175.43,410516.99
2026-09-28T23:54:46.047154+00:00,559652,Will Gavin Newsom win the 2028 Democratic presidential nomination?,No,87854174148074652060467921081181402357467303721471806610111179101805869578687,0.834,0.833487,-0.000513,27801175.43,410516.99
2026-09-28T23:54:47.021165+00:00,663583,Will the Iranian regime fall before 2027?,Yes,10991849228756847439673778874175365458450913336396982752046655649803657501964,0.065,0.065,0.0,26391363.32,704036.83
2026-09-28T23:54:47.350565+00:00,663583,Will the Iranian regime fall before 2027?,No,106181075047366745139197108801635573283215248045056329679360376976893016488727,0.935,0.935,0.0,26391363.32,704036.83
2026-09-28T23:54:49.243930+00:00,559675,Will Jon Stewart win the 2028 Democratic presidential nomination?,Yes,58343456405874365460518182619380252930558598368174305791768670198253267891911,0.0135,0.02,0.0065,24803721.33,321740.71
2026-09-28T23:54:49.865718+00:00,559675,Will Jon Stewart win the 2028 Democratic presidential nomination?,No,84566561349071752664514432513198569980219178901068420341175150225620958953893,0.9865,0.98,-0.0065,24803721.33,321740.71
2026-09-28T23:54:50.480471+00:00,1163699,Clarity Act (H.R.3633) signed into law in 2026?,Yes,35198549486569600595408965368290795524428922595732253580266052028158040373233,0.0525,0.052549,4.9e-05,23228592.78,437750.34
2026-09-28T23:54:50.814022+00:00,1163699,Clarity Act (H.R.3633) signed into law in 2026?,No,29633826701713552120011280893309822625942861174174976276686142480636225243753,0.9475,0.947451,-4.9e-05,23228592.78,437750.34
2026-09-28T23:54:52.099745+00:00,560317,"Putin out as President of Russia by December 31, 2026?",Yes,350977769852917329387037893294763093471844346281449484439085576212613048126,0.0285,0.029205,0.000705,22424487.79,862385.79
2026-09-28T23:54:52.440284+00:00,560317,"Putin out as President of Russia by December 31, 2026?",No,87073899845581463485186346288398658568334162612963837182986759797304993556208,0.9715,0.971607,0.000107,22424487.79,862385.79
2026-09-28T23:54:54.260022+00:00,561989,Will Ted Cruz win the 2028 Republican presidential nomination?,Yes,75602319799101799832214450648958470414659751617273540482126444460192042893239,0.0195,0.02,0.0005,19511229.35,824381.27
2026-09-28T23:54:54.604313+00:00,561989,Will Ted Cruz win the 2028 Republican presidential nomination?,No,67427191791815068910367164354907762897739120962449893449251138341231627575633,0.9805,0.98,-0.0005,19511229.35,824381.27
2026-09-28T23:54:55.232719+00:00,561237,Will Andy Beshear win the 2028 US Presidential Election?,Yes,50507496430692162923857760920722624157737138256097150616293040054748564876552,0.013,0.02,0.007,19238616.13,307043.5
2026-09-28T23:54:55.558212+00:00,561237,Will Andy Beshear win the 2028 US Presidential Election?,No,53112547591746110422238703365888013497196468199611167129486770819598374380742,0.987,0.98,-0.007,19238616.13,307043.5
2026-09-28T23:54:56.765842+00:00,561230,Will Gavin Newsom win the 2028 US Presidential Election?,Yes,98250445447699368679516529207365255018790721464590833209064266254238063117329,0.0765,0.076377,-0.000123,18476256.74,342566.94
2026-09-28T23:54:57.111153+00:00,561230,Will Gavin Newsom win the 2028 US Presidential Election?,No,18823838997443878656879952590502524526556504037944392973476854588563571859850,0.9235,0.923623,0.000123,18476256.74,342566.94
2026-09-28T23:54:57.475105+00:00,2155000,Hantavirus pandemic in 2026?,Yes,51508280778202349361616850684455231843716212176724253736363122559269229712002,0.0255,0.0255,0.0,18446666.71,175218.42
2026-09-28T23:54:57.840696+00:00,2155000,Hantavirus pandemic in 2026?,No,95212449865986159112377413335252801281670333750637442556685159781445406848396,0.9745,0.9745,0.0,18446666.71,175218.42
2026-09-28T23:54:58.171979+00:00,559656,Will Wes Moore win the 2028 Democratic presidential nomination?,Yes,90227223115596293448966158151606153337847900483048338623540402385929720677904,0.02,0.02,0.0,18428959.47,283542.99
2026-09-28T23:54:58.557219+00:00,559656,Will Wes Moore win the 2028 Democratic presidential nomination?,No,105134691322323565615831879054043168027913414000042547943201361115853277749482,0.98,0.98,0.0,18428959.47,283542.99
2026-09-28T23:54:59.203158+00:00,559668,Will Mark Kelly win the 2028 Democratic presidential nomination?,Yes,92325249719485031139867422012514654102580961954747753469470405147070256604118,0.0265,0.026584,8.4e-05,17659001.36,298981.16
2026-09-28T23:54:59.815754+00:00,559668,Will Mark Kelly win the 2028 Democratic presidential nomination?,No,5116999494213083595175041146469973274436003044730013359502912125889113751080,0.9735,0.973416,-8.4e-05,17659001.36,298981.16
2026-09-28T23:55:00.733552+00:00,561229,Will JD Vance win the 2028 US Presidential Election?,Yes,16040015440196279900485035793550429453516625694844857319147506590755961451627,0.2075,0.2075,0.0,16507437.53,450035.2
2026-09-28T23:55:01.139965+00:00,561229,Will JD Vance win the 2028 US Presidential Election?,No,94476829201604408463453426454480212459887267917122244941405244686637914508323,0.7925,0.7925,0.0,16507437.53,450035.2
2026-09-28T23:55:01.780354+00:00,559663,Will J.B. Pritzker win the 2028 Democratic presidential nomination?,Yes,103988345069738240821107916249290759786442703283901164377120414690701074137717,0.0135,0.02,0.0065,15769236.7,400904.62
2026-09-28T23:55:02.147188+00:00,559663,Will J.B. Pritzker win the 2028 Democratic presidential nomination?,No,108650988487983371520585351370999192979899647080710024226285750050382033453124,0.9865,0.98,-0.0065,15769236.7,400904.62
2026-09-28T23:55:02.488340+00:00,561974,Will J.D. Vance win the 2028 Republican presidential nomination?,Yes,40081275558852222228080198821361202017557872256707631666334039001378518619916,0.5075,0.507687,0.000187,15725228.26,342572.34
2026-09-28T23:55:02.809350+00:00,561974,Will J.D. Vance win the 2028 Republican presidential nomination?,No,78633590736077251574794513664747155551297291244492840448622550955320930591622,0.4925,0.492313,-0.000187,15725228.26,342572.34
2026-09-28T23:55:03.487894+00:00,561979,Will Ron DeSantis win the 2028 Republican presidential nomination?,Yes,12127975650736113116407758794754973741525044713193258995588171654429754588610,0.0285,0.0285,0.0,15573098.68,377598.41
2026-09-28T23:55:03.853236+00:00,561979,Will Ron DeSantis win the 2028 Republican presidential nomination?,No,95344728193244020854716971584323868633691370479151373416918812532794690491367,0.9715,0.9715,0.0,15573098.68,377598.41
2026-09-28T23:55:04.215039+00:00,559653,Will Alexandria Ocasio-Cortez win the 2028 Democratic presidential nomination?,Yes,107064985435494333113391038470401719113272800530429703182710416066774068907304,0.1855,0.185438,-6.2e-05,15311360.58,352253.67
2026-09-28T23:55:04.574373+00:00,559653,Will Alexandria Ocasio-Cortez win the 2028 Democratic presidential nomination?,No,65176072261324737856085688071627118509549293922582857186996392180609764586527,0.8145,0.814562,6.2e-05,15311360.58,352253.67
2026-09-28T23:55:05.206361+00:00,559669,Will Rahm Emanuel win the 2028 Democratic presidential nomination?,Yes,10521981432803570450946212503203364998108630328528216082760514453664705157397,0.0205,0.020565,6.5e-05,14589685.06,848844.16
2026-09-28T23:55:05.573934+00:00,559669,Will Rahm Emanuel win the 2028 Democratic presidential nomination?,No,91949042216127305292438280992722171735754548787382833799906976841509942727662,0.9795,0.979435,-6.5e-05,14589685.06,848844.16
2026-09-28T23:55:05.930177+00:00,561253,Will Tucker Carlson win the 2028 US Presidential Election?,Yes,45015916581148592087728250896178171120552786117190685135618507471166113474733,0.0185,0.02,0.0015,14284023.33,292114.04
2026-09-28T23:55:06.293406+00:00,561253,Will Tucker Carlson win the 2028 US Presidential Election?,No,5353194854864999214467212176625447374807704051407621946584152368216621932371,0.9815,0.98,-0.0015,14284023.33,292114.04
2026-09-28T23:55:06.959353+00:00,559651,Xi Jinping out before 2027?,Yes,32338220190071351435772801779725302244575775216413325951443816017994629993401,0.0355,0.0355,0.0,14084127.4,630846.99
2026-09-28T23:55:07.303681+00:00,559651,Xi Jinping out before 2027?,No,25659310674993675562345759665114759892400026242514633218387667107987341231962,0.9645,0.9645,0.0,14084127.4,630846.99
2026-09-28T23:55:08.262372+00:00,561996,Will Tucker Carlson win the 2028 Republican presidential nomination?,Yes,78994573210477487932611223094751007094801552166562252085708682076112788032998,0.0315,0.03155,5e-05,13812116.55,244886.14
2026-09-28T23:55:08.637382+00:00,561996,Will Tucker Carlson win the 2028 Republican presidential nomination?,No,8140793935596394912663577132141762112024484538385519683062085870219967913900,0.9685,0.96845,-5e-05,13812116.55,244886.14
2026-09-28T23:55:08.965266+00:00,561231,Will Alexandria Ocasio-Cortez win the 2028 US Presidential Election?,Yes,8113830512143065501177519557124858581375945005490796772950589720955457782465,0.1315,0.1315,0.0,13706205.32,357649.48
2026-09-28T23:55:09.327506+00:00,561231,Will Alexandria Ocasio-Cortez win the 2028 US Presidential Election?,No,11493926619286817179231142642565394485790380952577225820901334479399429951651,0.8685,0.8685,0.0,13706205.32,357649.48
2026-09-28T23:55:10.270164+00:00,559658,Will Kamala Harris win the 2028 Democratic presidential nomination?,Yes,38171024903091354977195167437673496224420673639143973968032407064172828043588,0.0635,0.0635,0.0,13564974.51,300220.12
2026-09-28T23:55:10.772822+00:00,559658,Will Kamala Harris win the 2028 Democratic presidential nomination?,No,26930844951471612827925270830087046333229637930899178134435055616497220846773,0.9365,0.9365,0.0,13564974.51,300220.12
2026-09-28T23:55:11.109794+00:00,2176270,Strait of Hormuz traffic returns to normal by December 31?,Yes,83783489454659420807679723574840032660002326710045123865554753994450797728825,0.225,0.225743,0.000743,13478400.98,277652.2
2026-09-28T23:55:11.469981+00:00,2176270,Strait of Hormuz traffic returns to normal by December 31?,No,48727431314333088243693016929623363710488980152833544156961659445129455301311,0.775,0.774257,-0.000743,13478400.98,277652.2
2026-09-28T23:55:11.785339+00:00,559660,Will Andy Beshear win the 2028 Democratic presidential nomination?,Yes,26468656392978559668331516709623917078428425933265692717836103090220693717685,0.0275,0.027443,-5.7e-05,13295083.25,502039.08
2026-09-28T23:55:12.141011+00:00,559660,Will Andy Beshear win the 2028 Democratic presidential nomination?,No,26335362363448644358593284423242327477307616743233875606762153873424287882825,0.9725,0.972557,5.7e-05,13295083.25,502039.08
2026-09-28T23:55:12.483051+00:00,559661,Will Jon Ossoff win the 2028 Democratic presidential nomination?,Yes,70071592420137476676935286377781779672157004436137616627487590484756055232944,0.1545,0.1545,0.0,13108985.64,282337.15
2026-09-28T23:55:12.844793+00:00,559661,Will Jon Ossoff win the 2028 Democratic presidential nomination?,No,107829893465244243112531790315844862173967342141753896250561816305880797209350,0.8455,0.8455,0.0,13108985.64,282337.15
2026-09-28T23:55:13.770631+00:00,561246,Will Ron DeSantis win the 2028 US Presidential Election?,Yes,104480514270625615787868282411330496385404675495672110015326625654626015018993,0.0185,0.02,0.0015,12630253.28,192117.37
2026-09-28T23:55:14.093702+00:00,561246,Will Ron DeSantis win the 2028 US Presidential Election?,No,65724430065358897810064400118831287249960059855415477063660293398018349529272,0.9815,0.98,-0.0015,12630253.28,192117.37
2026-09-28T23:55:14.416261+00:00,561234,Will Marco Rubio win the 2028 US Presidential Election?,Yes,11171618905857319805355893398009978356002287408842633593535559412449299952250,0.0875,0.0875,0.0,12589637.05,257461.05
2026-09-28T23:55:14.762688+00:00,561234,Will Marco Rubio win the 2028 US Presidential Election?,No,65892530750232246342273648992064742042382898919201083513241874070914353628268,0.9125,0.9125,0.0,12589637.05,257461.05
2026-09-28T23:55:15.096399+00:00,601819,Will Luiz Inácio Lula da Silva win the 2026 Brazilian presidential election?,Yes,30630994248667897740988010928640156931882346081873066002335460180076741328029,0.415,0.415414,0.000414,12528924.79,364746.74
2026-09-28T23:55:15.421980+00:00,601819,Will Luiz Inácio Lula da Silva win the 2026 Brazilian presidential election?,No,79191939610100241429039499950443680906623179487184628479206155805558220344190,0.585,0.584586,-0.000414,12528924.79,364746.74
2026-09-28T23:55:15.777417+00:00,559686,Will Dwayne 'The Rock' Johnson win the 2028 Democratic presidential nomination?,Yes,40963724357262746498642320898188195118391211877976821531149510360187173789737,0.011,0.02,0.009,12515512.46,860006.96
2026-09-28T23:55:16.137735+00:00,559686,Will Dwayne 'The Rock' Johnson win the 2028 Democratic presidential nomination?,No,14959910401705469574520698331840889689202579612030624016640567510369602599866,0.989,0.98,-0.009,12515512.46,860006.96
2026-09-28T23:55:16.471480+00:00,601826,Will Flávio Bolsonaro win the 2026 Brazilian presidential election?,Yes,109876868437950584369987384406356259939519193117253465815665152916226511121427,0.5795,0.579184,-0.000316,12167076.17,505106.02
2026-09-28T23:55:16.828842+00:00,601826,Will Flávio Bolsonaro win the 2026 Brazilian presidential election?,No,38310927461258927563020508025396887688249787380193911540547071417200646834355,0.4205,0.420816,0.000316,12167076.17,505106.02
2026-09-28T23:55:17.373629+00:00,559654,Will Pete Buttigieg win the 2028 Democratic presidential nomination?,Yes,91031279171981959197361710127213577102576826515163085396576756946418341946256,0.0495,0.0495,0.0,12141635.07,369259.81
2026-09-28T23:55:17.759481+00:00,559654,Will Pete Buttigieg win the 2028 Democratic presidential nomination?,No,18494065527924073750217237765784380365430319396356251245973222791140100738948,0.9505,0.9505,0.0,12141635.07,369259.81
2026-09-28T23:55:18.448876+00:00,666861,Trump out as President before 2027?,Yes,59252515735652674747158950210016502214756531287333895140318848923768750410355,0.045,0.045,0.0,11995667.41,355773.35
2026-09-28T23:55:18.823982+00:00,666861,Trump out as President before 2027?,No,2849827372590072151380088930233312280478318575453624773762283369907909283027,0.955,0.955,0.0,11995667.41,355773.35
2026-09-28T23:55:19.187270+00:00,1472548,Will Reza Pahlavi lead Iran in 2026?,Yes,104932610032177696635191871147557737718087870958469629338467406422339967452218,0.0315,0.031549,4.9e-05,11767884.05,96237.66
2026-09-28T23:55:19.556295+00:00,1472548,Will Reza Pahlavi lead Iran in 2026?,No,96214953624495509683027302209340859673097705517450500531670409012928242777230,0.9685,0.968451,-4.9e-05,11767884.05,96237.66
2026-09-28T23:55:20.202181+00:00,559694,Will Ro Khanna win the 2028 Democratic presidential nomination?,Yes,20374050108659687356429749447884880983779889840007423115803042125707701269498,0.0135,0.02,0.0065,11308514.37,374973.79
2026-09-28T23:55:20.569225+00:00,559694,Will Ro Khanna win the 2028 Democratic presidential nomination?,No,2610336024939503976910443133965525155112118948066646227040491461288298872236,0.9865,0.98,-0.0065,11308514.37,374973.79
2026-09-28T23:55:21.570327+00:00,1126504,Will the US acquire part of Greenland in 2026?,Yes,60745476350338574489643206785963608049827415658137795738920858026399504782388,0.029,0.028169,-0.000831,10886017.48,60651.4
2026-09-28T23:55:21.940771+00:00,1126504,Will the US acquire part of Greenland in 2026?,No,104895545296438735617666172336621441242754294947987367085791779928220778311973,0.971,0.971831,0.000831,10886017.48,60651.4
2026-09-28T23:55:22.280421+00:00,559695,Will James Talarico win the 2028 Democratic presidential nomination?,Yes,52535923606561722941567320365820395300598958985353103429657683100920373025261,0.0205,0.0205,0.0,10713495.57,259260.9
2026-09-28T23:55:22.685036+00:00,559695,Will James Talarico win the 2028 Democratic presidential nomination?,No,20643805904661385280242837899001038341346631607217619709766724611396929658707,0.9795,0.9795,0.0,10713495.57,259260.9
2026-09-28T23:55:23.023635+00:00,561975,Will Marco Rubio win the 2028 Republican presidential nomination?,Yes,13565458761220145250977753098276900790902214604876327357986816739576288755859,0.1555,0.155587,8.7e-05,10695896.03,319597.22
2026-09-28T23:55:23.354396+00:00,561975,Will Marco Rubio win the 2028 Republican presidential nomination?,No,75720156002519829912361786945091022242706922246722836126941546028340974330171,0.8445,0.844413,-8.7e-05,10695896.03,319597.22
2026-09-28T23:55:23.713543+00:00,561243,Will Donald Trump win the 2028 US Presidential Election?,Yes,11807691644868166983390207408868795383945915035851758101409310535538572683733,0.0115,0.02,0.0085,10651316.59,698817.75
2026-09-28T23:55:24.086028+00:00,561243,Will Donald Trump win the 2028 US Presidential Election?,No,72656506786460378316387284276713856836841708169262528054985577978493419440428,0.9885,0.98,-0.0085,10651316.59,698817.75
2026-09-28T23:55:26.421498+00:00,559655,Will Josh Shapiro win the 2028 Democratic presidential nomination?,Yes,71169839497420596285841847514123589847893415750912355173877524195175834054354,0.0615,0.0615,0.0,10054430.33,277010.66
2026-09-28T23:55:26.796620+00:00,559655,Will Josh Shapiro win the 2028 Democratic presidential nomination?,No,55290827599553280245963175724940496753557722439999671239772487781170052583987,0.9385,0.9385,0.0,10054430.33,277010.66
2026-09-28T23:55:27.154076+00:00,561978,Will Donald Trump Jr. win the 2028 Republican presidential nomination?,Yes,96972794085445478502118386209219626048407104930213167197946285611747327241358,0.0185,0.02,0.0015,9679605.65,589129.75
2026-09-28T23:55:27.479182+00:00,561978,Will Donald Trump Jr. win the 2028 Republican presidential nomination?,No,17764541728623556463430129981248514099360802330077857891779810164830347138778,0.9815,0.98,-0.0015,9679605.65,589129.75
2026-09-28T23:55:27.922346+00:00,561973,Will Donald Trump win the 2028 Republican presidential nomination?,Yes,3039641309958397001906153616677074061284510636204155275446291716739429262374,0.018,0.02,0.002,9607951.63,366788.12
2026-09-28T23:55:28.244168+00:00,561973,Will Donald Trump win the 2028 Republican presidential nomination?,No,27828976648682466778776999076215423777766972981338264154049603024771135223200,0.982,0.98,-0.002,9607951.63,366788.12
2026-09-28T23:55:29.243749+00:00,561239,Will Kamala Harris win the 2028 US Presidential Election?,Yes,70663352401606372246362604193214664065595751757222752105245221905399175050480,0.0405,0.0405,0.0,9088988.61,366936.03
2026-09-28T23:55:29.570538+00:00,561239,Will Kamala Harris win the 2028 US Presidential Election?,No,4988819538339626436114997160558538168652916536529198363646261454228218983102,0.9595,0.9595,0.0,9088988.61,366936.03
2026-09-28T23:55:30.816701+00:00,616902,Will no Fed rate cuts happen in 2026?,Yes,12403602920039269077597917340921667997547115084613238528792639013246536343316,0.9695,0.969131,-0.000369,8646579.89,579059.43
2026-09-28T23:55:31.376069+00:00,616902,Will no Fed rate cuts happen in 2026?,No,21294592205022969346730955103773391901993330222644504059576935265667917187903,0.0305,0.030869,0.000369,8646579.89,579059.43
2026-09-28T23:55:32.669623+00:00,561252,Will Dwayne 'The Rock' Johnson win the 2028 US Presidential Election?,Yes,76252402837334795047528042167618984089231134882494719641438604550246396692717,0.016,0.02,0.004,8422177.24,150350.21
2026-09-28T23:55:33.056960+00:00,561252,Will Dwayne 'The Rock' Johnson win the 2028 US Presidential Election?,No,82779978600617806806814031291287454099780828258739355925042203335968508676880,0.984,0.98,-0.004,8422177.24,150350.21
2026-09-28T23:55:33.401955+00:00,561232,Will Pete Buttigieg win the 2028 US Presidential Election?,Yes,35629456194498013232473191985311930903993567273832459837879398120893197410860,0.0275,0.0275,0.0,8349394.67,476459.23
2026-09-28T23:55:33.785296+00:00,561232,Will Pete Buttigieg win the 2028 US Presidential Election?,No,26087406687932108531005204502244492184534000122992461059156880611150953145122,0.9725,0.9725,0.0,8349394.67,476459.23
2026-09-28T23:55:34.391774+00:00,701502,"Will Bitcoin dip to $45,000 by December 31, 2026?",Yes,9894510651052373088408067031031513212801618531203062911959630395716258202132,0.043,0.043173,0.000173,8069008.4,352070.55
2026-09-28T23:55:34.729136+00:00,701502,"Will Bitcoin dip to $45,000 by December 31, 2026?",No,20326394798700413571801660749437036272627203479853632032510011746755865615562,0.957,0.956827,-0.000173,8069008.4,352070.55
2026-09-28T23:55:35.375921+00:00,694936,Will Nebius Group be acquired before 2027?,Yes,111459230416043857818772115954120316062080149477780988827460623382161213865425,0.024,0.024041,4.1e-05,7960312.9,11732.73
2026-09-28T23:55:35.721172+00:00,694936,Will Nebius Group be acquired before 2027?,No,36013073749520466956881727893519980198380939375916480505403995761194037240269,0.976,0.975959,-4.1e-05,7960312.9,11732.73
2026-09-28T23:55:37.029261+00:00,561233,Will Josh Shapiro win the 2028 US Presidential Election?,Yes,1420113190297259908358916251277696183671602680024474979931472444792502392139,0.0295,0.0295,0.0,7575498.15,337482.68
2026-09-28T23:55:37.394244+00:00,561233,Will Josh Shapiro win the 2028 US Presidential Election?,No,9195312844128905514645503106857912558078141569888031031723687687489317147622,0.9705,0.9705,0.0,7575498.15,337482.68
2026-09-28T23:55:38.313786+00:00,562802,Will the Democratic Party control the House after the 2026 Midterm elections?,Yes,83247781037352156539108067944461291821683755894607244160607042790356561625563,0.925,0.925,0.0,7155128.99,788454.72
2026-09-28T23:55:38.663340+00:00,562802,Will the Democratic Party control the House after the 2026 Midterm elections?,No,33156410999665902694791064431724433042010245771106314074312009703157423879038,0.075,0.075,0.0,7155128.99,788454.72
2026-09-28T23:55:40.499476+00:00,1469737,Will Mojtaba Khamenei be head of state in Iran end of 2026?,Yes,111988618077786263362718284278451225707405623288593888751575373086664059387290,0.8805,0.879887,-0.000613,6608886.22,62764.19
2026-09-28T23:55:40.888012+00:00,1469737,Will Mojtaba Khamenei be head of state in Iran end of 2026?,No,42006549920912635238720143234628794318400295281074422564226738635663399130499,0.1195,0.120113,0.000613,6608886.22,62764.19
2026-09-28T23:55:41.242000+00:00,716942,Will there be at least 10000 measles cases in the U.S. in 2026?,Yes,108666902993460052548356894576792031068019553485832706137527731404107083354939,0.0645,0.063985,-0.000515,6527379.77,8547.48
2026-09-28T23:55:41.677282+00:00,716942,Will there be at least 10000 measles cases in the U.S. in 2026?,No,61371441917995783761706990607573951646880237796683453244719301289670873215471,0.9355,0.936015,0.000515,6527379.77,8547.48
2026-09-28T23:55:42.304365+00:00,701501,"Will Bitcoin dip to $55,000 by December 31, 2026?",Yes,115462087336983275104521488923966022755348986822352694745153736621832003960847,0.085,0.085,0.0,6433632.44,197713.84
2026-09-28T23:55:42.610450+00:00,701501,"Will Bitcoin dip to $55,000 by December 31, 2026?",No,48849252416222520684793262794712201381742900852794310345084361317209768152557,0.915,0.915,0.0,6433632.44,197713.84
2026-09-28T23:55:44.843422+00:00,561261,Will Jon Ossoff win the 2028 US Presidential Election?,Yes,110102705199530588976777616718115948005824665233400132417374621750887344831757,0.1155,0.1155,0.0,5818503.22,349185.73
2026-09-28T23:55:45.201130+00:00,561261,Will Jon Ossoff win the 2028 US Presidential Election?,No,98394838816403247684221016468696784125095120854407803889228262583112436699261,0.8845,0.8845,0.0,5818503.22,349185.73
2026-09-28T23:55:47.873803+00:00,562803,Will the Republican Party control the House after the 2026 Midterm elections?,Yes,65139230827417363158752884968303867495725894165574887635816574090175320800482,0.075,0.075639,0.000639,5388280.5,655699.99
2026-09-28T23:55:48.232124+00:00,562803,Will the Republican Party control the House after the 2026 Midterm elections?,No,17371217118862125782438074585166210555214661810823929795910191856905580975576,0.925,0.924361,-0.000639,5388280.5,655699.99
2026-09-28T23:55:48.972640+00:00,1107582,US strike on Cuba by December 31?,Yes,91347242536105459969213788769929618447748782724898414007495579710952664644740,0.15,0.150336,0.000336,5274747.35,58165.35
2026-09-28T23:55:49.301032+00:00,1107582,US strike on Cuba by December 31?,No,55782999195478978645683058282751482473275270795090145277907596121415418369349,0.85,0.849664,-0.000336,5274747.35,58165.35
2026-09-28T23:55:50.415159+00:00,637002,Will Donald Trump win the Nobel Peace Prize in 2026?,Yes,96308556109755835434254900303426519652053230974356832970824534225192181988516,0.0175,0.02,0.0025,5253079.23,435575.65
2026-09-28T23:55:50.813632+00:00,637002,Will Donald Trump win the Nobel Peace Prize in 2026?,No,75648553599758807820760400986240186978327005811004242427218252697572451485336,0.9825,0.98,-0.0025,5253079.23,435575.65
2026-09-28T23:55:51.354667+00:00,3128887,"US announces end of Iranian blockade by September 30, 2026?",Yes,88752597571738831347942513760817776151125290177540731190810686943474863159303,0.026,0.027594,0.001594,5150410.35,109694.67
2026-09-28T23:55:51.519740+00:00,3128887,"US announces end of Iranian blockade by September 30, 2026?",No,56465933220082022835700817063946174635909725507734416248556389304448520396318,0.974,0.972406,-0.001594,5150410.35,109694.67
2026-09-28T23:55:51.875272+00:00,1144471,Will Satoshi move any Bitcoin in 2026?,Yes,112007327373263623178671509828927834172092799802464528122988153704237637965568,0.0335,0.0335,0.0,5145635.87,70841.71
2026-09-28T23:55:52.229351+00:00,1144471,Will Satoshi move any Bitcoin in 2026?,No,69471008782374192790909758203453762302247599306255707151301915677252063291760,0.9665,0.9665,0.0,5145635.87,70841.71
2026-09-28T23:55:54.629719+00:00,1535973,Iran leadership change by December 31?,Yes,18652479948917565296149340091675894865339012333173025944893512396354173886674,0.105,0.105,0.0,4825384.91,258655.72
2026-09-28T23:55:54.959614+00:00,1535973,Iran leadership change by December 31?,No,60499458684380641857666641513383149627633695110197406276308452075860198022694,0.895,0.895,0.0,4825384.91,258655.72
2026-09-28T23:55:55.990500+00:00,682705,Will Benjamin Netanyahu be the next Prime Minister of Israel?,Yes,20006732765674855733524007935991362439352594042415161039767275461950712817548,0.295,0.294586,-0.000414,4626004.86,400790.62
2026-09-28T23:55:56.356484+00:00,682705,Will Benjamin Netanyahu be the next Prime Minister of Israel?,No,54533569528927082430133047556849600511985191158927477533124630301934489498530,0.705,0.705414,0.000414,4626004.86,400790.62
2026-09-28T23:55:56.720044+00:00,608547,Will Harry Kane win the 2026 Ballon d'Or?,Yes,72710166409980712002774407052535905861151156175854323762835102340552522606004,0.422,0.427562,0.005562,4596554.02,87184.13
2026-09-28T23:55:57.075991+00:00,608547,Will Harry Kane win the 2026 Ballon d'Or?,No,77740376296468109233042620775325425521895874827413068707200627224591548200577,0.578,0.572438,-0.005562,4596554.02,87184.13
2026-09-28T23:55:57.432258+00:00,898412,Will Kimi Antonelli be the 2026 F1 Drivers' Champion?,Yes,32950178421556833525068948927823594772134813180063196823389171317494746105102,0.9095,0.9095,0.0,4493327.72,91824.99
2026-09-28T23:55:57.788683+00:00,898412,Will Kimi Antonelli be the 2026 F1 Drivers' Champion?,No,113530594522634794165460425612745976368792987948987062860518413913599754643814,0.0905,0.0905,0.0,4493327.72,91824.99
2026-09-28T23:55:59.352309+00:00,562831,"2026 Balance of Power: R Senate, R House",Yes,103704141773947678931823410030956181918562062788486034785782641603149828893320,0.075,0.075,0.0,4248972.9,912559.38
2026-09-28T23:55:59.719811+00:00,562831,"2026 Balance of Power: R Senate, R House",No,25869296386911654049715489068824757745174681288397238521780118949553760488529,0.925,0.925,0.0,4248972.9,912559.38
2026-09-28T23:56:01.490885+00:00,2589812,Will there be no change in Fed interest rates after the October 2026 meeting?,Yes,111061902544814266207267295505639408607400625795891618462682726460921782993748,0.305,0.306797,0.001797,4129725.13,418912.26
2026-09-28T23:56:02.127671+00:00,2589812,Will there be no change in Fed interest rates after the October 2026 meeting?,No,42038775866198212615491650114881818219665139981763207699110491615333273795415,0.695,0.693203,-0.001797,4129725.13,418912.26
2026-09-28T23:56:03.042267+00:00,1339767,"Will Bitcoin dip to $50,000 by December 31, 2026?",Yes,13887983551129862992605123088744175927084435631400400451585519366058907542147,0.075,0.073977,-0.001023,4031201.05,200996.17
2026-09-28T23:56:03.373019+00:00,1339767,"Will Bitcoin dip to $50,000 by December 31, 2026?",No,41832664285845832459030640969891483663884721696292020563915305291791682631668,0.925,0.926023,0.001023,4031201.05,200996.17
2026-09-28T23:56:04.466487+00:00,2589813,Will the Fed increase interest rates by 25 bps after the October 2026 meeting?,Yes,55159722761418013044126414276680602270318000841690689684819994448621694923050,0.685,0.683283,-0.001717,3978911.55,494710.09
2026-09-28T23:56:04.813440+00:00,2589813,Will the Fed increase interest rates by 25 bps after the October 2026 meeting?,No,78632395083310670734315205502061249602319069653915932320155846460019107676757,0.315,0.316717,0.001717,3978911.55,494710.09
2026-09-28T23:56:05.119929+00:00,562828,"2026 Balance of Power: D Senate, D House",Yes,34722410608062854697106861099776685947172185964394483545370684749662285977831,0.615,0.61421,-0.00079,3723573.52,523829.94
2026-09-28T23:56:05.462716+00:00,562828,"2026 Balance of Power: D Senate, D House",No,24483563228660028121020430722896740519524131851526579619586176931221901842798,0.385,0.38579,0.00079,3723573.52,523829.94
2026-09-28T23:56:06.614890+00:00,701496,"Will Bitcoin reach $100,000 by December 31, 2026?",Yes,56078938060096976448086754249497300447360333783952000147427828224794011030104,0.345,0.345458,0.000458,3544452.52,71270.54
2026-09-28T23:56:06.941599+00:00,701496,"Will Bitcoin reach $100,000 by December 31, 2026?",No,11291662904897713174667903388388696640643610556195928998276904135282270136756,0.655,0.654542,-0.000458,3544452.52,71270.54
2026-09-28T23:56:07.790872+00:00,677407,China x Taiwan military clash before 2027?,Yes,104812032440315568595318241870590180481232715981192720184511444933968102038477,0.058,0.057979,-2.1e-05,3436560.25,78250.42
2026-09-28T23:56:08.195546+00:00,677407,China x Taiwan military clash before 2027?,No,50488227317031565004575684525878022626020008256198844799050708993499540064859,0.942,0.942021,2.1e-05,3436560.25,78250.42
2026-09-28T23:56:08.556786+00:00,1107878,Will the U.S. invade Cuba in 2026?,Yes,1291454874125024564913411658636854434792972068510027777552181749936579562639,0.055,0.055,0.0,3403442.84,144596.16
2026-09-28T23:56:08.939198+00:00,1107878,Will the U.S. invade Cuba in 2026?,No,46036307473347147486878725188057240439237346445231099615680388314304154599904,0.945,0.945,0.0,3403442.84,144596.16
2026-09-28T23:56:09.277532+00:00,616903,Will 1 Fed rate cut happen in 2026?,Yes,113379839734351069617987084078322474966003108854908079701423911002443710490196,0.0175,0.02,0.0025,3395108.07,140234.83
2026-09-28T23:56:09.713929+00:00,616903,Will 1 Fed rate cut happen in 2026?,No,48058805012599375970268777474956242772204241523361869981040579395242001094965,0.9825,0.98,-0.0025,3395108.07,140234.83
2026-09-28T23:56:10.071010+00:00,701503,"Will Bitcoin dip to $35,000 by December 31, 2026?",Yes,19830138103155427354579425893303398904208550475895360582465715721785944321950,0.0255,0.025346,-0.000154,3374506.15,136339.81
2026-09-28T23:56:10.459341+00:00,701503,"Will Bitcoin dip to $35,000 by December 31, 2026?",No,106725919441008051918080506395399719013818419425017982342714970506626839446049,0.9745,0.974654,0.000154,3374506.15,136339.81
2026-09-28T23:56:11.339716+00:00,567689,Zelenskyy out as Ukraine president by end of 2026?,Yes,108187737663325442737199857734058032845728149267925579081973309839049299838520,0.065,0.065,0.0,3328259.56,82806.7
2026-09-28T23:56:11.724353+00:00,567689,Zelenskyy out as Ukraine president by end of 2026?,No,12238337804021350373072513606997115174826680613156170611182546081135779794915,0.935,0.935,0.0,3328259.56,82806.7
2026-09-28T23:56:12.075692+00:00,682706,Will Naftali Bennett be the next Prime Minister of Israel?,Yes,58945936829392654397399777214757608864525173988558750256164021442231118224154,0.125,0.125,0.0,3323006.53,105219.05
2026-09-28T23:56:12.417008+00:00,682706,Will Naftali Bennett be the next Prime Minister of Israel?,No,39409206330527880169507414405291721950884951005340760541937649898052386499519,0.875,0.875,0.0,3323006.53,105219.05
2026-09-28T23:56:13.095943+00:00,1105744,Will Nicolás Maduro be the leader of Venezuela end of 2026?,Yes,37090128566507509913630589460372620352013766554886380785463533062224343545231,0.641,0.641186,0.000186,3311267.38,95243.56
2026-09-28T23:56:13.476410+00:00,1105744,Will Nicolás Maduro be the leader of Venezuela end of 2026?,No,21527446005162722668702146847806837944786417986794925592709069062391666573103,0.359,0.358814,-0.000186,3311267.38,95243.56
2026-09-28T23:56:14.159183+00:00,1633611,"Will China invade Taiwan by December 31, 2027?",Yes,99308764485765552888542373236405354280486342174935314281037215048612491168324,0.125,0.125,0.0,3281045.4,206862.24
2026-09-28T23:56:14.745674+00:00,1633611,"Will China invade Taiwan by December 31, 2027?",No,32952048155093419718055060819712841482842350791391116195205201413217889733414,0.875,0.875,0.0,3281045.4,206862.24
2026-09-28T23:56:15.075008+00:00,608565,Will Lionel Messi win the 2026 Ballon d'Or?,Yes,14940935985254400645996902276818598247231942791302218826999289776538227075176,0.0415,0.043565,0.002065,3277060.65,177936.98
2026-09-28T23:56:15.437816+00:00,608565,Will Lionel Messi win the 2026 Ballon d'Or?,No,107516035603650985174253368241692944789056496652916551006453839235487841190002,0.9585,0.958178,-0.000322,3277060.65,177936.98
2026-09-28T23:56:15.774235+00:00,2696747,"US-Iran Final Nuclear Deal by December 31, 2026?",Yes,31155599200443620024532103683912072563894181253510224263086924270624693692711,0.135,0.135915,0.000915,3259108.09,192095.45
2026-09-28T23:56:16.139687+00:00,2696747,"US-Iran Final Nuclear Deal by December 31, 2026?",No,33676235249742435565729532483122262800369378774892710387888607855248244773045,0.865,0.864085,-0.000915,3259108.09,192095.45
2026-09-28T23:56:16.808234+00:00,562793,Will the Democratic Party control the Senate after the 2026 Midterm elections?,Yes,113287701564209339913693347405685749986285999146352375265161592243948562084773,0.625,0.625,0.0,3175647.5,617528.34
2026-09-28T23:56:17.163702+00:00,562793,Will the Democratic Party control the Senate after the 2026 Midterm elections?,No,107118433685650702332040991454078902188473746599223732907923581436160160612542,0.375,0.375,0.0,3175647.5,617528.34
2026-09-28T23:56:17.819352+00:00,628940,Will Steve Hilton win the California Governor Election in 2026?,Yes,82742036522262670996662794097029680950132682539859985097974842241612036171395,0.0475,0.046908,-0.000592,3137947.86,303940.95
2026-09-28T23:56:18.186726+00:00,628940,Will Steve Hilton win the California Governor Election in 2026?,No,63644763464034691367428527733393916036342796100129702980469514153898496549749,0.9525,0.953092,0.000592,3137947.86,303940.95
2026-09-28T23:56:18.817066+00:00,701552,"Will Ethereum dip to $1,500 by December 31, 2026?",Yes,101639751789549589765350117072740510018809594718571111931328241076831078702528,0.0685,0.068474,-2.6e-05,3045369.54,125294.76
2026-09-28T23:56:19.231250+00:00,701552,"Will Ethereum dip to $1,500 by December 31, 2026?",No,38508858428676968447825900892305750232615791339175195608011299023691549494960,0.9315,0.931526,2.6e-05,3045369.54,125294.76
2026-09-28T23:56:19.591529+00:00,2154920,Will GameStop acquire eBay?,Yes,22738604660557321780761578420118016749027563268201595763789441772230090847247,0.065,0.065,0.0,3014147.42,61077.87
2026-09-28T23:56:19.953367+00:00,2154920,Will GameStop acquire eBay?,No,55646219597856189899881677374172135376492662817148728033424581863530537477107,0.935,0.935,0.0,3014147.42,61077.87
2026-09-28T23:56:20.604242+00:00,3399458,Israel x Iran ceasefire continues through September 30?,Yes,110124369154659006328320349797831539154282530245624469518430389053088403535939,0.9845,0.98,-0.0045,3004061.95,187620.09
2026-09-28T23:56:20.967185+00:00,3399458,Israel x Iran ceasefire continues through September 30?,No,27584284826455438094347446510379196256289720442108190871721085592324191711749,0.0155,0.02,0.0045,3004061.95,187620.09
2026-09-28T23:56:22.066329+00:00,608545,Will Lamine Yamal win the 2026 Ballon d'Or?,Yes,10466835326554416965099784068156829774726248334728156046559014834812912458273,0.4625,0.455087,-0.007413,2918489.3,83901.66
2026-09-28T23:56:22.585610+00:00,608545,Will Lamine Yamal win the 2026 Ballon d'Or?,No,115364229170068359509280114761107502298430910856477421813089992309112580316620,0.5375,0.544913,0.007413,2918489.3,83901.66
2026-09-28T23:56:22.957824+00:00,2374271,"Will Ukraine recapture Crimean territory by December 31, 2026?",Yes,67011482977279466154940850972585572311207926803952896052113224614375102184687,0.0255,0.026475,0.000975,2906410.2,111190.9
2026-09-28T23:56:23.301606+00:00,2374271,"Will Ukraine recapture Crimean territory by December 31, 2026?",No,72433435487515814631344400459815549868044734165082020724691045649454520502781,0.9745,0.973525,-0.000975,2906410.2,111190.9
2026-09-28T23:56:23.955204+00:00,898411,Will George Russell be the 2026 F1 Drivers' Champion?,Yes,93099562462257249309605734586566434036442082827152130023015985868027704959821,0.0475,0.047701,0.000201,2883965.53,128710.49
2026-09-28T23:56:24.297667+00:00,898411,Will George Russell be the 2026 F1 Drivers' Champion?,No,66179493383876804270523225216910123185590092065107948827970707627138225160961,0.9525,0.952262,-0.000238,2883965.53,128710.49
2026-09-28T23:56:24.689317+00:00,2771335,Will Manchester City win the 2026-27 English Premier League (EPL) Championship?,Yes,19864216715488298679276291756659013279877343825699353033505020208765688353462,0.225,0.224108,-0.000892,2878735.46,295556.75
2026-09-28T23:56:25.029015+00:00,2771335,Will Manchester City win the 2026-27 English Premier League (EPL) Championship?,No,15595081936246780886940656289399636714509677762753928040257148545998496082698,0.775,0.775892,0.000892,2878735.46,295556.75
2026-09-28T23:56:25.696793+00:00,573656,"Will Bitcoin hit $150k by December 31, 2026?",Yes,93694900555669388759405753550770573998169287228984912881955464376232163096213,0.0275,0.027448,-5.2e-05,2858021.25,71589.43
2026-09-28T23:56:26.047097+00:00,573656,"Will Bitcoin hit $150k by December 31, 2026?",No,55119388124180116303253993098894090042427725500010038140578121972388485050538,0.9725,0.972553,5.3e-05,2858021.25,71589.43
2026-09-28T23:56:26.390349+00:00,682710,Will Avigdor Lieberman be the next Prime Minister of Israel?,Yes,105057524965982907913786325697426001538810836564004836999292309706852745390829,0.0265,0.026407,-9.3e-05,2825308.14,132205.89
2026-09-28T23:56:26.838088+00:00,682710,Will Avigdor Lieberman be the next Prime Minister of Israel?,No,13887896800265966487014179943559375403384011039339488276489274832989862323735,0.9735,0.973587,8.7e-05,2825308.14,132205.89
2026-09-28T23:56:27.172275+00:00,665224,Ukraine signs peace deal with Russia before 2027?,Yes,93579588306754356558129639371052358607099327699211232141859164590129536814208,0.08,0.08,0.0,2822634.12,77900.67
2026-09-28T23:56:27.500447+00:00,665224,Ukraine signs peace deal with Russia before 2027?,No,50854871681873904159181209043129993931106057788784391855429428220428495613305,0.92,0.92,0.0,2822634.12,77900.67
2026-09-28T23:56:28.759348+00:00,1057349,"Jeffrey Epstein foul play confirmed by December 31, 2026?",Yes,69162030465037941268862284627658886205173465981805919620559686624259677735192,0.0275,0.027086,-0.000414,2785217.03,29544.08
2026-09-28T23:56:29.134092+00:00,1057349,"Jeffrey Epstein foul play confirmed by December 31, 2026?",No,76372194545838535783490148896316297976627938120220239171956676589522420141188,0.9725,0.972914,0.000414,2785217.03,29544.08
2026-09-28T23:56:29.784707+00:00,679018,Will Marine Le Pen win the 2027 French presidential election?,Yes,55764212211467781322980371912612507865974994976253196346176314491480419639168,0.3945,0.394072,-0.000428,2754901.52,442309.36
2026-09-28T23:56:30.171412+00:00,679018,Will Marine Le Pen win the 2027 French presidential election?,No,5649717099758674861276159343380402289083378331461490840325685141994171250523,0.6055,0.605568,6.8e-05,2754901.52,442309.36
2026-09-28T23:56:30.801588+00:00,608540,Will Kylian Mbappé win the 2026 Ballon d'Or?,Yes,95640549996905293510297955529586737178285694064878854803914367446504739764113,0.0395,0.040719,0.001219,2730720.43,128573.2
2026-09-28T23:56:31.132428+00:00,608540,Will Kylian Mbappé win the 2026 Ballon d'Or?,No,43681720319477188597878188429504394796986333625436226983885469009299707562545,0.9605,0.959281,-0.001219,2730720.43,128573.2
2026-09-28T23:56:31.533659+00:00,1235553,Will the Chicago White Sox win the 2026 World Series?,Yes,47345805017667669897137395690450353435714129302571040588246790838753631749361,0.0245,0.024589,8.9e-05,2722388.36,124301.36
2026-09-28T23:56:31.903459+00:00,1235553,Will the Chicago White Sox win the 2026 World Series?,No,84946825393330172889133721169064576656145875807729321440670475462232714064308,0.9755,0.975421,-7.9e-05,2722388.36,124301.36
2026-09-28T23:56:32.509453+00:00,2243897,"Russia x Ukraine ceasefire agreement by December 31, 2026?",Yes,99878393523957043401217108863095556720659532630565063651671026144852955005052,0.195,0.195639,0.000639,2695001.76,83968.51
2026-09-28T23:56:32.812543+00:00,2243897,"Russia x Ukraine ceasefire agreement by December 31, 2026?",No,69565284411089708271128692790745152090129066525382935764397092493923596997488,0.805,0.804361,-0.000639,2695001.76,83968.51
2026-09-28T23:56:33.362802+00:00,3128888,"US announces end of Iranian blockade by October 31, 2026?",Yes,87712920673252297509200151045391015262449055764880659907762503287643101055970,0.26,0.267391,0.007391,2583886.69,111174.24
2026-09-28T23:56:33.558791+00:00,3128888,"US announces end of Iranian blockade by October 31, 2026?",No,77737603049704371401985143030203551130624520784925815473217168646825527075459,0.74,0.732609,-0.007391,2583886.69,111174.24
2026-09-28T23:56:33.914829+00:00,1059772,Jeffrey Epstein confirmed to be alive before 2027?,Yes,57692461228141098196519006129212454078633070644580607609751365664388305515775,0.0215,0.0215,0.0,2580940.09,123362.69
2026-09-28T23:56:34.241099+00:00,1059772,Jeffrey Epstein confirmed to be alive before 2027?,No,69156743176103134736115123277705077910853098854566827417866113262179013876259,0.9785,0.9785,0.0,2580940.09,123362.69
2026-09-28T23:56:34.592169+00:00,567688,Netanyahu out by end of 2026?,Yes,114694726451307654528948558967898493662917070661203465131156925998487819889437,0.4,0.403655,0.003655,2579326.11,73743.09
2026-09-28T23:56:35.279501+00:00,567688,Netanyahu out by end of 2026?,No,66255671088804707681511323064315150986307471908131081808279119719218775249892,0.6,0.596357,-0.003643,2579326.11,73743.09
2026-09-28T23:56:35.922147+00:00,679022,Will David Lisnard win the 2027 French presidential election?,Yes,55404192439775628931124671719520886657525387168536821457706619003199189099864,0.0825,0.0825,0.0,2573602.11,195011.12
2026-09-28T23:56:36.231469+00:00,679022,Will David Lisnard win the 2027 French presidential election?,No,79358475953126059185096320578578995575874288599466094920037110232928386404141,0.9175,0.9175,0.0,2573602.11,195011.12
2026-09-28T23:56:36.572155+00:00,3128886,"US announces end of Iranian blockade by December 31, 2026?",Yes,86011229287950365043519117852041614651767455889324682112682327985496937935368,0.555,0.559103,0.004103,2570733.83,183291.6
2026-09-28T23:56:36.920375+00:00,3128886,"US announces end of Iranian blockade by December 31, 2026?",No,39147524522707536456910747992621671433032838141439193264830818731544404472030,0.445,0.440444,-0.004556,2570733.83,183291.6
2026-09-28T23:56:37.275251+00:00,679020,Will Éric Zemmour win the 2027 French presidential election?,Yes,51126599157451146230415396920771455069752975116525743821340393650626382714261,0.0105,0.02,0.0095,2553413.46,229786.79
2026-09-28T23:56:37.704034+00:00,679020,Will Éric Zemmour win the 2027 French presidential election?,No,90997833546019007990916014938756861651789144262105272333307948825561373623753,0.9895,0.98,-0.0095,2553413.46,229786.79
2026-09-28T23:56:38.057567+00:00,1394086,Will Reza Pahlavi enter Iran by December 31?,Yes,42920366254635522231062953285326731613318286540727986277660335157561634812014,0.0425,0.042459,-4.1e-05,2527119.27,116271.92
2026-09-28T23:56:38.444539+00:00,1394086,Will Reza Pahlavi enter Iran by December 31?,No,97107770187587683506815626974888163324622836988014033022064807674186740440043,0.9575,0.957541,4.1e-05,2527119.27,116271.92
2026-09-28T23:56:39.102237+00:00,1339768,"Will Bitcoin dip to $40,000 by December 31, 2026?",Yes,4255890554350661695724949176183233033027635903850796430457642328613772591960,0.037,0.03742,0.00042,2495742.62,102340.93
2026-09-28T23:56:39.486490+00:00,1339768,"Will Bitcoin dip to $40,000 by December 31, 2026?",No,69924622127743346860742491804606293768199148137604178160078893238641086573607,0.963,0.96258,-0.00042,2495742.62,102340.93
2026-09-28T23:56:39.832033+00:00,679026,Will Gabriel Attal win the 2027 French presidential election?,Yes,39040993339692011893931540077322383339631602451525460031216774971808386681386,0.0205,0.020532,3.2e-05,2483263.71,230369.49
2026-09-28T23:56:40.341399+00:00,679026,Will Gabriel Attal win the 2027 French presidential election?,No,47856683996156403009428090210889176913147998278019471610295491486371570337691,0.9795,0.979468,-3.2e-05,2483263.71,230369.49
2026-09-28T23:56:40.710951+00:00,562830,"2026 Balance of Power: R Senate, D House",Yes,6302359956133594764084277082169634158291609371270652093164054687145970756151,0.305,0.305,0.0,2459778.54,474951.87
2026-09-28T23:56:41.081746+00:00,562830,"2026 Balance of Power: R Senate, D House",No,558600218792430158020964384658762756367786275998757133304987611939841005404,0.695,0.695,0.0,2459778.54,474951.87
2026-09-28T23:56:41.481462+00:00,682708,Will Gadi Eizenkot be the next Prime Minister of Israel?,Yes,52487256270918227930942830546248720603566203568229607048093730748840489555808,0.5045,0.505462,0.000962,2459120.14,123818.44
2026-09-28T23:56:41.870768+00:00,682708,Will Gadi Eizenkot be the next Prime Minister of Israel?,No,1507744758511144558263623459899956467548763419522526462308518027912401299177,0.4955,0.493079,-0.002421,2459120.14,123818.44
2026-09-28T23:56:42.803180+00:00,1168142,Will the upper bound of the target federal funds rate be ≥ 4.5% at the end of 2026?,Yes,44956651579513700220045051729687627381715616102744183825397331989105273067709,0.494,0.493641,-0.000359,2418016.04,2001.3
2026-09-28T23:56:43.137920+00:00,1168142,Will the upper bound of the target federal funds rate be ≥ 4.5% at the end of 2026?,No,51964039038586437622048402090827247539716151648632162816759306830645640049347,0.506,0.506776,0.000776,2418016.04,2001.3
2026-09-28T23:56:44.093518+00:00,691340,AI bubble burst in 2026?,Yes,95143949049440805515065120245245136072200903084986833252741074455111459269340,0.0865,0.086812,0.000312,2409285.16,62197.8
2026-09-28T23:56:44.479583+00:00,691340,AI bubble burst in 2026?,No,17769188746995805889009627485623784462879024540194570282917960402976991944943,0.9135,0.913188,-0.000312,2409285.16,62197.8
2026-09-28T23:56:44.899412+00:00,679027,Will Bruno Retailleau win the 2027 French presidential election?,Yes,76158784025338420583901765224531190025719662766883390440253608804161057467141,0.0155,0.02,0.0045,2405764.93,270369.56
2026-09-28T23:56:45.252990+00:00,679027,Will Bruno Retailleau win the 2027 French presidential election?,No,49760558873212272440771467224266437717913114999491735666209561409981747777766,0.9845,0.98,-0.0045,2405764.93,270369.56
2026-09-28T23:56:45.577448+00:00,700396,Will Perplexity AI be acquired before 2027?,Yes,42574248959284530646091368047066126180445434974022460106859680414580532069710,0.055,0.055,0.0,2400403.16,5747.76
2026-09-28T23:56:45.914929+00:00,700396,Will Perplexity AI be acquired before 2027?,No,84834595145551060233480988152606214225219613758644201086445418024052582755907,0.945,0.945,0.0,2400403.16,5747.76
2026-09-28T23:56:46.377729+00:00,2589814,Will the Fed increase interest rates by 50+ bps after the October 2026 meeting?,Yes,18246296022868501258060085368606280205967114341141276439803424448463050819498,0.0105,0.02,0.0095,2396895.22,331648.45
2026-09-28T23:56:46.763626+00:00,2589814,Will the Fed increase interest rates by 50+ bps after the October 2026 meeting?,No,41864497411878191766967581422432961750808440991174085516384293402629587721839,0.9895,0.98,-0.0095,2396895.22,331648.45
2026-09-28T23:56:47.403786+00:00,2006983,US obtains Iranian enriched uranium by December 31?,Yes,114657271285511367879703365484572688248973675722511239339535646764098946050607,0.055,0.055489,0.000489,2386554.9,85894.16
2026-09-28T23:56:47.755808+00:00,2006983,US obtains Iranian enriched uranium by December 31?,No,12933385462445051219548039807631278921517469211617755773732773415883384410827,0.945,0.94448,-0.00052,2386554.9,85894.16
2026-09-28T23:56:48.361384+00:00,1357383,Will the Houston Texans win the 2027 NFL league championship?,Yes,82860415910448737270902374411987827711923709249517011320325989967640805801007,0.0155,0.02,0.0045,2377175.19,167565.12
2026-09-28T23:56:48.742283+00:00,1357383,Will the Houston Texans win the 2027 NFL league championship?,No,67831205063520102040460265401750146108615833326749301874467401246702944014817,0.9845,0.98,-0.0045,2377175.19,167565.12
2026-09-28T23:56:49.102540+00:00,1349162,Will Orlando City SC win the 2026 MLS Cup?,Yes,74397828296323343196166047694283985077132677648825859176663063495649543850250,0.0185,0.02,0.0015,2370649.05,19524.39
2026-09-28T23:56:49.451350+00:00,1349162,Will Orlando City SC win the 2026 MLS Cup?,No,9912084048481132346516321836920145297848866553407641809171851331568477411925,0.9815,0.98,-0.0015,2370649.05,19524.39
2026-09-28T23:56:49.774007+00:00,1193094,Will Magdalena Andersson be the next Prime Minister of Sweden?,Yes,6761884778816083542753350539779617201084594664234729655783875952381923983097,0.755,0.75792,0.00292,2366656.6,89232.4
2026-09-28T23:56:50.165991+00:00,1193094,Will Magdalena Andersson be the next Prime Minister of Sweden?,No,49952287244614575734723913757649087902024339238007187585607375183859292977482,0.245,0.24208,-0.00292,2366656.6,89232.4
2026-09-28T23:56:51.134489+00:00,1235551,Will the Boston Red Sox win the 2026 World Series?,Yes,49490029022429715624870536101813422563892045373640045791646802985069593764860,0.0455,0.04515,-0.00035,2330007.42,90238.48
2026-09-28T23:56:51.481841+00:00,1235551,Will the Boston Red Sox win the 2026 World Series?,No,44283577755018755878348555095757993844164729564841351197994304603070961626637,0.9545,0.954846,0.000346,2330007.42,90238.48
2026-09-28T23:56:52.819142+00:00,618454,Opensea FDV above $500M one day after launch?,Yes,42645635688384173938505005153732536262139883933750646945028210271328873690888,0.1675,0.167391,-0.000109,2283963.89,20210.79
2026-09-28T23:56:53.167333+00:00,618454,Opensea FDV above $500M one day after launch?,No,91676177432668319691663213694187810112009835951397620031461215327421238319426,0.8325,0.832609,0.000109,2283963.89,20210.79
2026-09-28T23:56:53.559589+00:00,679019,Will Jordan Bardella win the 2027 French presidential election?,Yes,1114938555853162662375805609341386795965961002028313810409954359771505507177,0.0135,0.02,0.0065,2283677.4,168058.16
2026-09-28T23:56:54.090612+00:00,679019,Will Jordan Bardella win the 2027 French presidential election?,No,39814929193752558825038669670647206213767631805507014416889259758143556745530,0.9865,0.98,-0.0065,2283677.4,168058.16
2026-09-28T23:56:54.439645+00:00,1731346,"Iran agrees to surrender enriched uranium stockpile by December 31, 2026?",Yes,70530382817944476125648239982318905983026944956853105853882601665630375614463,0.075,0.075,0.0,2280419.6,56465.22
2026-09-28T23:56:54.803583+00:00,1731346,"Iran agrees to surrender enriched uranium stockpile by December 31, 2026?",No,18702020867581976905619984893323736143098724607754292117438927457109238679413,0.925,0.925,0.0,2280419.6,56465.22
2026-09-28T23:56:55.136474+00:00,1090496,"NATO x Russia military clash by December 31, 2026?",Yes,105031123790227090351610621121319179238510007553875150023320472711583933704999,0.285,0.285414,0.000414,2271922.08,198645.25
2026-09-28T23:56:55.465890+00:00,1090496,"NATO x Russia military clash by December 31, 2026?",No,76326875711147697076353707331532227929486722415800396469798548611383212234361,0.715,0.714586,-0.000414,2271922.08,198645.25
2026-09-28T23:56:55.814842+00:00,608566,Will Rodri win the 2026 Ballon d'Or?,Yes,78803948342995070838836736012795017072053448960983345349841661545681081452350,0.0255,0.025881,0.000381,2270098.38,182868.45
2026-09-28T23:56:56.142886+00:00,608566,Will Rodri win the 2026 Ballon d'Or?,No,9168297785662696773016718610761665603800700668560812756827962314315323235689,0.9745,0.974119,-0.000381,2270098.38,182868.45
2026-09-28T23:56:56.791406+00:00,609655,US recession by end of 2026?,Yes,100379208559626151022751801118534484742123694725746262280150222742563282755057,0.085,0.085,0.0,2227347.55,114364.0
2026-09-28T23:56:57.175143+00:00,609655,US recession by end of 2026?,No,113732820231608904682346496304917888352004831436510840986547065248348999143469,0.915,0.915,0.0,2227347.55,114364.0
2026-09-28T23:56:57.529849+00:00,1105742,Will Delcy Rodríguez be the leader of Venezuela end of 2026?,Yes,38667196958602416137463628517439560119304765709104570192447644733106171420112,0.28,0.281974,0.001974,2221047.68,76062.0
2026-09-28T23:56:57.852105+00:00,1105742,Will Delcy Rodríguez be the leader of Venezuela end of 2026?,No,6638895201070039547671726076818069674458322142629985177641367819559425166288,0.72,0.718026,-0.001974,2221047.68,76062.0
2026-09-28T23:56:58.221173+00:00,701553,"Will Ethereum dip to $1,000 by December 31, 2026?",Yes,111461019317477869113562870983413193129710955692959493083133606404494525367686,0.045,0.045,0.0,2217157.92,83364.79
2026-09-28T23:56:58.615824+00:00,701553,"Will Ethereum dip to $1,000 by December 31, 2026?",No,20508072772404576884266330300293267272741800260494416818259836712249628797288,0.955,0.955,0.0,2217157.92,83364.79
2026-09-28T23:56:59.810722+00:00,629040,Will Nithya Raman win the 2026 Los Angeles mayoral election?,Yes,50292933818751585369672690878774599873941191925538325333138798248932182222864,0.5805,0.580763,0.000263,2186878.02,168266.4
2026-09-28T23:57:00.483105+00:00,629040,Will Nithya Raman win the 2026 Los Angeles mayoral election?,No,58507084608782512565480280053882807505189448738098588563704773804344223603355,0.4195,0.419237,-0.000263,2186878.02,168266.4
2026-09-28T23:57:01.148730+00:00,562794,Will the Republican Party control the Senate after the 2026 Midterm elections?,Yes,51939490109676186832507970701169130490548061087912630009168726706475001411420,0.385,0.38421,-0.00079,2182641.09,601692.56
2026-09-28T23:57:01.714305+00:00,562794,Will the Republican Party control the Senate after the 2026 Midterm elections?,No,108587038225191871355030577171066853142535232042155117887981453750193713427381,0.615,0.61579,0.00079,2182641.09,601692.56
2026-09-28T23:57:02.036474+00:00,665513,"Friedrich Merz out as Chancellor of Germany before December 31, 2026?",Yes,27554074579538085152312757613342843137057353684724415806149658005255326639761,0.105,0.105609,0.000609,2172918.87,68504.48
2026-09-28T23:57:02.390651+00:00,665513,"Friedrich Merz out as Chancellor of Germany before December 31, 2026?",No,100292172522149577922637436103132246456042318074117879550513151144706945321275,0.895,0.894391,-0.000609,2172918.87,68504.48
2026-09-28T23:57:03.931269+00:00,1345531,"Will Bitcoin reach $90,000 by December 31, 2026?",Yes,89384721767526056909881321094852287855436067743554155484781205764118128944311,0.685,0.682063,-0.002937,2132666.36,70111.87
2026-09-28T23:57:04.377484+00:00,1345531,"Will Bitcoin reach $90,000 by December 31, 2026?",No,89935193776001764234914810530894985625350942201527563326613427606200761992090,0.315,0.317937,0.002937,2132666.36,70111.87
2026-09-28T23:57:05.098181+00:00,618455,Opensea FDV above $1B one day after launch?,Yes,55736535775539231856682158017890031261644294952589300517957218393676136917293,0.13,0.130639,0.000639,2114155.26,27045.37
2026-09-28T23:57:05.460154+00:00,618455,Opensea FDV above $1B one day after launch?,No,71718402031669298364238907670733752499185585238670546354636156779359681992646,0.87,0.869361,-0.000639,2114155.26,27045.37
2026-09-28T23:57:06.411771+00:00,1323083,Will Hezbollah disarm by December 31?,Yes,70891730332783983754038097068699855156768797388773323020505706651244066459609,0.055,0.055,0.0,2081675.9,23794.68
2026-09-28T23:57:06.756867+00:00,1323083,Will Hezbollah disarm by December 31?,No,90889737043160931419301279329265177627640070265027926085121655690919696428047,0.945,0.945,0.0,2081675.9,23794.68
2026-09-28T23:57:07.101450+00:00,628941,Will Xavier Becerra win the California Governor Election in 2026?,Yes,60977129292396881848833910361112107174416489010090570432106122538120602786646,0.9505,0.953413,0.002913,2078350.45,84804.45
2026-09-28T23:57:07.626211+00:00,628941,Will Xavier Becerra win the California Governor Election in 2026?,No,42544248033910169115455586624331983477679665735561815306855702312176773945155,0.0495,0.048863,-0.000637,2078350.45,84804.45
2026-09-28T23:57:08.031824+00:00,701486,"Will Bitcoin reach $200,000 by December 31, 2026?",Yes,61368943128255287414565270336856615453000675377332178800733742873558311943412,0.013,0.02,0.007,2074730.11,97500.94
2026-09-28T23:57:08.417267+00:00,701486,"Will Bitcoin reach $200,000 by December 31, 2026?",No,96993471854400156408670527613150944443359272190785251193551242374636006072800,0.987,0.98,-0.007,2074730.11,97500.94
2026-09-28T23:57:08.748074+00:00,562829,"2026 Balance of Power: D Senate, R House",Yes,70997927349469817841862065582625658840347600365813612622959588796331622340305,0.013,0.02,0.007,2070422.26,322047.89
2026-09-28T23:57:09.108777+00:00,562829,"2026 Balance of Power: D Senate, R House",No,45720947308530468765087874228584729250108790729495800420104302263408503667446,0.987,0.98,-0.007,2070422.26,322047.89
2026-09-28T23:57:09.351095+00:00,4641064,US x Iran ceasefire continues through September 30?,Yes,18108354744468601294025853601030425188395211927926870885542758981304523217919,0.966,0.96545,-0.00055,2067647.85,164559.44
2026-09-28T23:57:09.931252+00:00,4641064,US x Iran ceasefire continues through September 30?,No,28756001267446015644282192000586184633181417034487430148393633388063374846479,0.034,0.03455,0.00055,2067647.85,164559.44
2026-09-28T23:57:10.313644+00:00,637008,Will UNRWA win the Nobel Peace Prize in 2026?,Yes,44648805494496128018486302258584216672381875589441286537181971476979030040822,0.048,0.043241,-0.004759,2060147.11,42126.54
2026-09-28T23:57:10.714086+00:00,637008,Will UNRWA win the Nobel Peace Prize in 2026?,No,100774842773502634308392264835606396497542279688738306742145099064280129552022,0.952,0.956759,0.004759,2060147.11,42126.54
2026-09-28T23:57:11.056455+00:00,679028,Will François Hollande win the 2027 French presidential election?,Yes,35420390481420086914303850503269939905315993511859334440549793606783994509563,0.0515,0.051837,0.000337,2058556.3,137162.34
2026-09-28T23:57:11.464032+00:00,679028,Will François Hollande win the 2027 French presidential election?,No,45261427927597753948969942484970824173439588002616542194846930375736155382059,0.9485,0.948163,-0.000337,2058556.3,137162.34
2026-09-28T23:57:12.419261+00:00,1349145,Will Charlotte FC win the 2026 MLS Cup?,Yes,64915347545172379244677979694997883696947214572976500616776600777820871917355,0.0295,0.029557,5.7e-05,2039748.82,28342.99
2026-09-28T23:57:12.794249+00:00,1349145,Will Charlotte FC win the 2026 MLS Cup?,No,114333634635479313137964828635669787874292139556461773178065958136035174121652,0.9705,0.970443,-5.7e-05,2039748.82,28342.99
2026-09-28T23:57:13.173648+00:00,701494,"Will Bitcoin reach $120,000 by December 31, 2026?",Yes,65965214225073605704712365855887384729237451947822407248598722221769498441791,0.105,0.103936,-0.001064,2026573.01,76370.38
2026-09-28T23:57:13.528738+00:00,701494,"Will Bitcoin reach $120,000 by December 31, 2026?",No,23087349975908951689849809689657583268158750956541808535385269508170739441669,0.895,0.896064,0.001064,2026573.01,76370.38
2026-09-28T23:57:14.228928+00:00,1357387,Will the Las Vegas Raiders win the 2027 NFL league championship?,Yes,59226162751411958698158426899722532714096625688096542121038780675009172335910,0.0135,0.02,0.0065,1984384.06,193270.83
2026-09-28T23:57:14.676688+00:00,1357387,Will the Las Vegas Raiders win the 2027 NFL league championship?,No,100405605635057175830292429276520208790943702328776842569003871296192726958839,0.9865,0.98,-0.0065,1984384.06,193270.83
2026-09-28T23:57:15.351999+00:00,1131170,Human moon landing in 2026?,Yes,28341635557911393150957317220979689346286160229232485531195528953133660242151,0.015,0.02,0.005,1972165.97,21122.28
2026-09-28T23:57:15.672504+00:00,1131170,Human moon landing in 2026?,No,110420951352726780968858751854229131963307700036109190281766766630426312327876,0.985,0.98,-0.005,1972165.97,21122.28
2026-09-28T23:57:17.878868+00:00,1361061,Will Minnesota Vikings win the 2027 NFL NFC Championship?,Yes,34216599256731645025005217537625791908287810832071932505986585678845756791490,0.081,0.081393,0.000393,1903434.67,61236.28
2026-09-28T23:57:18.383534+00:00,1361061,Will Minnesota Vikings win the 2027 NFL NFC Championship?,No,6293946211801305473523043720345235264199616077569833203819552322830444096351,0.919,0.918607,-0.000393,1903434.67,61236.28
2026-09-28T23:57:18.734807+00:00,679029,Will Raphaël Glucksmann win the 2027 French presidential election?,Yes,97531408855841405410232789703119036119573635076996943730887685044477538494161,0.0185,0.02,0.0015,1901262.25,244623.66
2026-09-28T23:57:19.077326+00:00,679029,Will Raphaël Glucksmann win the 2027 French presidential election?,No,91614037901759358822201019738747890245698909012092657780820261729371244775376,0.9815,0.98,-0.0015,1901262.25,244623.66
2026-09-28T23:57:19.845971+00:00,701495,"Will Bitcoin reach $110,000 by December 31, 2026?",Yes,74843373582432484858627201602003648342208168490128239235522790524493414154441,0.175,0.174424,-0.000576,1884818.16,67336.28
2026-09-28T23:57:20.479260+00:00,701495,"Will Bitcoin reach $110,000 by December 31, 2026?",No,478527591373338225284037593163730441333267754562735300431025557171581810352,0.825,0.825576,0.000576,1884818.16,67336.28
2026-09-28T23:57:21.238276+00:00,1796138, Iran agrees to end enrichment of uranium by December 31?,Yes,107729402733481801715276727183402507127741210361101226673865413196241742960596,0.125,0.12548,0.00048,1857250.57,60020.42
2026-09-28T23:57:21.568961+00:00,1796138, Iran agrees to end enrichment of uranium by December 31?,No,111094090837649765214249428313341768842963554572116350745061757857767411424456,0.875,0.87452,-0.00048,1857250.57,60020.42
2026-09-28T23:57:21.755586+00:00,701493,"Will Bitcoin reach $130,000 by December 31, 2026?",Yes,106722178102302988256241610384561546855057790384749278490135208236665942286983,0.0625,0.062328,-0.000172,1841522.27,117457.92
2026-09-28T23:57:22.131150+00:00,701493,"Will Bitcoin reach $130,000 by December 31, 2026?",No,112640187121872104723655834799934821712465419714201363140089615513884600316497,0.9375,0.937672,0.000172,1841522.27,117457.92
2026-09-28T23:57:23.445591+00:00,948958,"Bitcoin all time high by December 31, 2026?",Yes,102959890468928530190954086704155483076852880798676895426376704430618826404382,0.074,0.074255,0.000255,1823507.7,70171.8
2026-09-28T23:57:23.846640+00:00,948958,"Bitcoin all time high by December 31, 2026?",No,28476986359136076319657791569918838578469356102120317109012208839383264384477,0.926,0.925745,-0.000255,1823507.7,70171.8
2026-09-28T23:57:24.828339+00:00,1193093,Will Ulf Kristersson be the next Prime Minister of Sweden?,Yes,19884202204363090591845974364927513432419394537229594683046302661092511466716,0.2015,0.199927,-0.001573,1795652.68,99796.56
2026-09-28T23:57:25.226090+00:00,1193093,Will Ulf Kristersson be the next Prime Minister of Sweden?,No,35202785175624473743133325350336939697145393245733500300951742752216521350176,0.7985,0.800073,0.001573,1795652.68,99796.56
2026-09-28T23:57:25.613484+00:00,1357386,Will the Kansas City Chiefs win the 2027 NFL league championship?,Yes,69042190742678678187984887226901406327636174762281438864527733358265304680670,0.0865,0.0865,0.0,1794904.46,164810.38
2026-09-28T23:57:26.017878+00:00,1357386,Will the Kansas City Chiefs win the 2027 NFL league championship?,No,67568786173941702599227613885622963618166350967368584648718149385526580902390,0.9135,0.9135,0.0,1794904.46,164810.38
2026-09-28T23:57:26.404581+00:00,1357380,Will the Denver Broncos win the 2027 NFL league championship?,Yes,32552965104139234418306396081841371197890264315094634472674018857038790114219,0.0435,0.043605,0.000105,1790264.45,151845.94
2026-09-28T23:57:26.805006+00:00,1357380,Will the Denver Broncos win the 2027 NFL league championship?,No,80102757903895591341011165591842960242602153473264331646815420334965913287181,0.9565,0.956395,-0.000105,1790264.45,151845.94
2026-09-28T23:57:27.152249+00:00,679021,Will Édouard Philippe win the 2027 French presidential election?,Yes,84846382165343032223975853870946110241285484772019446686866815597350660955868,0.195,0.195414,0.000414,1789810.92,260191.4
2026-09-28T23:57:27.511711+00:00,679021,Will Édouard Philippe win the 2027 French presidential election?,No,80456575204440643570499123641511043765364487572502085512858581574010154701650,0.805,0.804586,-0.000414,1789810.92,260191.4
2026-09-28T23:57:27.885609+00:00,1357382,Will the Green Bay Packers win the 2027 NFL league championship?,Yes,35735014075537072843409037792992988369227546626755131549045738083250548567488,0.0125,0.02,0.0075,1788154.23,199896.43
2026-09-28T23:57:28.312709+00:00,1357382,Will the Green Bay Packers win the 2027 NFL league championship?,No,82255638606220786577449013244706201455514306812358731329024536871238621188820,0.9875,0.98,-0.0075,1788154.23,199896.43
2026-09-28T23:57:29.315064+00:00,1235557,Will the Houston Astros win the 2026 World Series?,Yes,12405032278435739429869831881260155009376889991681874342969262166150128334633,0.0315,0.032086,0.000586,1777010.62,75906.07
2026-09-28T23:57:29.665098+00:00,1235557,Will the Houston Astros win the 2026 World Series?,No,55720742868739164905995622488230016036664947423270652001663302508770446397284,0.9685,0.968455,-4.5e-05,1777010.62,75906.07
2026-09-28T23:57:30.026349+00:00,1357377,Will the Cincinnati Bengals win the 2027 NFL league championship?,Yes,91312216951557525293884905171902573674976018469551783568783047942228223380002,0.0415,0.041762,0.000262,1775894.27,77247.81
2026-09-28T23:57:30.424970+00:00,1357377,Will the Cincinnati Bengals win the 2027 NFL league championship?,No,51623624502403405034540644015004183990018646236842362673705887892244415812517,0.9585,0.958238,-0.000262,1775894.27,77247.81
2026-09-28T23:57:30.769312+00:00,1357385,Will the Jacksonville Jaguars win the 2027 NFL league championship?,Yes,974996339434137274969205706934098681831948949675083560493538609289838899860,0.0405,0.040305,-0.000195,1774209.58,176252.78
2026-09-28T23:57:31.104179+00:00,1357385,Will the Jacksonville Jaguars win the 2027 NFL league championship?,No,86427949314446016001743793858451012568674284615309776891307407664549152095607,0.9595,0.959695,0.000195,1774209.58,176252.78
2026-09-28T23:57:32.411289+00:00,1553591,Cuban regime falls in 2026?,Yes,15817672052205458642746211361748257031306114796905648075017940250831865046055,0.115,0.114364,-0.000636,1746788.77,31837.49
2026-09-28T23:57:32.803501+00:00,1553591,Cuban regime falls in 2026?,No,72413274791623935706318436448441626129741116452837525058113815959729031743718,0.885,0.885636,0.000636,1746788.77,31837.49
2026-09-28T23:57:33.132697+00:00,2243896,"Russia x Ukraine ceasefire agreement by October 31, 2026?",Yes,10861802947610899379330568332287100318869035186187733531205554992019689450318,0.065,0.065,0.0,1745934.86,62750.59
2026-09-28T23:57:33.484493+00:00,2243896,"Russia x Ukraine ceasefire agreement by October 31, 2026?",No,39319769648132414476170103739900770633009012502056309868976886150530270219889,0.935,0.935,0.0,1745934.86,62750.59
2026-09-28T23:57:33.854791+00:00,1357376,Will the Chicago Bears win the 2027 NFL league championship?,Yes,20782101138359830353373339924745258800328483049130539494636298430311546419943,0.022,0.022049,4.9e-05,1745399.32,109120.35
2026-09-28T23:57:34.228965+00:00,1357376,Will the Chicago Bears win the 2027 NFL league championship?,No,58391467081855327160506735992195157760163010112382131578233801495091502400832,0.978,0.977951,-4.9e-05,1745399.32,109120.35
2026-09-28T23:57:34.645065+00:00,637910,Mitch McConnell steps down from Senate before his term ends?,Yes,79397895660526576528066965797785113521241099187839967306891454236823723226031,0.085,0.084554,-0.000446,1744697.66,53362.71
2026-09-28T23:57:35.007220+00:00,637910,Mitch McConnell steps down from Senate before his term ends?,No,6176387069967725418539368518279260352303182827227966329832868478861860932409,0.915,0.915446,0.000446,1744697.66,53362.71
2026-09-28T23:57:35.968700+00:00,1005344,Puffpaw FDV above $100M one day after launch?,Yes,5793707379729500818284272227553588908492513776424889835572995739672504840973,0.29,0.29,0.0,1715880.25,24794.32
2026-09-28T23:57:36.358455+00:00,1005344,Puffpaw FDV above $100M one day after launch?,No,108055478570098355486467296476385118782789367481734207554199995826749419845617,0.71,0.71,0.0,1715880.25,24794.32
2026-09-28T23:57:36.706567+00:00,694938,Will Viking Therapeutics be acquired before 2027?,Yes,31817818387484449402330242065217602245522171510789850932244171346186630830068,0.135,0.135,0.0,1711067.95,1588.12
2026-09-28T23:57:37.083635+00:00,694938,Will Viking Therapeutics be acquired before 2027?,No,90243643522266968974697235205722928394490919354015648405599117147393732995840,0.865,0.865,0.0,1711067.95,1588.12
2026-09-28T23:57:37.421432+00:00,2747434,Will Hamas agree to disarm by December 31?,Yes,3833250547311424992805456252782158332407335422350263044535636678503072819141,0.165,0.165,0.0,1687179.09,26124.15
2026-09-28T23:57:37.787956+00:00,2747434,Will Hamas agree to disarm by December 31?,No,30676432546818066080538703205639237969080188796746196694446265523208566227883,0.835,0.835,0.0,1687179.09,26124.15
2026-09-28T23:57:38.160621+00:00,679030,Will Jean-Luc Mélenchon win the 2027 French presidential election?,Yes,88550326946437280548248031502775629664259630024343210447063397951616199975032,0.145,0.144108,-0.000892,1685805.77,247465.11
2026-09-28T23:57:38.522787+00:00,679030,Will Jean-Luc Mélenchon win the 2027 French presidential election?,No,78935030613038194779147226463048913187247425461933527083007539809178403199936,0.855,0.855892,0.000892,1685805.77,247465.11
2026-09-28T23:57:39.817210+00:00,701554,"Will Ethereum dip to $800 by December 31, 2026?",Yes,67402961747318482851880003250046703889973259367600991960666041701083209459254,0.028,0.028,0.0,1653326.06,81722.5
2026-09-28T23:57:40.186530+00:00,701554,"Will Ethereum dip to $800 by December 31, 2026?",No,103174144827908901710509553630727677341797001295655245023709154639394277936836,0.972,0.972,0.0,1653326.06,81722.5
2026-09-28T23:57:40.576759+00:00,1235568,Will the Milwaukee Brewers win the 2026 World Series?,Yes,68495273029336552259622116656826978391613637593537133254546205487243272235948,0.1705,0.169197,-0.001303,1643572.82,141723.13
2026-09-28T23:57:40.941181+00:00,1235568,Will the Milwaukee Brewers win the 2026 World Series?,No,57520402764714032701152091698531154935574080954582774395654458078727078499164,0.8295,0.830348,0.000848,1643572.82,141723.13
2026-09-28T23:57:41.292963+00:00,1105755,Will there be no head of state of Venezuela end of 2026?,Yes,17704927682411404638982382980949594324217253655714867278953651574552110090318,0.0225,0.0225,0.0,1634643.58,57574.39
2026-09-28T23:57:41.702767+00:00,1105755,Will there be no head of state of Venezuela end of 2026?,No,13707761272063185033084273997321282553232999497653452620386294915179257041056,0.9775,0.9775,0.0,1634643.58,57574.39
2026-09-28T23:57:42.685895+00:00,1357381,Will the Detroit Lions win the 2027 NFL league championship?,Yes,10111020886592735853228942459183728273074136717888452670231599414724838344635,0.0385,0.038417,-8.3e-05,1613434.26,121350.21
2026-09-28T23:57:43.061486+00:00,1357381,Will the Detroit Lions win the 2027 NFL league championship?,No,52011508556780319872432401486396169868820207606574657455159932212425208551925,0.9615,0.961589,8.9e-05,1613434.26,121350.21
2026-09-28T23:57:44.074889+00:00,1357379,Will the Dallas Cowboys win the 2027 NFL league championship?,Yes,95250740975229568321286337983590034080899794989435247744887256482902867335355,0.024,0.023686,-0.000314,1597448.14,81991.55
2026-09-28T23:57:44.468539+00:00,1357379,Will the Dallas Cowboys win the 2027 NFL league championship?,No,21345762947205477703788089324548597174740434704711340732369061642894905251223,0.976,0.976314,0.000314,1597448.14,81991.55
2026-09-28T23:57:45.897668+00:00,1357398,Will the San Francisco 49ers win the 2027 NFL league championship?,Yes,39837385690303579870717217200412085690608514752076614686048080531386540862921,0.0875,0.087624,0.000124,1589012.69,185976.96
2026-09-28T23:57:46.261804+00:00,1357398,Will the San Francisco 49ers win the 2027 NFL league championship?,No,47412485874176023148834455634160749312363704169131690715196573157479647440035,0.9125,0.912421,-7.9e-05,1589012.69,185976.96
2026-09-28T23:57:48.245322+00:00,1235573,Will the San Diego Padres win the 2026 World Series?,Yes,31221080242705278649725019814790252911735511309312424063267127209870268745118,0.0595,0.059176,-0.000324,1562351.62,97166.27
2026-09-28T23:57:48.617091+00:00,1235573,Will the San Diego Padres win the 2026 World Series?,No,77403403357262042499116091970429347185210491161428886619331507282750600367590,0.9405,0.940776,0.000276,1562351.62,97166.27
2026-09-28T23:57:49.926359+00:00,1357373,Will the Baltimore Ravens win the 2027 NFL league championship?,Yes,73903998640927437939889487883041380194034214913517653047704709946666153109395,0.0765,0.076361,-0.000139,1553179.13,98025.45
2026-09-28T23:57:50.339993+00:00,1357373,Will the Baltimore Ravens win the 2027 NFL league championship?,No,22053271793248125256451687157287125154284715142130477499624815153763089628557,0.9235,0.923639,0.000139,1553179.13,98025.45
2026-09-28T23:57:52.530537+00:00,1357396,Will the Philadelphia Eagles win the 2027 NFL league championship?,Yes,67550420979177489996180069723505955888038150368085668640711886592732638036902,0.0525,0.0525,0.0,1512874.73,120522.34
2026-09-28T23:57:52.909742+00:00,1357396,Will the Philadelphia Eagles win the 2027 NFL league championship?,No,18473154342976112888187286109293851961744651663087825578913965129438006741742,0.9475,0.9475,0.0,1512874.73,120522.34
2026-09-28T23:57:53.333595+00:00,1005343,Puffpaw FDV above $50M one day after launch?,Yes,510034681274411516291754863482343062051712641324940501686223446447563026393,0.275,0.275,0.0,1510650.41,24892.7
2026-09-28T23:57:53.733701+00:00,1005343,Puffpaw FDV above $50M one day after launch?,No,112035939766271890070835678458583327089904184175100021395727240122574156493209,0.725,0.725,0.0,1510650.41,24892.7
2026-09-28T23:57:54.364059+00:00,904737,Extended FDV above $300M one day after launch?,Yes,30168634295384984099987626703440157654602987915064535215384295190163901851184,0.415,0.415,0.0,1502177.98,34389.15
2026-09-28T23:57:54.703595+00:00,904737,Extended FDV above $300M one day after launch?,No,7331524226715372344246571285800167833640643080436335461689965049717889378938,0.585,0.585,0.0,1502177.98,34389.15
2026-09-28T23:57:56.014182+00:00,637006,Will Greta Thunberg win the Nobel Peace Prize in 2026?,Yes,110720206167890822616321575705807171983245849150110799188723045022216595670551,0.0105,0.02,0.0095,1481056.42,71090.82
2026-09-28T23:57:56.418601+00:00,637006,Will Greta Thunberg win the Nobel Peace Prize in 2026?,No,88258427153334602839061103957324557393993316504272753015676420313968562088509,0.9895,0.98,-0.0095,1481056.42,71090.82
2026-09-28T23:57:56.752623+00:00,1235564,Will the Philadelphia Phillies win the 2026 World Series?,Yes,56772567436880230751429990016212879028273056769219355099340259163330517784781,0.0425,0.042717,0.000217,1472646.31,100688.52
2026-09-28T23:57:57.134687+00:00,1235564,Will the Philadelphia Phillies win the 2026 World Series?,No,9870237290570379434160738011729795161085208157636317372132377828721529919464,0.9575,0.957361,-0.000139,1472646.31,100688.52
2026-09-28T23:57:57.500073+00:00,1357397,Will the Pittsburgh Steelers win the 2027 NFL league championship?,Yes,1644423779555068499869687727066828174102109860217236402367040602994229475131,0.0105,0.02,0.0095,1471144.07,153868.12
2026-09-28T23:57:57.905939+00:00,1357397,Will the Pittsburgh Steelers win the 2027 NFL league championship?,No,26795153007035211886967358259067782408578434600833864469906588827373214519218,0.9895,0.98,-0.0095,1471144.07,153868.12
2026-09-28T23:57:58.919721+00:00,2126461,Will Crude Oil reach a new all-time high by December 31?,Yes,89220876555191016916241799318314090743516702009053928118059298766028257434413,0.095,0.095,0.0,1442691.7,78829.48
2026-09-28T23:57:59.300965+00:00,2126461,Will Crude Oil reach a new all-time high by December 31?,No,5513378025159191337704316460710043026668901636204511402381351948151562535480,0.905,0.905,0.0,1442691.7,78829.48
2026-09-28T23:57:59.953832+00:00,1115301,Will the U.S. invade Greenland in 2026?,Yes,92674041769676787946853574644277638811231469622795349256540717061493540204868,0.03,0.03,0.0,1439489.15,80921.93
2026-09-28T23:58:00.308718+00:00,1115301,Will the U.S. invade Greenland in 2026?,No,17095902971709157441219887002231819699119343581253499592038634568134421624411,0.97,0.97,0.0,1439489.15,80921.93
2026-09-28T23:58:01.037200+00:00,1235569,Will the Chicago Cubs win the 2026 World Series?,Yes,11940406787186341071755148448116745833167346421729699368674725740151230699960,0.0375,0.037779,0.000279,1430978.74,110244.49
2026-09-28T23:58:01.422781+00:00,1235569,Will the Chicago Cubs win the 2026 World Series?,No,16241194637102350801826153510570707244689613919920873459147075940515249935876,0.9625,0.962221,-0.000279,1430978.74,110244.49
2026-09-28T23:58:03.120847+00:00,665531,Metamask FDV above $700M one day after launch?,Yes,27944626213701198119611689981836884300701096451168812471764168520890801988056,0.073,0.073552,0.000552,1393067.11,24136.34
2026-09-28T23:58:03.812863+00:00,665531,Metamask FDV above $700M one day after launch?,No,55509649865325104641531245650537613391494802994578307703136247282221756039109,0.927,0.926448,-0.000552,1393067.11,24136.34
2026-09-28T23:58:04.409001+00:00,1357391,Will the Minnesota Vikings win the 2027 NFL league championship?,Yes,2259102227815950907342121712913326957116722298738395193563847530262859469556,0.0315,0.031541,4.1e-05,1392452.7,100342.73
2026-09-28T23:58:04.778270+00:00,1357391,Will the Minnesota Vikings win the 2027 NFL league championship?,No,44629497752306165259086691706496023592370137409090192452963788945425971558110,0.9685,0.968459,-4.1e-05,1392452.7,100342.73
2026-09-28T23:58:05.799026+00:00,687642,China x Japan military clash before 2027?,Yes,24359841971256354562338291910316825498086150942929460621080163666720754945761,0.055,0.055,0.0,1375464.49,41156.83
2026-09-28T23:58:06.385894+00:00,687642,China x Japan military clash before 2027?,No,102617319572539919553357676752315366758463499662855057808806666308412570450045,0.945,0.945,0.0,1375464.49,41156.83
2026-09-28T23:58:07.012981+00:00,1168140,Will the upper bound of the target federal funds rate be 4.0% at the end of 2026?,Yes,45298643302120067019009097483686644753682404593036519073434032964867401216713,0.0725,0.0725,0.0,1374894.5,1677.02
2026-09-28T23:58:07.350030+00:00,1168140,Will the upper bound of the target federal funds rate be 4.0% at the end of 2026?,No,91978458915370945988908089539242949184649677903154230672720974787942861020433,0.9275,0.9275,0.0,1374894.5,1677.02
2026-09-28T23:58:08.077141+00:00,678747,Will Israel strike 4 countries in 2026?,Yes,92230933527175957699173261837562970961226561473212829507303559647834156802557,0.7765,0.774192,-0.002308,1369576.73,10843.35
2026-09-28T23:58:08.492502+00:00,678747,Will Israel strike 4 countries in 2026?,No,3024601857887977964432828689764702426766285353964470701607503585563051834427,0.2235,0.223619,0.000119,1369576.73,10843.35
2026-09-28T23:58:08.841717+00:00,701504,"Will Bitcoin dip to $25,000 by December 31, 2026?",Yes,58908160299895538838177673280060816284346493901538403975218911918392404378292,0.0135,0.02,0.0065,1356603.83,120161.19
2026-09-28T23:58:09.242605+00:00,701504,"Will Bitcoin dip to $25,000 by December 31, 2026?",No,44020894143429291435765313920570636537547227867267163638960074550696342100042,0.9865,0.98,-0.0065,1356603.83,120161.19
2026-09-28T23:58:09.618112+00:00,677396,Iran Nuke before 2027?,Yes,55302250828823180276187438149698246226978412434312478767847394628702439947936,0.0365,0.037026,0.000526,1333413.21,101350.39
2026-09-28T23:58:09.970965+00:00,677396,Iran Nuke before 2027?,No,5697221075711858699852624943573291720358422810802415883854283024034226588211,0.9635,0.962974,-0.000526,1333413.21,101350.39
2026-09-28T23:58:10.664437+00:00,2772176,Will Barcelona win the 2026-27 UEFA Champions League Championship?,Yes,105424657244554511014150825202397702180419919286931996082717264149902476600628,0.235,0.235,0.0,1324413.2,955846.65
2026-09-28T23:58:11.243956+00:00,2772176,Will Barcelona win the 2026-27 UEFA Champions League Championship?,No,34945358399694068879260737230963453183436310658083966074000573983342060858792,0.765,0.765,0.0,1324413.2,955846.65
2026-09-28T23:58:12.198148+00:00,665480,Will US withdraw from NATO before 2027?,Yes,17540726999074768109459325330147925578223846904053718101370100723042933774840,0.0185,0.02,0.0015,1314980.82,56391.84
2026-09-28T23:58:12.594932+00:00,665480,Will US withdraw from NATO before 2027?,No,23292838992754288443599105453645327195065821436549655583078911490396768004449,0.9815,0.98,-0.0015,1314980.82,56391.84
2026-09-28T23:58:13.279130+00:00,1235562,Will the Atlanta Braves win the 2026 World Series?,Yes,87400549613971964996449731299293585289302880817247437384669548139968257881468,0.0625,0.062617,0.000117,1300529.2,137895.33
2026-09-28T23:58:13.663714+00:00,1235562,Will the Atlanta Braves win the 2026 World Series?,No,29295580868306068896124583600000282365944247641268463074038627370917750913578,0.9375,0.937383,-0.000117,1300529.2,137895.33
2026-09-28T23:58:14.004469+00:00,2299952,Will Anthropic's valuation hit (HIGH) $3.0T by December 31?,Yes,104142036867931412514405371667253870392906648391536505298080565010839115459260,0.235,0.235,0.0,1298223.11,33217.45
2026-09-28T23:58:14.378366+00:00,2299952,Will Anthropic's valuation hit (HIGH) $3.0T by December 31?,No,40504602999746502052081185409322422451246922051464321593641901006620543564089,0.765,0.765,0.0,1298223.11,33217.45
2026-09-28T23:58:14.764111+00:00,3501950,Strait of Hormuz traffic returns to normal by October 31?,Yes,65318042793305154928481822061228422214615698483328483747495637152414701080541,0.039,0.041071,0.002071,1296547.52,171595.9
2026-09-28T23:58:15.140848+00:00,3501950,Strait of Hormuz traffic returns to normal by October 31?,No,112428165813371561912833460698436648539922320261306010177252036814838759682453,0.961,0.958473,-0.002527,1296547.52,171595.9
2026-09-28T23:58:15.482454+00:00,676739,Will NVIDIA be the largest company in the world by market cap on December 31?,Yes,11876606915924142133615854761923277060697657209957870741155164849437788272266,0.755,0.754586,-0.000414,1290637.09,97008.57
2026-09-28T23:58:15.916366+00:00,676739,Will NVIDIA be the largest company in the world by market cap on December 31?,No,114033095271617070714983865791504478906266507670567428753203001241312040895286,0.245,0.245414,0.000414,1290637.09,97008.57
2026-09-28T23:58:16.603740+00:00,629030,Will Karen Bass win the 2026 Los Angeles mayoral election?,Yes,21099887182068653164347641846316470453763034851874063977340528628016776716246,0.415,0.415,0.0,1274357.34,131824.83
2026-09-28T23:58:16.983434+00:00,629030,Will Karen Bass win the 2026 Los Angeles mayoral election?,No,34469274651136131348321516150438492438660307886630693950137200696755429925073,0.585,0.585,0.0,1274357.34,131824.83
2026-09-28T23:58:17.663210+00:00,1365861,Will Flávio Bolsonaro finish in second place in the first round of the 2026 Brazilian presidential election?,Yes,49821065181473419798146957267480015506102711160660718636601116902870701340131,0.765,0.763579,-0.001421,1261175.78,108045.11
2026-09-28T23:58:18.067212+00:00,1365861,Will Flávio Bolsonaro finish in second place in the first round of the 2026 Brazilian presidential election?,No,40248862204095545824507770609491521282553259429991780219438297794719904718932,0.235,0.236421,0.001421,1261175.78,108045.11
2026-09-28T23:58:18.448539+00:00,665495,Ukraine joins NATO before 2027?,Yes,105909749038687353646093584977576398934339148279467952755284020121199034833651,0.0235,0.02354,4e-05,1251312.6,40876.75
2026-09-28T23:58:18.836348+00:00,665495,Ukraine joins NATO before 2027?,No,78921303073622643247824624558291531504050909099207837726631334847335698455690,0.9765,0.97646,-4e-05,1251312.6,40876.75
2026-09-28T23:58:19.482264+00:00,2853074,Bab el-Mandeb Strait effectively closed by December 31?,Yes,43976511902268111041633866799555037330317427315454056847054364885183934986197,0.17,0.172746,0.002746,1244591.62,115373.06
2026-09-28T23:58:19.890632+00:00,2853074,Bab el-Mandeb Strait effectively closed by December 31?,No,33460385394344753109351907923235209397225125746318923726067817676780036931403,0.83,0.827254,-0.002746,1244591.62,115373.06
2026-09-28T23:58:20.902017+00:00,565064,Will the Republicans win the 2028 US Presidential Election?,Yes,67109747366255871599717338045111308888043498275177238365560740200996017915657,0.345,0.345,0.0,1227608.65,281118.34
2026-09-28T23:58:21.303156+00:00,565064,Will the Republicans win the 2028 US Presidential Election?,No,103845791232328975452762372781150730610824357544180691092497335946993481308222,0.655,0.655,0.0,1227608.65,281118.34
2026-09-28T23:58:22.062455+00:00,1357389,Will the Los Angeles Rams win the 2027 NFL league championship?,Yes,43352642039302747588938905555385017655344819959150117270669936414308468726872,0.105,0.105,0.0,1223123.39,151514.78
2026-09-28T23:58:22.427986+00:00,1357389,Will the Los Angeles Rams win the 2027 NFL league championship?,No,28468320524436456029317358202625636991963165476882735910405095309772884444178,0.895,0.895,0.0,1223123.39,151514.78
2026-09-28T23:58:22.799512+00:00,565065,Will the Democrats win the 2028 US Presidential Election?,Yes,49084048476353771153083262278964615095037480324537117350127265918750912547378,0.645,0.645,0.0,1220270.0,268903.16
2026-09-28T23:58:23.205710+00:00,565065,Will the Democrats win the 2028 US Presidential Election?,No,1376044590327709616459174469529480611299625159235587466149878628404281805565,0.355,0.355,0.0,1220270.0,268903.16
2026-09-28T23:58:24.274319+00:00,3866000,"Will Ethereum dip to $2,250 by December 31, 2026?",Yes,66335306745821529065179061745515953781644081595464464996921948603911228936814,0.285,0.28733,0.00233,1213332.37,36624.53
2026-09-28T23:58:24.641640+00:00,3866000,"Will Ethereum dip to $2,250 by December 31, 2026?",No,63382519856399132244485492020084100091374236550290181904952415637486462703240,0.715,0.71267,-0.00233,1213332.37,36624.53
2026-09-28T23:58:25.017222+00:00,701491,"Will Bitcoin reach $150,000 by December 31, 2026?",Yes,9408196828451163378822245032645030045707991112669125056198742225498158094445,0.035,0.034936,-6.4e-05,1204754.78,95791.32
2026-09-28T23:58:25.418126+00:00,701491,"Will Bitcoin reach $150,000 by December 31, 2026?",No,51483905306465811734319720696244063650497726569976526242005911027664652328096,0.965,0.965064,6.4e-05,1204754.78,95791.32
2026-09-28T23:58:26.070583+00:00,701492,"Will Bitcoin reach $140,000 by December 31, 2026?",Yes,71296910957902084356560391757722633648005498400799774895345285101862220728868,0.044,0.043885,-0.000115,1201267.65,89519.27
2026-09-28T23:58:26.486156+00:00,701492,"Will Bitcoin reach $140,000 by December 31, 2026?",No,70543103071492972645151283689391729699226843216132833577173691542490654530110,0.956,0.956115,0.000115,1201267.65,89519.27
2026-09-28T23:58:27.110739+00:00,1357399,Will the Seattle Seahawks win the 2027 NFL league championship?,Yes,44921620302443755066232904216706419654951291213279649386577553092891642701355,0.075,0.075,0.0,1201034.37,139695.48
2026-09-28T23:58:27.477736+00:00,1357399,Will the Seattle Seahawks win the 2027 NFL league championship?,No,108653605515870936645618227692502841707998202104516753146823247672070536516170,0.925,0.925,0.0,1201034.37,139695.48
2026-09-28T23:58:27.833952+00:00,694940,Will GitLab be acquired before 2027?,Yes,78229401955179772346633280675438287183628102967234404539478345545004251094928,0.0575,0.057534,3.4e-05,1191625.75,2480.72
2026-09-28T23:58:28.270234+00:00,694940,Will GitLab be acquired before 2027?,No,42718002437679987995641088066046545871003504244898724347868454522650727835167,0.9425,0.942443,-5.7e-05,1191625.75,2480.72
2026-09-28T23:58:28.659706+00:00,1349167,Will San Jose Earthquakes win the 2026 MLS Cup?,Yes,81119773052891775821920721095385802155330895016204596516121823281272853716086,0.025,0.024754,-0.000246,1180010.47,21004.52
2026-09-28T23:58:29.071320+00:00,1349167,Will San Jose Earthquakes win the 2026 MLS Cup?,No,53994188756838304898057895570089385957560965446003235191270269241092098432636,0.975,0.975246,0.000246,1180010.47,21004.52
2026-09-28T23:58:29.735358+00:00,4052417,"Will Bitcoin reach $90,000 in September?",Yes,109310241204748219450206481030209385302693105169008720334568386742768385563899,0.0165,0.02,0.0035,1176095.47,115782.78
2026-09-28T23:58:30.143223+00:00,4052417,"Will Bitcoin reach $90,000 in September?",No,21164311782025361639338919864638388434077877389091169845133206760657732867402,0.9835,0.98,-0.0035,1176095.47,115782.78
2026-09-28T23:58:30.538999+00:00,1393318,Predict.fun FDV above $200M one day after launch?,Yes,110169034215768610667371569393261003496751585492880635411276496208130195056884,0.765,0.765,0.0,1166624.81,34867.17
2026-09-28T23:58:30.905062+00:00,1393318,Predict.fun FDV above $200M one day after launch?,No,107542516153427244812049249983593386082083406501289000557057937038402234562196,0.235,0.235,0.0,1166624.81,34867.17
2026-09-28T23:58:31.230981+00:00,1393319,Predict.fun FDV above $300M one day after launch?,Yes,111418219797400062581536324496263222919277747493681884041924643375029037449745,0.72,0.72,0.0,1166185.74,32219.09
2026-09-28T23:58:31.622792+00:00,1393319,Predict.fun FDV above $300M one day after launch?,No,63710889789339586153799622451711043622804652800354892440817390531393197961941,0.28,0.28,0.0,1166185.74,32219.09
2026-09-28T23:58:32.295668+00:00,3120760,"NATO x Russia military clash by October 31, 2026?",Yes,90103249718343334756773580827701144244122903469501608441410963092372041632343,0.145,0.145,0.0,1164583.31,208108.02
2026-09-28T23:58:32.651568+00:00,3120760,"NATO x Russia military clash by October 31, 2026?",No,66797176836865406644675050248194264952001579179703527537658211196864343226792,0.855,0.855,0.0,1164583.31,208108.02
2026-09-28T23:58:32.975258+00:00,1469734,Will there be no Head of State in Iran end of 2026?,Yes,46737595588538785221040143451401435150985932684129375912985868128718669274118,0.0455,0.046189,0.000689,1164541.01,76550.12
2026-09-28T23:58:33.324993+00:00,1469734,Will there be no Head of State in Iran end of 2026?,No,96773953960313048340895711765817431775606353405814859249629785260485292633238,0.9545,0.95429,-0.00021,1164541.01,76550.12
2026-09-28T23:58:33.754686+00:00,1235552,Will the Cleveland Guardians win the 2026 World Series?,Yes,86836855507912353672331273895741550012643122260675758564432763672972116051156,0.0655,0.065375,-0.000125,1159891.88,114650.9
2026-09-28T23:58:34.337480+00:00,1235552,Will the Cleveland Guardians win the 2026 World Series?,No,21005232080146912819588519036283574999557774043585211746019489918059412624743,0.9345,0.934616,0.000116,1159891.88,114650.9
2026-09-28T23:58:34.660783+00:00,630772,Will the Democrats win the Maine Senate race in 2026?,Yes,7589880081658059374445882095611024032084645048848237404312287942463647821549,0.605,0.604379,-0.000621,1157011.54,128758.4
2026-09-28T23:58:35.236616+00:00,630772,Will the Democrats win the Maine Senate race in 2026?,No,6136336712352911156426560180855478229745540927722899997193789497766196705020,0.395,0.395621,0.000621,1157011.54,128758.4
2026-09-28T23:58:35.613203+00:00,1294368,"Will Gold (GC) hit (HIGH) $6,000 by end of December?",Yes,79773570476744632615747480307256906441402089435470166694872527952303027818942,0.085,0.085,0.0,1156954.35,67017.04
2026-09-28T23:58:35.958105+00:00,1294368,"Will Gold (GC) hit (HIGH) $6,000 by end of December?",No,57387274828031262660486557812863866267296282062465522136167391501230739962676,0.915,0.915,0.0,1156954.35,67017.04
2026-09-28T23:58:36.299857+00:00,4052418,"Will Bitcoin reach $87,500 in September?",Yes,93102073593745160534123412868713328176360151139344483198023062751009656599915,0.075,0.076788,0.001788,1154824.05,86056.12
2026-09-28T23:58:36.614568+00:00,4052418,"Will Bitcoin reach $87,500 in September?",No,4154193998817736104851866613650963230068092479669344695639193833815805918087,0.925,0.923212,-0.001788,1154824.05,86056.12
2026-09-28T23:58:37.641534+00:00,1321564,Will Anthropic have the highest IPO Market Cap 2026?,Yes,21209890653812186814248619913047412762177779312349880099050240669177189381593,0.439,0.438259,-0.000741,1142500.49,15709.41
2026-09-28T23:58:38.236342+00:00,1321564,Will Anthropic have the highest IPO Market Cap 2026?,No,37461417265919800563099829598896496437436229231955379584818921535241120965562,0.561,0.561741,0.000741,1142500.49,15709.41
2026-09-28T23:58:38.871542+00:00,1469754,Will Mahmoud Ahmadinejad be head of state in Iran end of 2026?,Yes,89974685609098808755854367630091386804795305974823550976721901844367211884750,0.011,0.02,0.009,1132323.02,40303.93
2026-09-28T23:58:39.241198+00:00,1469754,Will Mahmoud Ahmadinejad be head of state in Iran end of 2026?,No,66205920612209141344389539613201464673915400667247839651655338520033425733054,0.989,0.98,-0.009,1132323.02,40303.93
2026-09-28T23:58:39.583461+00:00,898660,Will Mercedes be the 2026 F1 Constructors' Champion?,Yes,94922529932212500419231547100981162651595923093160689242276879357678594265586,0.9685,0.968265,-0.000235,1130428.62,28780.67
2026-09-28T23:58:39.971598+00:00,898660,Will Mercedes be the 2026 F1 Constructors' Champion?,No,115463251310432313770716629825102100387287284111396008305396488867667653800833,0.0315,0.031735,0.000235,1130428.62,28780.67
2026-09-29T02:48:45.303613+00:00,665374,Will the U.S. invade Iran before 2027?,Yes,55115078421062885512539156303747803058407616201213034911037320915726138659123,0.145,0.145414,0.000414,69951368.57,1002008.62
2026-09-29T02:48:45.700008+00:00,665374,Will the U.S. invade Iran before 2027?,No,1910830010387565971650098373488592514702818137344973088263643820608151819241,0.855,0.854586,-0.000414,69951368.57,1002008.62
2026-09-29T02:48:46.040971+00:00,703258,Will Jesus Christ return before 2027?,Yes,69324317355037271422943965141382095011871956039434394956830818206664869608517,0.0165,0.02,0.0035,66095082.75,529277.02
2026-09-29T02:48:46.442265+00:00,703258,Will Jesus Christ return before 2027?,No,51797157743046504218541616681751597845468055908324407922581755135522797852101,0.9835,0.98,-0.0035,66095082.75,529277.02
2026-09-29T02:48:51.368134+00:00,567621,Will China invade Taiwan by end of 2026?,Yes,94559586571241563470235664821564670251180951772614764383113614156422396181162,0.0355,0.035402,-9.8e-05,42980123.13,606286.19
2026-09-29T02:48:51.771953+00:00,567621,Will China invade Taiwan by end of 2026?,No,90772332434487149264114862115632028379978765245278600275169585501290867536237,0.9645,0.964598,9.8e-05,42980123.13,606286.19
2026-09-29T02:48:53.978873+00:00,703257,Will the US confirm that aliens exist before 2027?,Yes,107505882767731489358349912513945399560393482969656700824895970500493757150417,0.0355,0.035468,-3.2e-05,39892387.61,940316.72
2026-09-29T02:48:54.372091+00:00,703257,Will the US confirm that aliens exist before 2027?,No,7305630249804085635496399869905769372294302716159034447326228509068694952392,0.9645,0.964532,3.2e-05,39892387.61,940316.72
2026-09-29T02:48:56.991865+00:00,997488,Will Trump acquire Greenland before 2027?,Yes,5161623255678193352839985156330393796378434470119114669671615782853260939535,0.027,0.027,0.0,35588268.4,220092.23
2026-09-29T02:48:57.421276+00:00,997488,Will Trump acquire Greenland before 2027?,No,57216272564529548464686463691236811991956032201293786790337952253964682584376,0.973,0.973,0.0,35588268.4,220092.23
2026-09-29T02:49:02.050029+00:00,2063132,Will Demeke Mekonnen be the next Prime Minister of Ethiopia?,Yes,2782564244692790193407832532237218722544517902619602647018377360625351910716,0.014,0.02,0.006,29330600.54,21941.25
2026-09-29T02:49:02.417820+00:00,2063132,Will Demeke Mekonnen be the next Prime Minister of Ethiopia?,No,100810872307019720237998809617641705524940094430787348748697558959574587826450,0.986,0.98,-0.006,29330600.54,21941.25
2026-09-29T02:49:03.944774+00:00,559652,Will Gavin Newsom win the 2028 Democratic presidential nomination?,Yes,54533043819946592547517511176940999955633860128497669742211153063842200957669,0.171,0.17099,-1e-05,27804955.59,438162.14
2026-09-29T02:49:04.313414+00:00,559652,Will Gavin Newsom win the 2028 Democratic presidential nomination?,No,87854174148074652060467921081181402357467303721471806610111179101805869578687,0.829,0.82901,1e-05,27804955.59,438162.14
2026-09-29T02:49:05.356093+00:00,663583,Will the Iranian regime fall before 2027?,Yes,10991849228756847439673778874175365458450913336396982752046655649803657501964,0.065,0.065,0.0,26391363.32,703180.03
2026-09-29T02:49:05.686838+00:00,663583,Will the Iranian regime fall before 2027?,No,106181075047366745139197108801635573283215248045056329679360376976893016488727,0.935,0.935,0.0,26391363.32,703180.03
2026-09-29T02:49:07.357227+00:00,559675,Will Jon Stewart win the 2028 Democratic presidential nomination?,Yes,58343456405874365460518182619380252930558598368174305791768670198253267891911,0.0135,0.02,0.0065,24803721.33,320866.26
2026-09-29T02:49:07.709771+00:00,559675,Will Jon Stewart win the 2028 Democratic presidential nomination?,No,84566561349071752664514432513198569980219178901068420341175150225620958953893,0.9865,0.98,-0.0065,24803721.33,320866.26
2026-09-29T02:49:08.397621+00:00,1163699,Clarity Act (H.R.3633) signed into law in 2026?,Yes,35198549486569600595408965368290795524428922595732253580266052028158040373233,0.0525,0.052564,6.4e-05,23228936.07,475291.32
2026-09-29T02:49:08.744316+00:00,1163699,Clarity Act (H.R.3633) signed into law in 2026?,No,29633826701713552120011280893309822625942861174174976276686142480636225243753,0.9475,0.947436,-6.4e-05,23228936.07,475291.32
2026-09-29T02:49:10.139343+00:00,560317,"Putin out as President of Russia by December 31, 2026?",Yes,350977769852917329387037893294763093471844346281449484439085576212613048126,0.0285,0.029436,0.000936,22426667.78,886234.13
2026-09-29T02:49:10.317845+00:00,560317,"Putin out as President of Russia by December 31, 2026?",No,87073899845581463485186346288398658568334162612963837182986759797304993556208,0.9715,0.970564,-0.000936,22426667.78,886234.13
2026-09-29T02:49:12.302690+00:00,561989,Will Ted Cruz win the 2028 Republican presidential nomination?,Yes,75602319799101799832214450648958470414659751617273540482126444460192042893239,0.0195,0.02,0.0005,19511229.35,826287.17
2026-09-29T02:49:12.629581+00:00,561989,Will Ted Cruz win the 2028 Republican presidential nomination?,No,67427191791815068910367164354907762897739120962449893449251138341231627575633,0.9805,0.98,-0.0005,19511229.35,826287.17
2026-09-29T02:49:13.300524+00:00,561237,Will Andy Beshear win the 2028 US Presidential Election?,Yes,50507496430692162923857760920722624157737138256097150616293040054748564876552,0.013,0.02,0.007,19238616.13,306996.86
2026-09-29T02:49:13.630635+00:00,561237,Will Andy Beshear win the 2028 US Presidential Election?,No,53112547591746110422238703365888013497196468199611167129486770819598374380742,0.987,0.98,-0.007,19238616.13,306996.86
2026-09-29T02:49:14.630642+00:00,561230,Will Gavin Newsom win the 2028 US Presidential Election?,Yes,98250445447699368679516529207365255018790721464590833209064266254238063117329,0.0765,0.07645,-5e-05,18476264.35,346532.68
2026-09-29T02:49:14.991028+00:00,561230,Will Gavin Newsom win the 2028 US Presidential Election?,No,18823838997443878656879952590502524526556504037944392973476854588563571859850,0.9235,0.92355,5e-05,18476264.35,346532.68
2026-09-29T02:49:15.334938+00:00,2155000,Hantavirus pandemic in 2026?,Yes,51508280778202349361616850684455231843716212176724253736363122559269229712002,0.0255,0.0255,0.0,18446668.84,180584.54
2026-09-29T02:49:15.707193+00:00,2155000,Hantavirus pandemic in 2026?,No,95212449865986159112377413335252801281670333750637442556685159781445406848396,0.9745,0.9745,0.0,18446668.84,180584.54
2026-09-29T02:49:16.319347+00:00,559656,Will Wes Moore win the 2028 Democratic presidential nomination?,Yes,90227223115596293448966158151606153337847900483048338623540402385929720677904,0.02,0.02,0.0,18428959.47,282725.23
2026-09-29T02:49:16.654944+00:00,559656,Will Wes Moore win the 2028 Democratic presidential nomination?,No,105134691322323565615831879054043168027913414000042547943201361115853277749482,0.98,0.98,0.0,18428959.47,282725.23
2026-09-29T02:49:17.390338+00:00,559668,Will Mark Kelly win the 2028 Democratic presidential nomination?,Yes,92325249719485031139867422012514654102580961954747753469470405147070256604118,0.026,0.026099,9.9e-05,17661455.41,299592.97
2026-09-29T02:49:17.800137+00:00,559668,Will Mark Kelly win the 2028 Democratic presidential nomination?,No,5116999494213083595175041146469973274436003044730013359502912125889113751080,0.974,0.973901,-9.9e-05,17661455.41,299592.97
2026-09-29T02:49:18.615898+00:00,561229,Will JD Vance win the 2028 US Presidential Election?,Yes,16040015440196279900485035793550429453516625694844857319147506590755961451627,0.2075,0.2075,0.0,16507437.53,444973.47
2026-09-29T02:49:18.992649+00:00,561229,Will JD Vance win the 2028 US Presidential Election?,No,94476829201604408463453426454480212459887267917122244941405244686637914508323,0.7925,0.7925,0.0,16507437.53,444973.47
2026-09-29T02:49:19.689243+00:00,559663,Will J.B. Pritzker win the 2028 Democratic presidential nomination?,Yes,103988345069738240821107916249290759786442703283901164377120414690701074137717,0.0135,0.02,0.0065,15769268.7,402511.21
2026-09-29T02:49:20.046087+00:00,559663,Will J.B. Pritzker win the 2028 Democratic presidential nomination?,No,108650988487983371520585351370999192979899647080710024226285750050382033453124,0.9865,0.98,-0.0065,15769268.7,402511.21
2026-09-29T02:49:20.274675+00:00,561974,Will J.D. Vance win the 2028 Republican presidential nomination?,Yes,40081275558852222228080198821361202017557872256707631666334039001378518619916,0.5075,0.507613,0.000113,15725228.26,346691.7
2026-09-29T02:49:20.622716+00:00,561974,Will J.D. Vance win the 2028 Republican presidential nomination?,No,78633590736077251574794513664747155551297291244492840448622550955320930591622,0.4925,0.492387,-0.000113,15725228.26,346691.7
2026-09-29T02:49:21.327105+00:00,561979,Will Ron DeSantis win the 2028 Republican presidential nomination?,Yes,12127975650736113116407758794754973741525044713193258995588171654429754588610,0.0285,0.0285,0.0,15573122.14,377768.99
2026-09-29T02:49:21.700405+00:00,561979,Will Ron DeSantis win the 2028 Republican presidential nomination?,No,95344728193244020854716971584323868633691370479151373416918812532794690491367,0.9715,0.9715,0.0,15573122.14,377768.99
2026-09-29T02:49:21.906853+00:00,559653,Will Alexandria Ocasio-Cortez win the 2028 Democratic presidential nomination?,Yes,107064985435494333113391038470401719113272800530429703182710416066774068907304,0.1855,0.1855,0.0,15311364.92,358508.97
2026-09-29T02:49:22.280630+00:00,559653,Will Alexandria Ocasio-Cortez win the 2028 Democratic presidential nomination?,No,65176072261324737856085688071627118509549293922582857186996392180609764586527,0.8145,0.8145,0.0,15311364.92,358508.97
2026-09-29T02:49:23.266729+00:00,559669,Will Rahm Emanuel win the 2028 Democratic presidential nomination?,Yes,10521981432803570450946212503203364998108630328528216082760514453664705157397,0.0205,0.020521,2.1e-05,14589688.95,847596.03
2026-09-29T02:49:23.640753+00:00,559669,Will Rahm Emanuel win the 2028 Democratic presidential nomination?,No,91949042216127305292438280992722171735754548787382833799906976841509942727662,0.9795,0.979479,-2.1e-05,14589688.95,847596.03
2026-09-29T02:49:23.957063+00:00,561253,Will Tucker Carlson win the 2028 US Presidential Election?,Yes,45015916581148592087728250896178171120552786117190685135618507471166113474733,0.0185,0.02,0.0015,14284023.33,290089.11
2026-09-29T02:49:24.283001+00:00,561253,Will Tucker Carlson win the 2028 US Presidential Election?,No,5353194854864999214467212176625447374807704051407621946584152368216621932371,0.9815,0.98,-0.0015,14284023.33,290089.11
2026-09-29T02:49:24.962468+00:00,559651,Xi Jinping out before 2027?,Yes,32338220190071351435772801779725302244575775216413325951443816017994629993401,0.0345,0.034606,0.000106,14090782.4,604700.26
2026-09-29T02:49:25.301113+00:00,559651,Xi Jinping out before 2027?,No,25659310674993675562345759665114759892400026242514633218387667107987341231962,0.9655,0.965394,-0.000106,14090782.4,604700.26
2026-09-29T02:49:26.310434+00:00,561996,Will Tucker Carlson win the 2028 Republican presidential nomination?,Yes,78994573210477487932611223094751007094801552166562252085708682076112788032998,0.0315,0.031521,2.1e-05,13812137.16,244516.38
2026-09-29T02:49:26.680845+00:00,561996,Will Tucker Carlson win the 2028 Republican presidential nomination?,No,8140793935596394912663577132141762112024484538385519683062085870219967913900,0.9685,0.968479,-2.1e-05,13812137.16,244516.38
2026-09-29T02:49:27.027401+00:00,561231,Will Alexandria Ocasio-Cortez win the 2028 US Presidential Election?,Yes,8113830512143065501177519557124858581375945005490796772950589720955457782465,0.1315,0.1315,0.0,13706205.32,353555.56
2026-09-29T02:49:27.397425+00:00,561231,Will Alexandria Ocasio-Cortez win the 2028 US Presidential Election?,No,11493926619286817179231142642565394485790380952577225820901334479399429951651,0.8685,0.8685,0.0,13706205.32,353555.56
2026-09-29T02:49:28.084607+00:00,559658,Will Kamala Harris win the 2028 Democratic presidential nomination?,Yes,38171024903091354977195167437673496224420673639143973968032407064172828043588,0.0635,0.0635,0.0,13564996.51,298045.66
2026-09-29T02:49:28.473178+00:00,559658,Will Kamala Harris win the 2028 Democratic presidential nomination?,No,26930844951471612827925270830087046333229637930899178134435055616497220846773,0.9365,0.9365,0.0,13564996.51,298045.66
2026-09-29T02:49:28.694522+00:00,2176270,Strait of Hormuz traffic returns to normal by December 31?,Yes,83783489454659420807679723574840032660002326710045123865554753994450797728825,0.215,0.217315,0.002315,13483762.37,308499.33
2026-09-29T02:49:29.041822+00:00,2176270,Strait of Hormuz traffic returns to normal by December 31?,No,48727431314333088243693016929623363710488980152833544156961659445129455301311,0.785,0.782685,-0.002315,13483762.37,308499.33
2026-09-29T02:49:29.361444+00:00,559660,Will Andy Beshear win the 2028 Democratic presidential nomination?,Yes,26468656392978559668331516709623917078428425933265692717836103090220693717685,0.027,0.027039,3.9e-05,13295083.25,502503.83
2026-09-29T02:49:29.727861+00:00,559660,Will Andy Beshear win the 2028 Democratic presidential nomination?,No,26335362363448644358593284423242327477307616743233875606762153873424287882825,0.973,0.972961,-3.9e-05,13295083.25,502503.83
2026-09-29T02:49:29.937908+00:00,559661,Will Jon Ossoff win the 2028 Democratic presidential nomination?,Yes,70071592420137476676935286377781779672157004436137616627487590484756055232944,0.1545,0.1545,0.0,13108985.64,279720.43
2026-09-29T02:49:30.243009+00:00,559661,Will Jon Ossoff win the 2028 Democratic presidential nomination?,No,107829893465244243112531790315844862173967342141753896250561816305880797209350,0.8455,0.8455,0.0,13108985.64,279720.43
2026-09-29T02:49:31.208040+00:00,561246,Will Ron DeSantis win the 2028 US Presidential Election?,Yes,104480514270625615787868282411330496385404675495672110015326625654626015018993,0.019,0.02,0.001,12630253.28,200366.63
2026-09-29T02:49:31.531090+00:00,561246,Will Ron DeSantis win the 2028 US Presidential Election?,No,65724430065358897810064400118831287249960059855415477063660293398018349529272,0.981,0.98,-0.001,12630253.28,200366.63
2026-09-29T02:49:31.842521+00:00,561234,Will Marco Rubio win the 2028 US Presidential Election?,Yes,11171618905857319805355893398009978356002287408842633593535559412449299952250,0.0875,0.0875,0.0,12589679.16,262207.18
2026-09-29T02:49:32.192477+00:00,561234,Will Marco Rubio win the 2028 US Presidential Election?,No,65892530750232246342273648992064742042382898919201083513241874070914353628268,0.9125,0.9125,0.0,12589679.16,262207.18
2026-09-29T02:49:32.374604+00:00,601819,Will Luiz Inácio Lula da Silva win the 2026 Brazilian presidential election?,Yes,30630994248667897740988010928640156931882346081873066002335460180076741328029,0.415,0.415,0.0,12535222.41,419450.73
2026-09-29T02:49:32.698610+00:00,601819,Will Luiz Inácio Lula da Silva win the 2026 Brazilian presidential election?,No,79191939610100241429039499950443680906623179487184628479206155805558220344190,0.585,0.585,0.0,12535222.41,419450.73
2026-09-29T02:49:33.071108+00:00,559686,Will Dwayne 'The Rock' Johnson win the 2028 Democratic presidential nomination?,Yes,40963724357262746498642320898188195118391211877976821531149510360187173789737,0.011,0.02,0.009,12515512.46,859983.23
2026-09-29T02:49:33.472488+00:00,559686,Will Dwayne 'The Rock' Johnson win the 2028 Democratic presidential nomination?,No,14959910401705469574520698331840889689202579612030624016640567510369602599866,0.989,0.98,-0.009,12515512.46,859983.23
2026-09-29T02:49:33.817986+00:00,601826,Will Flávio Bolsonaro win the 2026 Brazilian presidential election?,Yes,109876868437950584369987384406356259939519193117253465815665152916226511121427,0.5795,0.579541,4.1e-05,12172327.76,576756.2
2026-09-29T02:49:34.192682+00:00,601826,Will Flávio Bolsonaro win the 2026 Brazilian presidential election?,No,38310927461258927563020508025396887688249787380193911540547071417200646834355,0.4205,0.420459,-4.1e-05,12172327.76,576756.2
2026-09-29T02:49:34.581948+00:00,559654,Will Pete Buttigieg win the 2028 Democratic presidential nomination?,Yes,91031279171981959197361710127213577102576826515163085396576756946418341946256,0.0495,0.0495,0.0,12141700.65,369616.44
2026-09-29T02:49:34.948444+00:00,559654,Will Pete Buttigieg win the 2028 Democratic presidential nomination?,No,18494065527924073750217237765784380365430319396356251245973222791140100738948,0.9505,0.9505,0.0,12141700.65,369616.44
2026-09-29T02:49:35.624826+00:00,666861,Trump out as President before 2027?,Yes,59252515735652674747158950210016502214756531287333895140318848923768750410355,0.045,0.045,0.0,11995880.56,357868.91
2026-09-29T02:49:35.991888+00:00,666861,Trump out as President before 2027?,No,2849827372590072151380088930233312280478318575453624773762283369907909283027,0.955,0.955,0.0,11995880.56,357868.91
2026-09-29T02:49:36.386859+00:00,1472548,Will Reza Pahlavi lead Iran in 2026?,Yes,104932610032177696635191871147557737718087870958469629338467406422339967452218,0.0315,0.031569,6.9e-05,11767884.05,96247.67
2026-09-29T02:49:36.981905+00:00,1472548,Will Reza Pahlavi lead Iran in 2026?,No,96214953624495509683027302209340859673097705517450500531670409012928242777230,0.9685,0.968431,-6.9e-05,11767884.05,96247.67
2026-09-29T02:49:37.659474+00:00,559694,Will Ro Khanna win the 2028 Democratic presidential nomination?,Yes,20374050108659687356429749447884880983779889840007423115803042125707701269498,0.0135,0.02,0.0065,11308514.37,375057.96
2026-09-29T02:49:38.048471+00:00,559694,Will Ro Khanna win the 2028 Democratic presidential nomination?,No,2610336024939503976910443133965525155112118948066646227040491461288298872236,0.9865,0.98,-0.0065,11308514.37,375057.96
2026-09-29T02:49:39.083367+00:00,1126504,Will the US acquire part of Greenland in 2026?,Yes,60745476350338574489643206785963608049827415658137795738920858026399504782388,0.029,0.027919,-0.001081,10886017.48,62914.25
2026-09-29T02:49:39.452551+00:00,1126504,Will the US acquire part of Greenland in 2026?,No,104895545296438735617666172336621441242754294947987367085791779928220778311973,0.971,0.972081,0.001081,10886017.48,62914.25
2026-09-29T02:49:39.803638+00:00,559695,Will James Talarico win the 2028 Democratic presidential nomination?,Yes,52535923606561722941567320365820395300598958985353103429657683100920373025261,0.0205,0.0205,0.0,10713495.57,255363.24
2026-09-29T02:49:40.154207+00:00,559695,Will James Talarico win the 2028 Democratic presidential nomination?,No,20643805904661385280242837899001038341346631607217619709766724611396929658707,0.9795,0.9795,0.0,10713495.57,255363.24
2026-09-29T02:49:40.355777+00:00,561975,Will Marco Rubio win the 2028 Republican presidential nomination?,Yes,13565458761220145250977753098276900790902214604876327357986816739576288755859,0.1555,0.155582,8.2e-05,10697056.21,319337.9
2026-09-29T02:49:40.685184+00:00,561975,Will Marco Rubio win the 2028 Republican presidential nomination?,No,75720156002519829912361786945091022242706922246722836126941546028340974330171,0.8445,0.844418,-8.2e-05,10697056.21,319337.9
2026-09-29T02:49:41.067608+00:00,561243,Will Donald Trump win the 2028 US Presidential Election?,Yes,11807691644868166983390207408868795383945915035851758101409310535538572683733,0.0115,0.02,0.0085,10651525.31,692416.1
2026-09-29T02:49:41.443552+00:00,561243,Will Donald Trump win the 2028 US Presidential Election?,No,72656506786460378316387284276713856836841708169262528054985577978493419440428,0.9885,0.98,-0.0085,10651525.31,692416.1
2026-09-29T02:49:43.712112+00:00,559655,Will Josh Shapiro win the 2028 Democratic presidential nomination?,Yes,71169839497420596285841847514123589847893415750912355173877524195175834054354,0.0615,0.0615,0.0,10054430.33,282611.09
2026-09-29T02:49:44.096204+00:00,559655,Will Josh Shapiro win the 2028 Democratic presidential nomination?,No,55290827599553280245963175724940496753557722439999671239772487781170052583987,0.9385,0.9385,0.0,10054430.33,282611.09
2026-09-29T02:49:44.463426+00:00,561978,Will Donald Trump Jr. win the 2028 Republican presidential nomination?,Yes,96972794085445478502118386209219626048407104930213167197946285611747327241358,0.0185,0.02,0.0015,9679612.78,589174.44
2026-09-29T02:49:44.766043+00:00,561978,Will Donald Trump Jr. win the 2028 Republican presidential nomination?,No,17764541728623556463430129981248514099360802330077857891779810164830347138778,0.9815,0.98,-0.0015,9679612.78,589174.44
2026-09-29T02:49:45.179901+00:00,561973,Will Donald Trump win the 2028 Republican presidential nomination?,Yes,3039641309958397001906153616677074061284510636204155275446291716739429262374,0.018,0.02,0.002,9608155.54,366975.95
2026-09-29T02:49:45.760546+00:00,561973,Will Donald Trump win the 2028 Republican presidential nomination?,No,27828976648682466778776999076215423777766972981338264154049603024771135223200,0.982,0.98,-0.002,9608155.54,366975.95
2026-09-29T02:49:46.764633+00:00,561239,Will Kamala Harris win the 2028 US Presidential Election?,Yes,70663352401606372246362604193214664065595751757222752105245221905399175050480,0.0405,0.0405,0.0,9088993.91,368626.4
2026-09-29T02:49:47.100370+00:00,561239,Will Kamala Harris win the 2028 US Presidential Election?,No,4988819538339626436114997160558538168652916536529198363646261454228218983102,0.9595,0.9595,0.0,9088993.91,368626.4
2026-09-29T02:49:48.409257+00:00,616902,Will no Fed rate cuts happen in 2026?,Yes,12403602920039269077597917340921667997547115084613238528792639013246536343316,0.9695,0.969191,-0.000309,8646619.77,598237.24
2026-09-29T02:49:48.773341+00:00,616902,Will no Fed rate cuts happen in 2026?,No,21294592205022969346730955103773391901993330222644504059576935265667917187903,0.0305,0.030809,0.000309,8646619.77,598237.24
2026-09-29T02:49:51.129382+00:00,561252,Will Dwayne 'The Rock' Johnson win the 2028 US Presidential Election?,Yes,76252402837334795047528042167618984089231134882494719641438604550246396692717,0.0165,0.02,0.0035,8422190.45,149052.58
2026-09-29T02:49:51.526574+00:00,561252,Will Dwayne 'The Rock' Johnson win the 2028 US Presidential Election?,No,82779978600617806806814031291287454099780828258739355925042203335968508676880,0.9835,0.98,-0.0035,8422190.45,149052.58
2026-09-29T02:49:51.911176+00:00,561232,Will Pete Buttigieg win the 2028 US Presidential Election?,Yes,35629456194498013232473191985311930903993567273832459837879398120893197410860,0.0275,0.0275,0.0,8349434.67,475647.81
2026-09-29T02:49:52.331213+00:00,561232,Will Pete Buttigieg win the 2028 US Presidential Election?,No,26087406687932108531005204502244492184534000122992461059156880611150953145122,0.9725,0.9725,0.0,8349434.67,475647.81
2026-09-29T02:49:53.003848+00:00,701502,"Will Bitcoin dip to $45,000 by December 31, 2026?",Yes,9894510651052373088408067031031513212801618531203062911959630395716258202132,0.0445,0.044417,-8.3e-05,8069635.66,352060.55
2026-09-29T02:49:53.329189+00:00,701502,"Will Bitcoin dip to $45,000 by December 31, 2026?",No,20326394798700413571801660749437036272627203479853632032510011746755865615562,0.9555,0.955583,8.3e-05,8069635.66,352060.55
2026-09-29T02:49:54.003968+00:00,694936,Will Nebius Group be acquired before 2027?,Yes,111459230416043857818772115954120316062080149477780988827460623382161213865425,0.0235,0.023582,8.2e-05,7960326.16,11965.08
2026-09-29T02:49:54.356592+00:00,694936,Will Nebius Group be acquired before 2027?,No,36013073749520466956881727893519980198380939375916480505403995761194037240269,0.9765,0.976418,-8.2e-05,7960326.16,11965.08
2026-09-29T02:49:55.716601+00:00,561233,Will Josh Shapiro win the 2028 US Presidential Election?,Yes,1420113190297259908358916251277696183671602680024474979931472444792502392139,0.0295,0.0295,0.0,7575562.15,336463.58
2026-09-29T02:49:56.046959+00:00,561233,Will Josh Shapiro win the 2028 US Presidential Election?,No,9195312844128905514645503106857912558078141569888031031723687687489317147622,0.9705,0.9705,0.0,7575562.15,336463.58
2026-09-29T02:49:57.225681+00:00,562802,Will the Democratic Party control the House after the 2026 Midterm elections?,Yes,83247781037352156539108067944461291821683755894607244160607042790356561625563,0.925,0.925,0.0,7156419.12,790379.34
2026-09-29T02:49:57.566846+00:00,562802,Will the Democratic Party control the House after the 2026 Midterm elections?,No,33156410999665902694791064431724433042010245771106314074312009703157423879038,0.075,0.075,0.0,7156419.12,790379.34
2026-09-29T02:49:59.482678+00:00,1469737,Will Mojtaba Khamenei be head of state in Iran end of 2026?,Yes,111988618077786263362718284278451225707405623288593888751575373086664059387290,0.8805,0.88027,-0.00023,6608895.87,68835.38
2026-09-29T02:49:59.880569+00:00,1469737,Will Mojtaba Khamenei be head of state in Iran end of 2026?,No,42006549920912635238720143234628794318400295281074422564226738635663399130499,0.1195,0.11973,0.00023,6608895.87,68835.38
2026-09-29T02:50:00.276027+00:00,716942,Will there be at least 10000 measles cases in the U.S. in 2026?,Yes,108666902993460052548356894576792031068019553485832706137527731404107083354939,0.0655,0.065326,-0.000174,6527379.77,8651.29
2026-09-29T02:50:00.672570+00:00,716942,Will there be at least 10000 measles cases in the U.S. in 2026?,No,61371441917995783761706990607573951646880237796683453244719301289670873215471,0.9345,0.934674,0.000174,6527379.77,8651.29
2026-09-29T02:50:01.321135+00:00,701501,"Will Bitcoin dip to $55,000 by December 31, 2026?",Yes,115462087336983275104521488923966022755348986822352694745153736621832003960847,0.095,0.093936,-0.001064,6433686.42,193639.92
2026-09-29T02:50:01.658046+00:00,701501,"Will Bitcoin dip to $55,000 by December 31, 2026?",No,48849252416222520684793262794712201381742900852794310345084361317209768152557,0.905,0.906064,0.001064,6433686.42,193639.92
2026-09-29T02:50:04.023068+00:00,561261,Will Jon Ossoff win the 2028 US Presidential Election?,Yes,110102705199530588976777616718115948005824665233400132417374621750887344831757,0.1155,0.1155,0.0,5818503.22,351687.71
2026-09-29T02:50:04.411532+00:00,561261,Will Jon Ossoff win the 2028 US Presidential Election?,No,98394838816403247684221016468696784125095120854407803889228262583112436699261,0.8845,0.8845,0.0,5818503.22,351687.71
2026-09-29T02:50:07.738895+00:00,562803,Will the Republican Party control the House after the 2026 Midterm elections?,Yes,65139230827417363158752884968303867495725894165574887635816574090175320800482,0.085,0.084023,-0.000977,5401656.87,632353.62
2026-09-29T02:50:08.132768+00:00,562803,Will the Republican Party control the House after the 2026 Midterm elections?,No,17371217118862125782438074585166210555214661810823929795910191856905580975576,0.915,0.915977,0.000977,5401656.87,632353.62
2026-09-29T02:50:08.888040+00:00,1107582,US strike on Cuba by December 31?,Yes,91347242536105459969213788769929618447748782724898414007495579710952664644740,0.145,0.146026,0.001026,5274747.35,60583.68
2026-09-29T02:50:09.272666+00:00,1107582,US strike on Cuba by December 31?,No,55782999195478978645683058282751482473275270795090145277907596121415418369349,0.855,0.853974,-0.001026,5274747.35,60583.68
2026-09-29T02:50:10.564623+00:00,637002,Will Donald Trump win the Nobel Peace Prize in 2026?,Yes,96308556109755835434254900303426519652053230974356832970824534225192181988516,0.0175,0.02,0.0025,5253087.36,441807.9
2026-09-29T02:50:11.170060+00:00,637002,Will Donald Trump win the Nobel Peace Prize in 2026?,No,75648553599758807820760400986240186978327005811004242427218252697572451485336,0.9825,0.98,-0.0025,5253087.36,441807.9
2026-09-29T02:50:11.708617+00:00,3128887,"US announces end of Iranian blockade by September 30, 2026?",Yes,88752597571738831347942513760817776151125290177540731190810686943474863159303,0.0305,0.032006,0.001506,5179941.37,101977.06
2026-09-29T02:50:11.885206+00:00,3128887,"US announces end of Iranian blockade by September 30, 2026?",No,56465933220082022835700817063946174635909725507734416248556389304448520396318,0.9695,0.967994,-0.001506,5179941.37,101977.06
2026-09-29T02:50:12.577038+00:00,1144471,Will Satoshi move any Bitcoin in 2026?,Yes,112007327373263623178671509828927834172092799802464528122988153704237637965568,0.0335,0.0335,0.0,5145635.87,73234.45
2026-09-29T02:50:13.166647+00:00,1144471,Will Satoshi move any Bitcoin in 2026?,No,69471008782374192790909758203453762302247599306255707151301915677252063291760,0.9665,0.9665,0.0,5145635.87,73234.45
2026-09-29T02:50:15.390275+00:00,1535973,Iran leadership change by December 31?,Yes,18652479948917565296149340091675894865339012333173025944893512396354173886674,0.105,0.105,0.0,4825389.91,278097.13
2026-09-29T02:50:15.735839+00:00,1535973,Iran leadership change by December 31?,No,60499458684380641857666641513383149627633695110197406276308452075860198022694,0.895,0.895,0.0,4825389.91,278097.13
2026-09-29T02:50:16.640219+00:00,682705,Will Benjamin Netanyahu be the next Prime Minister of Israel?,Yes,20006732765674855733524007935991362439352594042415161039767275461950712817548,0.295,0.295,0.0,4629862.99,414089.39
2026-09-29T02:50:16.986388+00:00,682705,Will Benjamin Netanyahu be the next Prime Minister of Israel?,No,54533569528927082430133047556849600511985191158927477533124630301934489498530,0.705,0.705,0.0,4629862.99,414089.39
2026-09-29T02:50:17.371127+00:00,608547,Will Harry Kane win the 2026 Ballon d'Or?,Yes,72710166409980712002774407052535905861151156175854323762835102340552522606004,0.448,0.434885,-0.013115,4601774.97,85770.18
2026-09-29T02:50:17.751403+00:00,608547,Will Harry Kane win the 2026 Ballon d'Or?,No,77740376296468109233042620775325425521895874827413068707200627224591548200577,0.552,0.555217,0.003217,4601774.97,85770.18
2026-09-29T02:50:18.153748+00:00,898412,Will Kimi Antonelli be the 2026 F1 Drivers' Champion?,Yes,32950178421556833525068948927823594772134813180063196823389171317494746105102,0.9095,0.9095,0.0,4493383.77,106887.26
2026-09-29T02:50:18.521532+00:00,898412,Will Kimi Antonelli be the 2026 F1 Drivers' Champion?,No,113530594522634794165460425612745976368792987948987062860518413913599754643814,0.0905,0.0905,0.0,4493383.77,106887.26
2026-09-29T02:50:20.144819+00:00,562831,"2026 Balance of Power: R Senate, R House",Yes,103704141773947678931823410030956181918562062788486034785782641603149828893320,0.075,0.075,0.0,4249560.86,913126.98
2026-09-29T02:50:20.513551+00:00,562831,"2026 Balance of Power: R Senate, R House",No,25869296386911654049715489068824757745174681288397238521780118949553760488529,0.925,0.925,0.0,4249560.86,913126.98
2026-09-29T02:50:22.378706+00:00,2589812,Will there be no change in Fed interest rates after the October 2026 meeting?,Yes,111061902544814266207267295505639408607400625795891618462682726460921782993748,0.305,0.304173,-0.000827,4134375.45,492140.18
2026-09-29T02:50:22.743946+00:00,2589812,Will there be no change in Fed interest rates after the October 2026 meeting?,No,42038775866198212615491650114881818219665139981763207699110491615333273795415,0.695,0.695827,0.000827,4134375.45,492140.18
2026-09-29T02:50:23.941653+00:00,1339767,"Will Bitcoin dip to $50,000 by December 31, 2026?",Yes,13887983551129862992605123088744175927084435631400400451585519366058907542147,0.08,0.078726,-0.001274,4031600.46,201887.79
2026-09-29T02:50:24.266327+00:00,1339767,"Will Bitcoin dip to $50,000 by December 31, 2026?",No,41832664285845832459030640969891483663884721696292020563915305291791682631668,0.92,0.921274,0.001274,4031600.46,201887.79
2026-09-29T02:50:25.408825+00:00,2589813,Will the Fed increase interest rates by 25 bps after the October 2026 meeting?,Yes,55159722761418013044126414276680602270318000841690689684819994448621694923050,0.685,0.685997,0.000997,3979107.02,575947.55
2026-09-29T02:50:25.783869+00:00,2589813,Will the Fed increase interest rates by 25 bps after the October 2026 meeting?,No,78632395083310670734315205502061249602319069653915932320155846460019107676757,0.315,0.314003,-0.000997,3979107.02,575947.55
2026-09-29T02:50:25.962802+00:00,562828,"2026 Balance of Power: D Senate, D House",Yes,34722410608062854697106861099776685947172185964394483545370684749662285977831,0.615,0.614008,-0.000992,3731650.77,527286.97
2026-09-29T02:50:26.323010+00:00,562828,"2026 Balance of Power: D Senate, D House",No,24483563228660028121020430722896740519524131851526579619586176931221901842798,0.385,0.385992,0.000992,3731650.77,527286.97
2026-09-29T02:50:27.174185+00:00,701496,"Will Bitcoin reach $100,000 by December 31, 2026?",Yes,56078938060096976448086754249497300447360333783952000147427828224794011030104,0.345,0.345992,0.000992,3544452.52,68984.24
2026-09-29T02:50:27.531833+00:00,701496,"Will Bitcoin reach $100,000 by December 31, 2026?",No,11291662904897713174667903388388696640643610556195928998276904135282270136756,0.655,0.654008,-0.000992,3544452.52,68984.24
2026-09-29T02:50:28.228446+00:00,677407,China x Taiwan military clash before 2027?,Yes,104812032440315568595318241870590180481232715981192720184511444933968102038477,0.058,0.058,0.0,3436560.25,76758.72
2026-09-29T02:50:28.593918+00:00,677407,China x Taiwan military clash before 2027?,No,50488227317031565004575684525878022626020008256198844799050708993499540064859,0.942,0.942,0.0,3436560.25,76758.72
2026-09-29T02:50:28.967134+00:00,1107878,Will the U.S. invade Cuba in 2026?,Yes,1291454874125024564913411658636854434792972068510027777552181749936579562639,0.055,0.055,0.0,3403442.84,146881.27
2026-09-29T02:50:29.334116+00:00,1107878,Will the U.S. invade Cuba in 2026?,No,46036307473347147486878725188057240439237346445231099615680388314304154599904,0.945,0.945,0.0,3403442.84,146881.27
2026-09-29T02:50:29.686025+00:00,701503,"Will Bitcoin dip to $35,000 by December 31, 2026?",Yes,19830138103155427354579425893303398904208550475895360582465715721785944321950,0.026,0.025865,-0.000135,3397815.05,136357.86
2026-09-29T02:50:30.093809+00:00,701503,"Will Bitcoin dip to $35,000 by December 31, 2026?",No,106725919441008051918080506395399719013818419425017982342714970506626839446049,0.974,0.974135,0.000135,3397815.05,136357.86
2026-09-29T02:50:30.460623+00:00,616903,Will 1 Fed rate cut happen in 2026?,Yes,113379839734351069617987084078322474966003108854908079701423911002443710490196,0.0175,0.02,0.0025,3395289.58,141671.77
2026-09-29T02:50:30.831373+00:00,616903,Will 1 Fed rate cut happen in 2026?,No,48058805012599375970268777474956242772204241523361869981040579395242001094965,0.9825,0.98,-0.0025,3395289.58,141671.77
2026-09-29T02:50:31.472799+00:00,567689,Zelenskyy out as Ukraine president by end of 2026?,Yes,108187737663325442737199857734058032845728149267925579081973309839049299838520,0.065,0.065,0.0,3328259.56,85009.37
2026-09-29T02:50:31.842170+00:00,567689,Zelenskyy out as Ukraine president by end of 2026?,No,12238337804021350373072513606997115174826680613156170611182546081135779794915,0.935,0.935,0.0,3328259.56,85009.37
2026-09-29T02:50:32.192827+00:00,682706,Will Naftali Bennett be the next Prime Minister of Israel?,Yes,58945936829392654397399777214757608864525173988558750256164021442231118224154,0.125,0.125,0.0,3323120.17,100714.37
2026-09-29T02:50:32.579068+00:00,682706,Will Naftali Bennett be the next Prime Minister of Israel?,No,39409206330527880169507414405291721950884951005340760541937649898052386499519,0.875,0.875,0.0,3323120.17,100714.37
2026-09-29T02:50:33.184932+00:00,1105744,Will Nicolás Maduro be the leader of Venezuela end of 2026?,Yes,37090128566507509913630589460372620352013766554886380785463533062224343545231,0.641,0.640571,-0.000429,3311289.37,98365.05
2026-09-29T02:50:33.586437+00:00,1105744,Will Nicolás Maduro be the leader of Venezuela end of 2026?,No,21527446005162722668702146847806837944786417986794925592709069062391666573103,0.359,0.358971,-2.9e-05,3311289.37,98365.05
2026-09-29T02:50:33.892553+00:00,608565,Will Lionel Messi win the 2026 Ballon d'Or?,Yes,14940935985254400645996902276818598247231942791302218826999289776538227075176,0.0485,0.051529,0.003029,3302281.79,149176.89
2026-09-29T02:50:34.258515+00:00,608565,Will Lionel Messi win the 2026 Ballon d'Or?,No,107516035603650985174253368241692944789056496652916551006453839235487841190002,0.9515,0.951195,-0.000305,3302281.79,149176.89
2026-09-29T02:50:34.948346+00:00,1633611,"Will China invade Taiwan by December 31, 2027?",Yes,99308764485765552888542373236405354280486342174935314281037215048612491168324,0.125,0.125,0.0,3282580.17,208425.4
2026-09-29T02:50:35.329167+00:00,1633611,"Will China invade Taiwan by December 31, 2027?",No,32952048155093419718055060819712841482842350791391116195205201413217889733414,0.875,0.875,0.0,3282580.17,208425.4
2026-09-29T02:50:35.724909+00:00,2696747,"US-Iran Final Nuclear Deal by December 31, 2026?",Yes,31155599200443620024532103683912072563894181253510224263086924270624693692711,0.135,0.13718,0.00218,3259139.08,192427.36
2026-09-29T02:50:36.132145+00:00,2696747,"US-Iran Final Nuclear Deal by December 31, 2026?",No,33676235249742435565729532483122262800369378774892710387888607855248244773045,0.865,0.86282,-0.00218,3259139.08,192427.36
2026-09-29T02:50:36.677537+00:00,562793,Will the Democratic Party control the Senate after the 2026 Midterm elections?,Yes,113287701564209339913693347405685749986285999146352375265161592243948562084773,0.625,0.625,0.0,3175901.11,653012.77
2026-09-29T02:50:37.054554+00:00,562793,Will the Democratic Party control the Senate after the 2026 Midterm elections?,No,107118433685650702332040991454078902188473746599223732907923581436160160612542,0.375,0.375,0.0,3175901.11,653012.77
2026-09-29T02:50:37.812884+00:00,628940,Will Steve Hilton win the California Governor Election in 2026?,Yes,82742036522262670996662794097029680950132682539859985097974842241612036171395,0.0475,0.047186,-0.000314,3137975.71,146906.61
2026-09-29T02:50:38.171816+00:00,628940,Will Steve Hilton win the California Governor Election in 2026?,No,63644763464034691367428527733393916036342796100129702980469514153898496549749,0.9525,0.952814,0.000314,3137975.71,146906.61
2026-09-29T02:50:38.839820+00:00,701552,"Will Ethereum dip to $1,500 by December 31, 2026?",Yes,101639751789549589765350117072740510018809594718571111931328241076831078702528,0.0685,0.068411,-8.9e-05,3045369.54,125493.41
2026-09-29T02:50:39.243423+00:00,701552,"Will Ethereum dip to $1,500 by December 31, 2026?",No,38508858428676968447825900892305750232615791339175195608011299023691549494960,0.9315,0.931589,8.9e-05,3045369.54,125493.41
2026-09-29T02:50:39.592400+00:00,2154920,Will GameStop acquire eBay?,Yes,22738604660557321780761578420118016749027563268201595763789441772230090847247,0.065,0.065,0.0,3014147.42,61499.7
2026-09-29T02:50:39.964940+00:00,2154920,Will GameStop acquire eBay?,No,55646219597856189899881677374172135376492662817148728033424581863530537477107,0.935,0.935,0.0,3014147.42,61499.7
2026-09-29T02:50:40.329151+00:00,3399458,Israel x Iran ceasefire continues through September 30?,Yes,110124369154659006328320349797831539154282530245624469518430389053088403535939,0.982,0.98,-0.002,3007445.65,182595.12
2026-09-29T02:50:40.704855+00:00,3399458,Israel x Iran ceasefire continues through September 30?,No,27584284826455438094347446510379196256289720442108190871721085592324191711749,0.018,0.02,0.002,3007445.65,182595.12
2026-09-29T02:50:42.282221+00:00,608545,Will Lamine Yamal win the 2026 Ballon d'Or?,Yes,10466835326554416965099784068156829774726248334728156046559014834812912458273,0.438,0.45068,0.01268,2922167.02,84032.7
2026-09-29T02:50:42.678422+00:00,608545,Will Lamine Yamal win the 2026 Ballon d'Or?,No,115364229170068359509280114761107502298430910856477421813089992309112580316620,0.562,0.558666,-0.003334,2922167.02,84032.7
2026-09-29T02:50:43.045704+00:00,2374271,"Will Ukraine recapture Crimean territory by December 31, 2026?",Yes,67011482977279466154940850972585572311207926803952896052113224614375102184687,0.0245,0.025972,0.001472,2906410.2,112398.9
2026-09-29T02:50:43.392884+00:00,2374271,"Will Ukraine recapture Crimean territory by December 31, 2026?",No,72433435487515814631344400459815549868044734165082020724691045649454520502781,0.9755,0.974028,-0.001472,2906410.2,112398.9
2026-09-29T02:50:44.168816+00:00,898411,Will George Russell be the 2026 F1 Drivers' Champion?,Yes,93099562462257249309605734586566434036442082827152130023015985868027704959821,0.0475,0.04756,6e-05,2883978.89,129272.18
2026-09-29T02:50:44.530243+00:00,898411,Will George Russell be the 2026 F1 Drivers' Champion?,No,66179493383876804270523225216910123185590092065107948827970707627138225160961,0.9525,0.95256,6e-05,2883978.89,129272.18
2026-09-29T02:50:44.864355+00:00,2771335,Will Manchester City win the 2026-27 English Premier League (EPL) Championship?,Yes,19864216715488298679276291756659013279877343825699353033505020208765688353462,0.225,0.22386,-0.00114,2878735.46,311666.82
2026-09-29T02:50:45.262682+00:00,2771335,Will Manchester City win the 2026-27 English Premier League (EPL) Championship?,No,15595081936246780886940656289399636714509677762753928040257148545998496082698,0.775,0.77614,0.00114,2878735.46,311666.82
2026-09-29T02:50:45.947905+00:00,573656,"Will Bitcoin hit $150k by December 31, 2026?",Yes,93694900555669388759405753550770573998169287228984912881955464376232163096213,0.0275,0.027451,-4.9e-05,2858021.25,71582.84
2026-09-29T02:50:46.301205+00:00,573656,"Will Bitcoin hit $150k by December 31, 2026?",No,55119388124180116303253993098894090042427725500010038140578121972388485050538,0.9725,0.972549,4.9e-05,2858021.25,71582.84
2026-09-29T02:50:46.669336+00:00,682710,Will Avigdor Lieberman be the next Prime Minister of Israel?,Yes,105057524965982907913786325697426001538810836564004836999292309706852745390829,0.0265,0.026423,-7.7e-05,2825344.58,124809.54
2026-09-29T02:50:47.101801+00:00,682710,Will Avigdor Lieberman be the next Prime Minister of Israel?,No,13887896800265966487014179943559375403384011039339488276489274832989862323735,0.9735,0.973577,7.7e-05,2825344.58,124809.54
2026-09-29T02:50:47.772867+00:00,665224,Ukraine signs peace deal with Russia before 2027?,Yes,93579588306754356558129639371052358607099327699211232141859164590129536814208,0.08,0.08,0.0,2822634.12,76343.27
2026-09-29T02:50:48.139814+00:00,665224,Ukraine signs peace deal with Russia before 2027?,No,50854871681873904159181209043129993931106057788784391855429428220428495613305,0.92,0.92,0.0,2822634.12,76343.27
2026-09-29T02:50:49.159982+00:00,1057349,"Jeffrey Epstein foul play confirmed by December 31, 2026?",Yes,69162030465037941268862284627658886205173465981805919620559686624259677735192,0.0275,0.0275,0.0,2785217.03,29937.02
2026-09-29T02:50:49.543895+00:00,1057349,"Jeffrey Epstein foul play confirmed by December 31, 2026?",No,76372194545838535783490148896316297976627938120220239171956676589522420141188,0.9725,0.9725,0.0,2785217.03,29937.02
2026-09-29T02:50:50.097804+00:00,679018,Will Marine Le Pen win the 2027 French presidential election?,Yes,55764212211467781322980371912612507865974994976253196346176314491480419639168,0.3945,0.394171,-0.000329,2755089.83,440634.31
2026-09-29T02:50:50.525459+00:00,679018,Will Marine Le Pen win the 2027 French presidential election?,No,5649717099758674861276159343380402289083378331461490840325685141994171250523,0.6055,0.605829,0.000329,2755089.83,440634.31
2026-09-29T02:50:51.165069+00:00,608540,Will Kylian Mbappé win the 2026 Ballon d'Or?,Yes,95640549996905293510297955529586737178285694064878854803914367446504739764113,0.0325,0.033676,0.001176,2737164.05,119584.4
2026-09-29T02:50:51.565777+00:00,608540,Will Kylian Mbappé win the 2026 Ballon d'Or?,No,43681720319477188597878188429504394796986333625436226983885469009299707562545,0.9675,0.965871,-0.001629,2737164.05,119584.4
2026-09-29T02:50:51.968397+00:00,1235553,Will the Chicago White Sox win the 2026 World Series?,Yes,47345805017667669897137395690450353435714129302571040588246790838753631749361,0.0245,0.024613,0.000113,2730034.42,111473.77
2026-09-29T02:50:52.336639+00:00,1235553,Will the Chicago White Sox win the 2026 World Series?,No,84946825393330172889133721169064576656145875807729321440670475462232714064308,0.9755,0.975387,-0.000113,2730034.42,111473.77
2026-09-29T02:50:52.965956+00:00,2243897,"Russia x Ukraine ceasefire agreement by December 31, 2026?",Yes,99878393523957043401217108863095556720659532630565063651671026144852955005052,0.195,0.195414,0.000414,2695001.76,85663.2
2026-09-29T02:50:53.312725+00:00,2243897,"Russia x Ukraine ceasefire agreement by December 31, 2026?",No,69565284411089708271128692790745152090129066525382935764397092493923596997488,0.805,0.804586,-0.000414,2695001.76,85663.2
2026-09-29T02:50:53.834571+00:00,3128888,"US announces end of Iranian blockade by October 31, 2026?",Yes,87712920673252297509200151045391015262449055764880659907762503287643101055970,0.265,0.270435,0.005435,2586772.54,111951.76
2026-09-29T02:50:54.011940+00:00,3128888,"US announces end of Iranian blockade by October 31, 2026?",No,77737603049704371401985143030203551130624520784925815473217168646825527075459,0.735,0.729565,-0.005435,2586772.54,111951.76
2026-09-29T02:50:54.390048+00:00,1059772,Jeffrey Epstein confirmed to be alive before 2027?,Yes,57692461228141098196519006129212454078633070644580607609751365664388305515775,0.0215,0.0215,0.0,2580940.09,123362.85
2026-09-29T02:50:54.746619+00:00,1059772,Jeffrey Epstein confirmed to be alive before 2027?,No,69156743176103134736115123277705077910853098854566827417866113262179013876259,0.9785,0.9785,0.0,2580940.09,123362.85
2026-09-29T02:50:54.944016+00:00,567688,Netanyahu out by end of 2026?,Yes,114694726451307654528948558967898493662917070661203465131156925998487819889437,0.395,0.395289,0.000289,2579492.51,73131.86
2026-09-29T02:50:55.362393+00:00,567688,Netanyahu out by end of 2026?,No,66255671088804707681511323064315150986307471908131081808279119719218775249892,0.605,0.604711,-0.000289,2579492.51,73131.86
2026-09-29T02:50:55.720685+00:00,679022,Will David Lisnard win the 2027 French presidential election?,Yes,55404192439775628931124671719520886657525387168536821457706619003199189099864,0.0785,0.078916,0.000416,2576488.58,325501.13
2026-09-29T02:50:56.091588+00:00,679022,Will David Lisnard win the 2027 French presidential election?,No,79358475953126059185096320578578995575874288599466094920037110232928386404141,0.9215,0.921084,-0.000416,2576488.58,325501.13
2026-09-29T02:50:56.854575+00:00,3128886,"US announces end of Iranian blockade by December 31, 2026?",Yes,86011229287950365043519117852041614651767455889324682112682327985496937935368,0.5525,0.556566,0.004066,2572476.44,182054.62
2026-09-29T02:50:57.222634+00:00,3128886,"US announces end of Iranian blockade by December 31, 2026?",No,39147524522707536456910747992621671433032838141439193264830818731544404472030,0.4475,0.443434,-0.004066,2572476.44,182054.62
2026-09-29T02:50:57.554407+00:00,679020,Will Éric Zemmour win the 2027 French presidential election?,Yes,51126599157451146230415396920771455069752975116525743821340393650626382714261,0.0105,0.02,0.0095,2554927.46,231668.54
2026-09-29T02:50:57.885121+00:00,679020,Will Éric Zemmour win the 2027 French presidential election?,No,90997833546019007990916014938756861651789144262105272333307948825561373623753,0.9895,0.98,-0.0095,2554927.46,231668.54
2026-09-29T02:50:58.222968+00:00,1394086,Will Reza Pahlavi enter Iran by December 31?,Yes,42920366254635522231062953285326731613318286540727986277660335157561634812014,0.0425,0.0425,0.0,2527119.27,115641.91
2026-09-29T02:50:58.587582+00:00,1394086,Will Reza Pahlavi enter Iran by December 31?,No,97107770187587683506815626974888163324622836988014033022064807674186740440043,0.9575,0.9575,0.0,2527119.27,115641.91
2026-09-29T02:50:59.281065+00:00,1339768,"Will Bitcoin dip to $40,000 by December 31, 2026?",Yes,4255890554350661695724949176183233033027635903850796430457642328613772591960,0.038,0.037883,-0.000117,2495744.43,101625.5
2026-09-29T02:50:59.681127+00:00,1339768,"Will Bitcoin dip to $40,000 by December 31, 2026?",No,69924622127743346860742491804606293768199148137604178160078893238641086573607,0.962,0.962117,0.000117,2495744.43,101625.5
2026-09-29T02:51:00.057984+00:00,679026,Will Gabriel Attal win the 2027 French presidential election?,Yes,39040993339692011893931540077322383339631602451525460031216774971808386681386,0.0205,0.020532,3.2e-05,2483322.3,229592.95
2026-09-29T02:51:00.424855+00:00,679026,Will Gabriel Attal win the 2027 French presidential election?,No,47856683996156403009428090210889176913147998278019471610295491486371570337691,0.9795,0.979468,-3.2e-05,2483322.3,229592.95
2026-09-29T02:51:00.614043+00:00,562830,"2026 Balance of Power: R Senate, D House",Yes,6302359956133594764084277082169634158291609371270652093164054687145970756151,0.305,0.305,0.0,2460048.54,465662.01
2026-09-29T02:51:01.005072+00:00,562830,"2026 Balance of Power: R Senate, D House",No,558600218792430158020964384658762756367786275998757133304987611939841005404,0.695,0.695,0.0,2460048.54,465662.01
2026-09-29T02:51:01.207054+00:00,682708,Will Gadi Eizenkot be the next Prime Minister of Israel?,Yes,52487256270918227930942830546248720603566203568229607048093730748840489555808,0.4875,0.489936,0.002436,2459666.38,127136.6
2026-09-29T02:51:01.579947+00:00,682708,Will Gadi Eizenkot be the next Prime Minister of Israel?,No,1507744758511144558263623459899956467548763419522526462308518027912401299177,0.5125,0.510064,-0.002436,2459666.38,127136.6
2026-09-29T02:51:02.433562+00:00,1168142,Will the upper bound of the target federal funds rate be ≥ 4.5% at the end of 2026?,Yes,44956651579513700220045051729687627381715616102744183825397331989105273067709,0.503,0.499703,-0.003297,2418016.04,2010.44
2026-09-29T02:51:02.779230+00:00,1168142,Will the upper bound of the target federal funds rate be ≥ 4.5% at the end of 2026?,No,51964039038586437622048402090827247539716151648632162816759306830645640049347,0.497,0.502111,0.005111,2418016.04,2010.44
2026-09-29T02:51:03.682639+00:00,691340,AI bubble burst in 2026?,Yes,95143949049440805515065120245245136072200903084986833252741074455111459269340,0.0865,0.08684,0.00034,2409285.16,61459.14
2026-09-29T02:51:04.029964+00:00,691340,AI bubble burst in 2026?,No,17769188746995805889009627485623784462879024540194570282917960402976991944943,0.9135,0.91316,-0.00034,2409285.16,61459.14
2026-09-29T02:51:04.435882+00:00,679027,Will Bruno Retailleau win the 2027 French presidential election?,Yes,76158784025338420583901765224531190025719662766883390440253608804161057467141,0.0155,0.02,0.0045,2406664.93,268927.32
2026-09-29T02:51:04.805894+00:00,679027,Will Bruno Retailleau win the 2027 French presidential election?,No,49760558873212272440771467224266437717913114999491735666209561409981747777766,0.9845,0.98,-0.0045,2406664.93,268927.32
2026-09-29T02:51:05.121340+00:00,700396,Will Perplexity AI be acquired before 2027?,Yes,42574248959284530646091368047066126180445434974022460106859680414580532069710,0.055,0.055,0.0,2400403.16,6020.09
2026-09-29T02:51:05.493057+00:00,700396,Will Perplexity AI be acquired before 2027?,No,84834595145551060233480988152606214225219613758644201086445418024052582755907,0.945,0.945,0.0,2400403.16,6020.09
2026-09-29T02:51:05.692913+00:00,2589814,Will the Fed increase interest rates by 50+ bps after the October 2026 meeting?,Yes,18246296022868501258060085368606280205967114341141276439803424448463050819498,0.0105,0.02,0.0095,2399724.31,344058.65
2026-09-29T02:51:06.065906+00:00,2589814,Will the Fed increase interest rates by 50+ bps after the October 2026 meeting?,No,41864497411878191766967581422432961750808440991174085516384293402629587721839,0.9895,0.98,-0.0095,2399724.31,344058.65
2026-09-29T02:51:07.009817+00:00,2006983,US obtains Iranian enriched uranium by December 31?,Yes,114657271285511367879703365484572688248973675722511239339535646764098946050607,0.055,0.055636,0.000636,2386554.9,86362.36
2026-09-29T02:51:07.367259+00:00,2006983,US obtains Iranian enriched uranium by December 31?,No,12933385462445051219548039807631278921517469211617755773732773415883384410827,0.945,0.944364,-0.000636,2386554.9,86362.36
2026-09-29T02:51:08.014101+00:00,1357383,Will the Houston Texans win the 2027 NFL league championship?,Yes,82860415910448737270902374411987827711923709249517011320325989967640805801007,0.0165,0.02,0.0035,2380209.31,164531.58
2026-09-29T02:51:08.373721+00:00,1357383,Will the Houston Texans win the 2027 NFL league championship?,No,67831205063520102040460265401750146108615833326749301874467401246702944014817,0.9835,0.98,-0.0035,2380209.31,164531.58
2026-09-29T02:51:08.734799+00:00,1349162,Will Orlando City SC win the 2026 MLS Cup?,Yes,74397828296323343196166047694283985077132677648825859176663063495649543850250,0.0235,0.022975,-0.000525,2370649.05,20085.25
2026-09-29T02:51:09.101849+00:00,1349162,Will Orlando City SC win the 2026 MLS Cup?,No,9912084048481132346516321836920145297848866553407641809171851331568477411925,0.9765,0.977025,0.000525,2370649.05,20085.25
2026-09-29T02:51:09.297693+00:00,1193094,Will Magdalena Andersson be the next Prime Minister of Sweden?,Yes,6761884778816083542753350539779617201084594664234729655783875952381923983097,0.755,0.756151,0.001151,2366849.47,91928.7
2026-09-29T02:51:09.703150+00:00,1193094,Will Magdalena Andersson be the next Prime Minister of Sweden?,No,49952287244614575734723913757649087902024339238007187585607375183859292977482,0.245,0.243849,-0.001151,2366849.47,91928.7
2026-09-29T02:51:10.385538+00:00,1235551,Will the Boston Red Sox win the 2026 World Series?,Yes,49490029022429715624870536101813422563892045373640045791646802985069593764860,0.0535,0.052261,-0.001239,2331902.03,85233.57
2026-09-29T02:51:10.745537+00:00,1235551,Will the Boston Red Sox win the 2026 World Series?,No,44283577755018755878348555095757993844164729564841351197994304603070961626637,0.9465,0.947731,0.001231,2331902.03,85233.57
2026-09-29T02:51:12.125690+00:00,679019,Will Jordan Bardella win the 2027 French presidential election?,Yes,1114938555853162662375805609341386795965961002028313810409954359771505507177,0.0135,0.02,0.0065,2285189.4,167361.29
2026-09-29T02:51:12.536177+00:00,679019,Will Jordan Bardella win the 2027 French presidential election?,No,39814929193752558825038669670647206213767631805507014416889259758143556745530,0.9865,0.98,-0.0065,2285189.4,167361.29
2026-09-29T02:51:12.741377+00:00,618454,Opensea FDV above $500M one day after launch?,Yes,42645635688384173938505005153732536262139883933750646945028210271328873690888,0.167,0.167048,4.8e-05,2283963.89,20430.4
2026-09-29T02:51:13.349749+00:00,618454,Opensea FDV above $500M one day after launch?,No,91676177432668319691663213694187810112009835951397620031461215327421238319426,0.833,0.832952,-4.8e-05,2283963.89,20430.4
2026-09-29T02:51:13.692935+00:00,1731346,"Iran agrees to surrender enriched uranium stockpile by December 31, 2026?",Yes,70530382817944476125648239982318905983026944956853105853882601665630375614463,0.07,0.07052,0.00052,2280419.6,66143.54
2026-09-29T02:51:14.073056+00:00,1731346,"Iran agrees to surrender enriched uranium stockpile by December 31, 2026?",No,18702020867581976905619984893323736143098724607754292117438927457109238679413,0.93,0.92948,-0.00052,2280419.6,66143.54
2026-09-29T02:51:14.419354+00:00,608566,Will Rodri win the 2026 Ballon d'Or?,Yes,78803948342995070838836736012795017072053448960983345349841661545681081452350,0.0255,0.025742,0.000242,2275530.66,169431.25
2026-09-29T02:51:14.749625+00:00,608566,Will Rodri win the 2026 Ballon d'Or?,No,9168297785662696773016718610761665603800700668560812756827962314315323235689,0.9745,0.974258,-0.000242,2275530.66,169431.25
2026-09-29T02:51:14.959785+00:00,1090496,"NATO x Russia military clash by December 31, 2026?",Yes,105031123790227090351610621121319179238510007553875150023320472711583933704999,0.285,0.28468,-0.00032,2271933.35,200997.07
2026-09-29T02:51:15.304536+00:00,1090496,"NATO x Russia military clash by December 31, 2026?",No,76326875711147697076353707331532227929486722415800396469798548611383212234361,0.715,0.71948,0.00448,2271933.35,200997.07
2026-09-29T02:51:16.000952+00:00,609655,US recession by end of 2026?,Yes,100379208559626151022751801118534484742123694725746262280150222742563282755057,0.085,0.085,0.0,2228088.55,112589.21
2026-09-29T02:51:16.388626+00:00,609655,US recession by end of 2026?,No,113732820231608904682346496304917888352004831436510840986547065248348999143469,0.915,0.915,0.0,2228088.55,112589.21
2026-09-29T02:51:16.642638+00:00,1105742,Will Delcy Rodríguez be the leader of Venezuela end of 2026?,Yes,38667196958602416137463628517439560119304765709104570192447644733106171420112,0.28,0.282067,0.002067,2221047.68,85335.43
2026-09-29T02:51:16.964433+00:00,1105742,Will Delcy Rodríguez be the leader of Venezuela end of 2026?,No,6638895201070039547671726076818069674458322142629985177641367819559425166288,0.72,0.717933,-0.002067,2221047.68,85335.43
2026-09-29T02:51:17.343959+00:00,701553,"Will Ethereum dip to $1,000 by December 31, 2026?",Yes,111461019317477869113562870983413193129710955692959493083133606404494525367686,0.045,0.045,0.0,2217157.92,83341.49
2026-09-29T02:51:17.737822+00:00,701553,"Will Ethereum dip to $1,000 by December 31, 2026?",No,20508072772404576884266330300293267272741800260494416818259836712249628797288,0.955,0.955,0.0,2217157.92,83341.49
2026-09-29T02:51:18.882762+00:00,629040,Will Nithya Raman win the 2026 Los Angeles mayoral election?,Yes,50292933818751585369672690878774599873941191925538325333138798248932182222864,0.5795,0.579718,0.000218,2186981.53,166677.78
2026-09-29T02:51:19.281629+00:00,629040,Will Nithya Raman win the 2026 Los Angeles mayoral election?,No,58507084608782512565480280053882807505189448738098588563704773804344223603355,0.4205,0.420282,-0.000218,2186981.53,166677.78
2026-09-29T02:51:19.825467+00:00,562794,Will the Republican Party control the Senate after the 2026 Midterm elections?,Yes,51939490109676186832507970701169130490548061087912630009168726706475001411420,0.385,0.384008,-0.000992,2182915.47,619824.5
2026-09-29T02:51:20.197990+00:00,562794,Will the Republican Party control the Senate after the 2026 Midterm elections?,No,108587038225191871355030577171066853142535232042155117887981453750193713427381,0.615,0.615992,0.000992,2182915.47,619824.5
2026-09-29T02:51:20.558797+00:00,665513,"Friedrich Merz out as Chancellor of Germany before December 31, 2026?",Yes,27554074579538085152312757613342843137057353684724415806149658005255326639761,0.105,0.106094,0.001094,2172918.87,70823.87
2026-09-29T02:51:20.941966+00:00,665513,"Friedrich Merz out as Chancellor of Germany before December 31, 2026?",No,100292172522149577922637436103132246456042318074117879550513151144706945321275,0.895,0.893906,-0.001094,2172918.87,70823.87
2026-09-29T02:51:22.433065+00:00,1345531,"Will Bitcoin reach $90,000 by December 31, 2026?",Yes,89384721767526056909881321094852287855436067743554155484781205764118128944311,0.675,0.677342,0.002342,2132707.36,70255.35
2026-09-29T02:51:22.844509+00:00,1345531,"Will Bitcoin reach $90,000 by December 31, 2026?",No,89935193776001764234914810530894985625350942201527563326613427606200761992090,0.325,0.322658,-0.002342,2132707.36,70255.35
2026-09-29T02:51:23.528373+00:00,618455,Opensea FDV above $1B one day after launch?,Yes,55736535775539231856682158017890031261644294952589300517957218393676136917293,0.13,0.13,0.0,2114155.26,27188.93
2026-09-29T02:51:23.882829+00:00,618455,Opensea FDV above $1B one day after launch?,No,71718402031669298364238907670733752499185585238670546354636156779359681992646,0.87,0.87,0.0,2114155.26,27188.93
2026-09-29T02:51:24.858356+00:00,1323083,Will Hezbollah disarm by December 31?,Yes,70891730332783983754038097068699855156768797388773323020505706651244066459609,0.055,0.055,0.0,2081675.9,24326.49
2026-09-29T02:51:25.200688+00:00,1323083,Will Hezbollah disarm by December 31?,No,90889737043160931419301279329265177627640070265027926085121655690919696428047,0.945,0.945,0.0,2081675.9,24326.49
2026-09-29T02:51:25.570899+00:00,628941,Will Xavier Becerra win the California Governor Election in 2026?,Yes,60977129292396881848833910361112107174416489010090570432106122538120602786646,0.9505,0.95133,0.00083,2078368.8,93062.29
2026-09-29T02:51:25.934324+00:00,628941,Will Xavier Becerra win the California Governor Election in 2026?,No,42544248033910169115455586624331983477679665735561815306855702312176773945155,0.0495,0.04867,-0.00083,2078368.8,93062.29
2026-09-29T02:51:26.293742+00:00,701486,"Will Bitcoin reach $200,000 by December 31, 2026?",Yes,61368943128255287414565270336856615453000675377332178800733742873558311943412,0.013,0.02,0.007,2074730.11,97753.99
2026-09-29T02:51:26.683678+00:00,701486,"Will Bitcoin reach $200,000 by December 31, 2026?",No,96993471854400156408670527613150944443359272190785251193551242374636006072800,0.987,0.98,-0.007,2074730.11,97753.99
2026-09-29T02:51:27.073780+00:00,562829,"2026 Balance of Power: D Senate, R House",Yes,70997927349469817841862065582625658840347600365813612622959588796331622340305,0.0145,0.02,0.0055,2071504.53,320780.29
2026-09-29T02:51:27.464691+00:00,562829,"2026 Balance of Power: D Senate, R House",No,45720947308530468765087874228584729250108790729495800420104302263408503667446,0.9855,0.98,-0.0055,2071504.53,320780.29
2026-09-29T02:51:27.656753+00:00,4641064,US x Iran ceasefire continues through September 30?,Yes,18108354744468601294025853601030425188395211927926870885542758981304523217919,0.9645,0.964832,0.000332,2069858.76,162463.05
2026-09-29T02:51:28.032508+00:00,4641064,US x Iran ceasefire continues through September 30?,No,28756001267446015644282192000586184633181417034487430148393633388063374846479,0.0355,0.035168,-0.000332,2069858.76,162463.05
2026-09-29T02:51:28.407134+00:00,637008,Will UNRWA win the Nobel Peace Prize in 2026?,Yes,44648805494496128018486302258584216672381875589441286537181971476979030040822,0.048,0.047263,-0.000737,2060160.06,41767.71
2026-09-29T02:51:28.816792+00:00,637008,Will UNRWA win the Nobel Peace Prize in 2026?,No,100774842773502634308392264835606396497542279688738306742145099064280129552022,0.952,0.952737,0.000737,2060160.06,41767.71
2026-09-29T02:51:29.164067+00:00,679028,Will François Hollande win the 2027 French presidential election?,Yes,35420390481420086914303850503269939905315993511859334440549793606783994509563,0.0515,0.051932,0.000432,2058562.18,136886.68
2026-09-29T02:51:29.545880+00:00,679028,Will François Hollande win the 2027 French presidential election?,No,45261427927597753948969942484970824173439588002616542194846930375736155382059,0.9485,0.948068,-0.000432,2058562.18,136886.68
2026-09-29T02:51:30.540777+00:00,701494,"Will Bitcoin reach $120,000 by December 31, 2026?",Yes,65965214225073605704712365855887384729237451947822407248598722221769498441791,0.105,0.104108,-0.000892,2046865.77,74844.47
2026-09-29T02:51:30.900413+00:00,701494,"Will Bitcoin reach $120,000 by December 31, 2026?",No,23087349975908951689849809689657583268158750956541808535385269508170739441669,0.895,0.895892,0.000892,2046865.77,74844.47
2026-09-29T02:51:31.286597+00:00,1349145,Will Charlotte FC win the 2026 MLS Cup?,Yes,64915347545172379244677979694997883696947214572976500616776600777820871917355,0.0295,0.029532,3.2e-05,2039748.82,29262.26
2026-09-29T02:51:31.681865+00:00,1349145,Will Charlotte FC win the 2026 MLS Cup?,No,114333634635479313137964828635669787874292139556461773178065958136035174121652,0.9705,0.970468,-3.2e-05,2039748.82,29262.26
2026-09-29T02:51:32.423111+00:00,1357387,Will the Las Vegas Raiders win the 2027 NFL league championship?,Yes,59226162751411958698158426899722532714096625688096542121038780675009172335910,0.0135,0.02,0.0065,1984458.06,196937.34
2026-09-29T02:51:32.820997+00:00,1357387,Will the Las Vegas Raiders win the 2027 NFL league championship?,No,100405605635057175830292429276520208790943702328776842569003871296192726958839,0.9865,0.98,-0.0065,1984458.06,196937.34
2026-09-29T02:51:33.535765+00:00,1131170,Human moon landing in 2026?,Yes,28341635557911393150957317220979689346286160229232485531195528953133660242151,0.015,0.02,0.005,1972165.97,20640.13
2026-09-29T02:51:33.878207+00:00,1131170,Human moon landing in 2026?,No,110420951352726780968858751854229131963307700036109190281766766630426312327876,0.985,0.98,-0.005,1972165.97,20640.13
2026-09-29T02:51:36.194920+00:00,701493,"Will Bitcoin reach $130,000 by December 31, 2026?",Yes,106722178102302988256241610384561546855057790384749278490135208236665942286983,0.0605,0.060627,0.000127,1906638.59,154449.63
2026-09-29T02:51:36.548148+00:00,701493,"Will Bitcoin reach $130,000 by December 31, 2026?",No,112640187121872104723655834799934821712465419714201363140089615513884600316497,0.9395,0.939373,-0.000127,1906638.59,154449.63
2026-09-29T02:51:36.892678+00:00,1361061,Will Minnesota Vikings win the 2027 NFL NFC Championship?,Yes,34216599256731645025005217537625791908287810832071932505986585678845756791490,0.08,0.080351,0.000351,1903434.67,58629.7
2026-09-29T02:51:37.270989+00:00,1361061,Will Minnesota Vikings win the 2027 NFL NFC Championship?,No,6293946211801305473523043720345235264199616077569833203819552322830444096351,0.92,0.919649,-0.000351,1903434.67,58629.7
2026-09-29T02:51:37.685361+00:00,679029,Will Raphaël Glucksmann win the 2027 French presidential election?,Yes,97531408855841405410232789703119036119573635076996943730887685044477538494161,0.0185,0.02,0.0015,1901732.98,243512.2
2026-09-29T02:51:38.028706+00:00,679029,Will Raphaël Glucksmann win the 2027 French presidential election?,No,91614037901759358822201019738747890245698909012092657780820261729371244775376,0.9815,0.98,-0.0015,1901732.98,243512.2
2026-09-29T02:51:38.749659+00:00,701495,"Will Bitcoin reach $110,000 by December 31, 2026?",Yes,74843373582432484858627201602003648342208168490128239235522790524493414154441,0.165,0.165844,0.000844,1885094.04,68282.47
2026-09-29T02:51:39.163458+00:00,701495,"Will Bitcoin reach $110,000 by December 31, 2026?",No,478527591373338225284037593163730441333267754562735300431025557171581810352,0.835,0.834141,-0.000859,1885094.04,68282.47
2026-09-29T02:51:39.529680+00:00,1796138, Iran agrees to end enrichment of uranium by December 31?,Yes,107729402733481801715276727183402507127741210361101226673865413196241742960596,0.105,0.108956,0.003956,1863212.24,51159.8
2026-09-29T02:51:39.878821+00:00,1796138, Iran agrees to end enrichment of uranium by December 31?,No,111094090837649765214249428313341768842963554572116350745061757857767411424456,0.895,0.891044,-0.003956,1863212.24,51159.8
2026-09-29T02:51:41.534061+00:00,948958,"Bitcoin all time high by December 31, 2026?",Yes,102959890468928530190954086704155483076852880798676895426376704430618826404382,0.0745,0.074484,-1.6e-05,1823631.22,70061.28
2026-09-29T02:51:41.906690+00:00,948958,"Bitcoin all time high by December 31, 2026?",No,28476986359136076319657791569918838578469356102120317109012208839383264384477,0.9255,0.925516,1.6e-05,1823631.22,70061.28
2026-09-29T02:51:42.894390+00:00,1193093,Will Ulf Kristersson be the next Prime Minister of Sweden?,Yes,19884202204363090591845974364927513432419394537229594683046302661092511466716,0.2015,0.201678,0.000178,1795664.24,101602.73
2026-09-29T02:51:43.496799+00:00,1193093,Will Ulf Kristersson be the next Prime Minister of Sweden?,No,35202785175624473743133325350336939697145393245733500300951742752216521350176,0.7985,0.798322,-0.000178,1795664.24,101602.73
2026-09-29T02:51:44.091055+00:00,1357386,Will the Kansas City Chiefs win the 2027 NFL league championship?,Yes,69042190742678678187984887226901406327636174762281438864527733358265304680670,0.0865,0.0865,0.0,1794904.46,165735.02
2026-09-29T02:51:44.458566+00:00,1357386,Will the Kansas City Chiefs win the 2027 NFL league championship?,No,67568786173941702599227613885622963618166350967368584648718149385526580902390,0.9135,0.9135,0.0,1794904.46,165735.02
2026-09-29T02:51:44.800078+00:00,679021,Will Édouard Philippe win the 2027 French presidential election?,Yes,84846382165343032223975853870946110241285484772019446686866815597350660955868,0.195,0.195,0.0,1791821.92,262469.99
2026-09-29T02:51:45.168182+00:00,679021,Will Édouard Philippe win the 2027 French presidential election?,No,80456575204440643570499123641511043765364487572502085512858581574010154701650,0.805,0.805,0.0,1791821.92,262469.99
2026-09-29T02:51:45.543824+00:00,1357380,Will the Denver Broncos win the 2027 NFL league championship?,Yes,32552965104139234418306396081841371197890264315094634472674018857038790114219,0.0435,0.043564,6.4e-05,1790264.45,156955.1
2026-09-29T02:51:45.935019+00:00,1357380,Will the Denver Broncos win the 2027 NFL league championship?,No,80102757903895591341011165591842960242602153473264331646815420334965913287181,0.9565,0.956436,-6.4e-05,1790264.45,156955.1
2026-09-29T02:51:46.339349+00:00,1357382,Will the Green Bay Packers win the 2027 NFL league championship?,Yes,35735014075537072843409037792992988369227546626755131549045738083250548567488,0.0125,0.02,0.0075,1788189.94,187942.18
2026-09-29T02:51:46.709958+00:00,1357382,Will the Green Bay Packers win the 2027 NFL league championship?,No,82255638606220786577449013244706201455514306812358731329024536871238621188820,0.9875,0.98,-0.0075,1788189.94,187942.18
2026-09-29T02:51:47.393439+00:00,1235557,Will the Houston Astros win the 2026 World Series?,Yes,12405032278435739429869831881260155009376889991681874342969262166150128334633,0.041,0.03733,-0.00367,1778560.86,69566.8
2026-09-29T02:51:47.745122+00:00,1235557,Will the Houston Astros win the 2026 World Series?,No,55720742868739164905995622488230016036664947423270652001663302508770446397284,0.959,0.960809,0.001809,1778560.86,69566.8
2026-09-29T02:51:48.487208+00:00,1357377,Will the Cincinnati Bengals win the 2027 NFL league championship?,Yes,91312216951557525293884905171902573674976018469551783568783047942228223380002,0.0415,0.0415,0.0,1775898.84,85573.05
2026-09-29T02:51:48.865779+00:00,1357377,Will the Cincinnati Bengals win the 2027 NFL league championship?,No,51623624502403405034540644015004183990018646236842362673705887892244415812517,0.9585,0.9585,0.0,1775898.84,85573.05
2026-09-29T02:51:49.225807+00:00,1357385,Will the Jacksonville Jaguars win the 2027 NFL league championship?,Yes,974996339434137274969205706934098681831948949675083560493538609289838899860,0.0405,0.040419,-8.1e-05,1774299.58,179220.27
2026-09-29T02:51:49.547551+00:00,1357385,Will the Jacksonville Jaguars win the 2027 NFL league championship?,No,86427949314446016001743793858451012568674284615309776891307407664549152095607,0.9595,0.959581,8.1e-05,1774299.58,179220.27
2026-09-29T02:51:50.515935+00:00,1357376,Will the Chicago Bears win the 2027 NFL league championship?,Yes,20782101138359830353373339924745258800328483049130539494636298430311546419943,0.0345,0.033336,-0.001164,1749541.14,101201.68
2026-09-29T02:51:50.861075+00:00,1357376,Will the Chicago Bears win the 2027 NFL league championship?,No,58391467081855327160506735992195157760163010112382131578233801495091502400832,0.9655,0.966664,0.001164,1749541.14,101201.68
2026-09-29T02:51:51.550895+00:00,1553591,Cuban regime falls in 2026?,Yes,15817672052205458642746211361748257031306114796905648075017940250831865046055,0.115,0.114586,-0.000414,1746788.77,30460.75
2026-09-29T02:51:51.926086+00:00,1553591,Cuban regime falls in 2026?,No,72413274791623935706318436448441626129741116452837525058113815959729031743718,0.885,0.885414,0.000414,1746788.77,30460.75
2026-09-29T02:51:52.237809+00:00,2243896,"Russia x Ukraine ceasefire agreement by October 31, 2026?",Yes,10861802947610899379330568332287100318869035186187733531205554992019689450318,0.065,0.065,0.0,1746266.47,62452.54
2026-09-29T02:51:52.610935+00:00,2243896,"Russia x Ukraine ceasefire agreement by October 31, 2026?",No,39319769648132414476170103739900770633009012502056309868976886150530270219889,0.935,0.935,0.0,1746266.47,62452.54
2026-09-29T02:51:52.940538+00:00,637910,Mitch McConnell steps down from Senate before his term ends?,Yes,79397895660526576528066965797785113521241099187839967306891454236823723226031,0.085,0.08443,-0.00057,1744697.66,52717.57
2026-09-29T02:51:53.314241+00:00,637910,Mitch McConnell steps down from Senate before his term ends?,No,6176387069967725418539368518279260352303182827227966329832868478861860932409,0.915,0.91557,0.00057,1744697.66,52717.57
2026-09-29T02:51:54.278599+00:00,1005344,Puffpaw FDV above $100M one day after launch?,Yes,5793707379729500818284272227553588908492513776424889835572995739672504840973,0.29,0.29,0.0,1715880.25,24951.77
2026-09-29T02:51:54.666171+00:00,1005344,Puffpaw FDV above $100M one day after launch?,No,108055478570098355486467296476385118782789367481734207554199995826749419845617,0.71,0.71,0.0,1715880.25,24951.77
2026-09-29T02:51:55.032427+00:00,694938,Will Viking Therapeutics be acquired before 2027?,Yes,31817818387484449402330242065217602245522171510789850932244171346186630830068,0.135,0.135,0.0,1711067.95,1696.91
2026-09-29T02:51:55.382592+00:00,694938,Will Viking Therapeutics be acquired before 2027?,No,90243643522266968974697235205722928394490919354015648405599117147393732995840,0.865,0.865,0.0,1711067.95,1696.91
2026-09-29T02:51:55.770677+00:00,679030,Will Jean-Luc Mélenchon win the 2027 French presidential election?,Yes,88550326946437280548248031502775629664259630024343210447063397951616199975032,0.155,0.153015,-0.001985,1691875.19,244885.96
2026-09-29T02:51:56.138478+00:00,679030,Will Jean-Luc Mélenchon win the 2027 French presidential election?,No,78935030613038194779147226463048913187247425461933527083007539809178403199936,0.845,0.846985,0.001985,1691875.19,244885.96
2026-09-29T02:51:56.469760+00:00,2747434,Will Hamas agree to disarm by December 31?,Yes,3833250547311424992805456252782158332407335422350263044535636678503072819141,0.165,0.165,0.0,1687179.09,26140.92
2026-09-29T02:51:56.793723+00:00,2747434,Will Hamas agree to disarm by December 31?,No,30676432546818066080538703205639237969080188796746196694446265523208566227883,0.835,0.835,0.0,1687179.09,26140.92
2026-09-29T02:51:58.120980+00:00,701554,"Will Ethereum dip to $800 by December 31, 2026?",Yes,67402961747318482851880003250046703889973259367600991960666041701083209459254,0.028,0.028,0.0,1653326.06,81674.23
2026-09-29T02:51:58.530783+00:00,701554,"Will Ethereum dip to $800 by December 31, 2026?",No,103174144827908901710509553630727677341797001295655245023709154639394277936836,0.972,0.972,0.0,1653326.06,81674.23
2026-09-29T02:51:58.921600+00:00,1235568,Will the Milwaukee Brewers win the 2026 World Series?,Yes,68495273029336552259622116656826978391613637593537133254546205487243272235948,0.1705,0.168696,-0.001804,1644803.39,131602.41
2026-09-29T02:51:59.280123+00:00,1235568,Will the Milwaukee Brewers win the 2026 World Series?,No,57520402764714032701152091698531154935574080954582774395654458078727078499164,0.8295,0.831304,0.001804,1644803.39,131602.41
2026-09-29T02:51:59.622585+00:00,1105755,Will there be no head of state of Venezuela end of 2026?,Yes,17704927682411404638982382980949594324217253655714867278953651574552110090318,0.0225,0.022479,-2.1e-05,1634643.58,60818.82
2026-09-29T02:52:00.011415+00:00,1105755,Will there be no head of state of Venezuela end of 2026?,No,13707761272063185033084273997321282553232999497653452620386294915179257041056,0.9775,0.977521,2.1e-05,1634643.58,60818.82
2026-09-29T02:52:01.027178+00:00,1357381,Will the Detroit Lions win the 2027 NFL league championship?,Yes,10111020886592735853228942459183728273074136717888452670231599414724838344635,0.0385,0.038436,-6.4e-05,1613434.26,124019.99
2026-09-29T02:52:01.408672+00:00,1357381,Will the Detroit Lions win the 2027 NFL league championship?,No,52011508556780319872432401486396169868820207606574657455159932212425208551925,0.9615,0.961571,7.1e-05,1613434.26,124019.99
2026-09-29T02:52:02.422419+00:00,1357379,Will the Dallas Cowboys win the 2027 NFL league championship?,Yes,95250740975229568321286337983590034080899794989435247744887256482902867335355,0.0225,0.022605,0.000105,1597448.14,81617.95
2026-09-29T02:52:02.780990+00:00,1357379,Will the Dallas Cowboys win the 2027 NFL league championship?,No,21345762947205477703788089324548597174740434704711340732369061642894905251223,0.9775,0.976047,-0.001453,1597448.14,81617.95
2026-09-29T02:52:04.154393+00:00,1357398,Will the San Francisco 49ers win the 2027 NFL league championship?,Yes,39837385690303579870717217200412085690608514752076614686048080531386540862921,0.0875,0.0875,0.0,1589930.69,169860.57
2026-09-29T02:52:04.509109+00:00,1357398,Will the San Francisco 49ers win the 2027 NFL league championship?,No,47412485874176023148834455634160749312363704169131690715196573157479647440035,0.9125,0.9125,0.0,1589930.69,169860.57
2026-09-29T02:52:05.488034+00:00,1235573,Will the San Diego Padres win the 2026 World Series?,Yes,31221080242705278649725019814790252911735511309312424063267127209870268745118,0.0575,0.059087,0.001587,1576669.88,77810.3
2026-09-29T02:52:05.848222+00:00,1235573,Will the San Diego Padres win the 2026 World Series?,No,77403403357262042499116091970429347185210491161428886619331507282750600367590,0.9425,0.942246,-0.000254,1576669.88,77810.3
2026-09-29T02:52:08.109704+00:00,1357373,Will the Baltimore Ravens win the 2027 NFL league championship?,Yes,73903998640927437939889487883041380194034214913517653047704709946666153109395,0.0765,0.076404,-9.6e-05,1553219.7,96967.21
2026-09-29T02:52:08.486945+00:00,1357373,Will the Baltimore Ravens win the 2027 NFL league championship?,No,22053271793248125256451687157287125154284715142130477499624815153763089628557,0.9235,0.923596,9.6e-05,1553219.7,96967.21
2026-09-29T02:52:10.667760+00:00,1357396,Will the Philadelphia Eagles win the 2027 NFL league championship?,Yes,67550420979177489996180069723505955888038150368085668640711886592732638036902,0.041,0.042149,0.001149,1515744.7,133145.98
2026-09-29T02:52:10.996825+00:00,1357396,Will the Philadelphia Eagles win the 2027 NFL league championship?,No,18473154342976112888187286109293851961744651663087825578913965129438006741742,0.959,0.957851,-0.001149,1515744.7,133145.98
2026-09-29T02:52:11.380059+00:00,1005343,Puffpaw FDV above $50M one day after launch?,Yes,510034681274411516291754863482343062051712641324940501686223446447563026393,0.275,0.275,0.0,1510650.41,24947.08
2026-09-29T02:52:11.765479+00:00,1005343,Puffpaw FDV above $50M one day after launch?,No,112035939766271890070835678458583327089904184175100021395727240122574156493209,0.725,0.725,0.0,1510650.41,24947.08
2026-09-29T02:52:12.108633+00:00,904737,Extended FDV above $300M one day after launch?,Yes,30168634295384984099987626703440157654602987915064535215384295190163901851184,0.415,0.415,0.0,1502177.98,34571.73
2026-09-29T02:52:12.460025+00:00,904737,Extended FDV above $300M one day after launch?,No,7331524226715372344246571285800167833640643080436335461689965049717889378938,0.585,0.585,0.0,1502177.98,34571.73
2026-09-29T02:52:13.848801+00:00,637006,Will Greta Thunberg win the Nobel Peace Prize in 2026?,Yes,110720206167890822616321575705807171983245849150110799188723045022216595670551,0.011,0.02,0.009,1481056.42,73174.67
2026-09-29T02:52:14.269801+00:00,637006,Will Greta Thunberg win the Nobel Peace Prize in 2026?,No,88258427153334602839061103957324557393993316504272753015676420313968562088509,0.989,0.98,-0.009,1481056.42,73174.67
2026-09-29T02:52:14.597200+00:00,1235564,Will the Philadelphia Phillies win the 2026 World Series?,Yes,56772567436880230751429990016212879028273056769219355099340259163330517784781,0.0415,0.040301,-0.001199,1473723.91,92654.8
2026-09-29T02:52:14.952951+00:00,1235564,Will the Philadelphia Phillies win the 2026 World Series?,No,9870237290570379434160738011729795161085208157636317372132377828721529919464,0.9585,0.958325,-0.000175,1473723.91,92654.8
2026-09-29T02:52:15.314515+00:00,1357397,Will the Pittsburgh Steelers win the 2027 NFL league championship?,Yes,1644423779555068499869687727066828174102109860217236402367040602994229475131,0.0105,0.02,0.0095,1471144.07,159308.49
2026-09-29T02:52:15.718551+00:00,1357397,Will the Pittsburgh Steelers win the 2027 NFL league championship?,No,26795153007035211886967358259067782408578434600833864469906588827373214519218,0.9895,0.98,-0.0095,1471144.07,159308.49
2026-09-29T02:52:16.699841+00:00,2126461,Will Crude Oil reach a new all-time high by December 31?,Yes,89220876555191016916241799318314090743516702009053928118059298766028257434413,0.09,0.090489,0.000489,1444857.57,81423.05
2026-09-29T02:52:17.056967+00:00,2126461,Will Crude Oil reach a new all-time high by December 31?,No,5513378025159191337704316460710043026668901636204511402381351948151562535480,0.91,0.909511,-0.000489,1444857.57,81423.05
2026-09-29T02:52:17.728034+00:00,1115301,Will the U.S. invade Greenland in 2026?,Yes,92674041769676787946853574644277638811231469622795349256540717061493540204868,0.03,0.03,0.0,1439489.15,79453.93
2026-09-29T02:52:18.057391+00:00,1115301,Will the U.S. invade Greenland in 2026?,No,17095902971709157441219887002231819699119343581253499592038634568134421624411,0.97,0.97,0.0,1439489.15,79453.93
2026-09-29T02:52:18.393994+00:00,1235569,Will the Chicago Cubs win the 2026 World Series?,Yes,11940406787186341071755148448116745833167346421729699368674725740151230699960,0.037,0.037405,0.000405,1432055.71,102815.09
2026-09-29T02:52:19.796810+00:00,1235569,Will the Chicago Cubs win the 2026 World Series?,No,16241194637102350801826153510570707244689613919920873459147075940515249935876,0.963,0.962595,-0.000405,1432055.71,102815.09
2026-09-29T02:52:21.751150+00:00,665531,Metamask FDV above $700M one day after launch?,Yes,27944626213701198119611689981836884300701096451168812471764168520890801988056,0.074,0.073627,-0.000373,1393067.11,24721.72
2026-09-29T02:52:22.136192+00:00,665531,Metamask FDV above $700M one day after launch?,No,55509649865325104641531245650537613391494802994578307703136247282221756039109,0.926,0.926373,0.000373,1393067.11,24721.72
2026-09-29T02:52:22.521513+00:00,1357391,Will the Minnesota Vikings win the 2027 NFL league championship?,Yes,2259102227815950907342121712913326957116722298738395193563847530262859469556,0.0315,0.0315,0.0,1392619.11,93782.93
2026-09-29T02:52:22.883318+00:00,1357391,Will the Minnesota Vikings win the 2027 NFL league championship?,No,44629497752306165259086691706496023592370137409090192452963788945425971558110,0.9685,0.9685,0.0,1392619.11,93782.93
2026-09-29T02:52:23.891222+00:00,687642,China x Japan military clash before 2027?,Yes,24359841971256354562338291910316825498086150942929460621080163666720754945761,0.055,0.055,0.0,1375464.49,42100.61
2026-09-29T02:52:24.258733+00:00,687642,China x Japan military clash before 2027?,No,102617319572539919553357676752315366758463499662855057808806666308412570450045,0.945,0.945,0.0,1375464.49,42100.61
2026-09-29T02:52:24.910557+00:00,1168140,Will the upper bound of the target federal funds rate be 4.0% at the end of 2026?,Yes,45298643302120067019009097483686644753682404593036519073434032964867401216713,0.0725,0.0725,0.0,1374894.5,1639.68
2026-09-29T02:52:25.241996+00:00,1168140,Will the upper bound of the target federal funds rate be 4.0% at the end of 2026?,No,91978458915370945988908089539242949184649677903154230672720974787942861020433,0.9275,0.9275,0.0,1374894.5,1639.68
2026-09-29T02:52:25.916827+00:00,678747,Will Israel strike 4 countries in 2026?,Yes,92230933527175957699173261837562970961226561473212829507303559647834156802557,0.776,0.776389,0.000389,1369576.73,11050.61
2026-09-29T02:52:26.308608+00:00,678747,Will Israel strike 4 countries in 2026?,No,3024601857887977964432828689764702426766285353964470701607503585563051834427,0.224,0.223611,-0.000389,1369576.73,11050.61
2026-09-29T02:52:26.663763+00:00,701504,"Will Bitcoin dip to $25,000 by December 31, 2026?",Yes,58908160299895538838177673280060816284346493901538403975218911918392404378292,0.0135,0.02,0.0065,1356603.83,120156.93
2026-09-29T02:52:27.048364+00:00,701504,"Will Bitcoin dip to $25,000 by December 31, 2026?",No,44020894143429291435765313920570636537547227867267163638960074550696342100042,0.9865,0.98,-0.0065,1356603.83,120156.93
2026-09-29T02:52:27.412876+00:00,677396,Iran Nuke before 2027?,Yes,55302250828823180276187438149698246226978412434312478767847394628702439947936,0.0345,0.03504,0.00054,1334213.77,103433.43
2026-09-29T02:52:27.760030+00:00,677396,Iran Nuke before 2027?,No,5697221075711858699852624943573291720358422810802415883854283024034226588211,0.9655,0.96496,-0.00054,1334213.77,103433.43
2026-09-29T02:52:28.464271+00:00,2772176,Will Barcelona win the 2026-27 UEFA Champions League Championship?,Yes,105424657244554511014150825202397702180419919286931996082717264149902476600628,0.235,0.235,0.0,1325227.66,954227.8
2026-09-29T02:52:28.837792+00:00,2772176,Will Barcelona win the 2026-27 UEFA Champions League Championship?,No,34945358399694068879260737230963453183436310658083966074000573983342060858792,0.765,0.765,0.0,1325227.66,954227.8
2026-09-29T02:52:29.499331+00:00,1235562,Will the Atlanta Braves win the 2026 World Series?,Yes,87400549613971964996449731299293585289302880817247437384669548139968257881468,0.0655,0.065338,-0.000162,1319501.9,113545.93
2026-09-29T02:52:29.865621+00:00,1235562,Will the Atlanta Braves win the 2026 World Series?,No,29295580868306068896124583600000282365944247641268463074038627370917750913578,0.9345,0.934662,0.000162,1319501.9,113545.93
2026-09-29T02:52:30.549197+00:00,665480,Will US withdraw from NATO before 2027?,Yes,17540726999074768109459325330147925578223846904053718101370100723042933774840,0.0185,0.02,0.0015,1314980.82,56391.84
2026-09-29T02:52:30.958981+00:00,665480,Will US withdraw from NATO before 2027?,No,23292838992754288443599105453645327195065821436549655583078911490396768004449,0.9815,0.98,-0.0015,1314980.82,56391.84
2026-09-29T02:52:31.735019+00:00,3501950,Strait of Hormuz traffic returns to normal by October 31?,Yes,65318042793305154928481822061228422214615698483328483747495637152414701080541,0.0405,0.042482,0.001982,1300184.09,133309.12
2026-09-29T02:52:32.081904+00:00,3501950,Strait of Hormuz traffic returns to normal by October 31?,No,112428165813371561912833460698436648539922320261306010177252036814838759682453,0.9595,0.957567,-0.001933,1300184.09,133309.12
2026-09-29T02:52:32.399065+00:00,2299952,Will Anthropic's valuation hit (HIGH) $3.0T by December 31?,Yes,104142036867931412514405371667253870392906648391536505298080565010839115459260,0.235,0.235,0.0,1299724.52,31731.97
2026-09-29T02:52:32.765381+00:00,2299952,Will Anthropic's valuation hit (HIGH) $3.0T by December 31?,No,40504602999746502052081185409322422451246922051464321593641901006620543564089,0.765,0.765,0.0,1299724.52,31731.97
2026-09-29T02:52:33.128797+00:00,676739,Will NVIDIA be the largest company in the world by market cap on December 31?,Yes,11876606915924142133615854761923277060697657209957870741155164849437788272266,0.755,0.755,0.0,1290645.03,97645.74
2026-09-29T02:52:33.511377+00:00,676739,Will NVIDIA be the largest company in the world by market cap on December 31?,No,114033095271617070714983865791504478906266507670567428753203001241312040895286,0.245,0.245,0.0,1290645.03,97645.74
2026-09-29T02:52:34.154406+00:00,629030,Will Karen Bass win the 2026 Los Angeles mayoral election?,Yes,21099887182068653164347641846316470453763034851874063977340528628016776716246,0.415,0.415,0.0,1274357.34,147218.23
2026-09-29T02:52:34.494394+00:00,629030,Will Karen Bass win the 2026 Los Angeles mayoral election?,No,34469274651136131348321516150438492438660307886630693950137200696755429925073,0.585,0.585,0.0,1274357.34,147218.23
2026-09-29T02:52:34.870993+00:00,1365861,Will Flávio Bolsonaro finish in second place in the first round of the 2026 Brazilian presidential election?,Yes,49821065181473419798146957267480015506102711160660718636601116902870701340131,0.765,0.762629,-0.002371,1262510.93,111458.54
2026-09-29T02:52:35.235713+00:00,1365861,Will Flávio Bolsonaro finish in second place in the first round of the 2026 Brazilian presidential election?,No,40248862204095545824507770609491521282553259429991780219438297794719904718932,0.235,0.237371,0.002371,1262510.93,111458.54
2026-09-29T02:52:35.901140+00:00,665495,Ukraine joins NATO before 2027?,Yes,105909749038687353646093584977576398934339148279467952755284020121199034833651,0.023,0.023081,8.1e-05,1251312.6,40935.21
2026-09-29T02:52:36.249127+00:00,665495,Ukraine joins NATO before 2027?,No,78921303073622643247824624558291531504050909099207837726631334847335698455690,0.977,0.976919,-8.1e-05,1251312.6,40935.21
2026-09-29T02:52:36.905757+00:00,2853074,Bab el-Mandeb Strait effectively closed by December 31?,Yes,43976511902268111041633866799555037330317427315454056847054364885183934986197,0.17,0.171824,0.001824,1244591.62,121312.33
2026-09-29T02:52:37.279755+00:00,2853074,Bab el-Mandeb Strait effectively closed by December 31?,No,33460385394344753109351907923235209397225125746318923726067817676780036931403,0.83,0.828176,-0.001824,1244591.62,121312.33
2026-09-29T02:52:38.259010+00:00,565064,Will the Republicans win the 2028 US Presidential Election?,Yes,67109747366255871599717338045111308888043498275177238365560740200996017915657,0.345,0.345,0.0,1227608.65,283681.48
2026-09-29T02:52:38.634522+00:00,565064,Will the Republicans win the 2028 US Presidential Election?,No,103845791232328975452762372781150730610824357544180691092497335946993481308222,0.655,0.655,0.0,1227608.65,283681.48
2026-09-29T02:52:39.356485+00:00,1357389,Will the Los Angeles Rams win the 2027 NFL league championship?,Yes,43352642039302747588938905555385017655344819959150117270669936414308468726872,0.105,0.105,0.0,1223123.39,142239.83
2026-09-29T02:52:39.731529+00:00,1357389,Will the Los Angeles Rams win the 2027 NFL league championship?,No,28468320524436456029317358202625636991963165476882735910405095309772884444178,0.895,0.895,0.0,1223123.39,142239.83
2026-09-29T02:52:40.105044+00:00,565065,Will the Democrats win the 2028 US Presidential Election?,Yes,49084048476353771153083262278964615095037480324537117350127265918750912547378,0.645,0.645,0.0,1220270.0,269668.72
2026-09-29T02:52:40.454608+00:00,565065,Will the Democrats win the 2028 US Presidential Election?,No,1376044590327709616459174469529480611299625159235587466149878628404281805565,0.355,0.355,0.0,1220270.0,269668.72
2026-09-29T02:52:41.426900+00:00,3866000,"Will Ethereum dip to $2,250 by December 31, 2026?",Yes,66335306745821529065179061745515953781644081595464464996921948603911228936814,0.3,0.298833,-0.001167,1213332.37,33210.58
2026-09-29T02:52:41.805331+00:00,3866000,"Will Ethereum dip to $2,250 by December 31, 2026?",No,63382519856399132244485492020084100091374236550290181904952415637486462703240,0.7,0.701167,0.001167,1213332.37,33210.58
2026-09-29T02:52:42.159696+00:00,701492,"Will Bitcoin reach $140,000 by December 31, 2026?",Yes,71296910957902084356560391757722633648005498400799774895345285101862220728868,0.0435,0.043586,8.6e-05,1210045.38,89241.09
2026-09-29T02:52:42.524766+00:00,701492,"Will Bitcoin reach $140,000 by December 31, 2026?",No,70543103071492972645151283689391729699226843216132833577173691542490654530110,0.9565,0.956414,-8.6e-05,1210045.38,89241.09
2026-09-29T02:52:42.891128+00:00,701491,"Will Bitcoin reach $150,000 by December 31, 2026?",Yes,9408196828451163378822245032645030045707991112669125056198742225498158094445,0.0345,0.034539,3.9e-05,1204754.78,95843.67
2026-09-29T02:52:43.344681+00:00,701491,"Will Bitcoin reach $150,000 by December 31, 2026?",No,51483905306465811734319720696244063650497726569976526242005911027664652328096,0.9655,0.965461,-3.9e-05,1204754.78,95843.67
2026-09-29T02:52:44.054683+00:00,1357399,Will the Seattle Seahawks win the 2027 NFL league championship?,Yes,44921620302443755066232904216706419654951291213279649386577553092891642701355,0.075,0.075,0.0,1201034.37,135134.22
2026-09-29T02:52:44.405026+00:00,1357399,Will the Seattle Seahawks win the 2027 NFL league championship?,No,108653605515870936645618227692502841707998202104516753146823247672070536516170,0.925,0.925,0.0,1201034.37,135134.22
2026-09-29T02:52:44.749515+00:00,694940,Will GitLab be acquired before 2027?,Yes,78229401955179772346633280675438287183628102967234404539478345545004251094928,0.0575,0.057534,3.4e-05,1191625.75,2697.12
2026-09-29T02:52:45.126089+00:00,694940,Will GitLab be acquired before 2027?,No,42718002437679987995641088066046545871003504244898724347868454522650727835167,0.9425,0.942473,-2.7e-05,1191625.75,2697.12
2026-09-29T02:52:45.514028+00:00,1349167,Will San Jose Earthquakes win the 2026 MLS Cup?,Yes,81119773052891775821920721095385802155330895016204596516121823281272853716086,0.0255,0.025417,-8.3e-05,1180010.47,21062.46
2026-09-29T02:52:45.922668+00:00,1349167,Will San Jose Earthquakes win the 2026 MLS Cup?,No,53994188756838304898057895570089385957560965446003235191270269241092098432636,0.9745,0.974583,8.3e-05,1180010.47,21062.46
2026-09-29T02:52:46.259528+00:00,4052417,"Will Bitcoin reach $90,000 in September?",Yes,109310241204748219450206481030209385302693105169008720334568386742768385563899,0.0115,0.02,0.0085,1179181.1,115142.11
2026-09-29T02:52:46.647335+00:00,4052417,"Will Bitcoin reach $90,000 in September?",No,21164311782025361639338919864638388434077877389091169845133206760657732867402,0.9885,0.98,-0.0085,1179181.1,115142.11
2026-09-29T02:52:47.289162+00:00,4052418,"Will Bitcoin reach $87,500 in September?",Yes,93102073593745160534123412868713328176360151139344483198023062751009656599915,0.045,0.051312,0.006312,1172043.4,93389.68
2026-09-29T02:52:47.602976+00:00,4052418,"Will Bitcoin reach $87,500 in September?",No,4154193998817736104851866613650963230068092479669344695639193833815805918087,0.955,0.948688,-0.006312,1172043.4,93389.68
2026-09-29T02:52:47.980236+00:00,1393318,Predict.fun FDV above $200M one day after launch?,Yes,110169034215768610667371569393261003496751585492880635411276496208130195056884,0.765,0.765,0.0,1166624.81,34967.22
2026-09-29T02:52:48.362144+00:00,1393318,Predict.fun FDV above $200M one day after launch?,No,107542516153427244812049249983593386082083406501289000557057937038402234562196,0.235,0.235,0.0,1166624.81,34967.22
2026-09-29T02:52:48.997435+00:00,1393319,Predict.fun FDV above $300M one day after launch?,Yes,111418219797400062581536324496263222919277747493681884041924643375029037449745,0.72,0.72,0.0,1166185.74,31783.97
2026-09-29T02:52:49.378657+00:00,1393319,Predict.fun FDV above $300M one day after launch?,No,63710889789339586153799622451711043622804652800354892440817390531393197961941,0.28,0.28,0.0,1166185.74,31783.97
2026-09-29T02:52:49.727035+00:00,3120760,"NATO x Russia military clash by October 31, 2026?",Yes,90103249718343334756773580827701144244122903469501608441410963092372041632343,0.145,0.145,0.0,1164952.18,217719.7
2026-09-29T02:52:50.079126+00:00,3120760,"NATO x Russia military clash by October 31, 2026?",No,66797176836865406644675050248194264952001579179703527537658211196864343226792,0.855,0.855,0.0,1164952.18,217719.7
2026-09-29T02:52:50.416533+00:00,1469734,Will there be no Head of State in Iran end of 2026?,Yes,46737595588538785221040143451401435150985932684129375912985868128718669274118,0.045,0.045157,0.000157,1164559.09,78762.77
2026-09-29T02:52:50.972908+00:00,1469734,Will there be no Head of State in Iran end of 2026?,No,96773953960313048340895711765817431775606353405814859249629785260485292633238,0.955,0.954843,-0.000157,1164559.09,78762.77
2026-09-29T02:52:51.359736+00:00,1235552,Will the Cleveland Guardians win the 2026 World Series?,Yes,86836855507912353672331273895741550012643122260675758564432763672972116051156,0.0675,0.067239,-0.000261,1161295.33,108460.91
2026-09-29T02:52:51.726484+00:00,1235552,Will the Cleveland Guardians win the 2026 World Series?,No,21005232080146912819588519036283574999557774043585211746019489918059412624743,0.9325,0.932757,0.000257,1161295.33,108460.91
2026-09-29T02:52:52.211054+00:00,630772,Will the Democrats win the Maine Senate race in 2026?,Yes,7589880081658059374445882095611024032084645048848237404312287942463647821549,0.61,0.609511,-0.000489,1157766.58,132834.25
2026-09-29T02:52:52.577449+00:00,630772,Will the Democrats win the Maine Senate race in 2026?,No,6136336712352911156426560180855478229745540927722899997193789497766196705020,0.39,0.390489,0.000489,1157766.58,132834.25
2026-09-29T02:52:52.943171+00:00,1294368,"Will Gold (GC) hit (HIGH) $6,000 by end of December?",Yes,79773570476744632615747480307256906441402089435470166694872527952303027818942,0.085,0.085,0.0,1156954.35,65564.45
2026-09-29T02:52:53.301574+00:00,1294368,"Will Gold (GC) hit (HIGH) $6,000 by end of December?",No,57387274828031262660486557812863866267296282062465522136167391501230739962676,0.915,0.915,0.0,1156954.35,65564.45
2026-09-29T02:52:54.270717+00:00,1321564,Will Anthropic have the highest IPO Market Cap 2026?,Yes,21209890653812186814248619913047412762177779312349880099050240669177189381593,0.4395,0.438804,-0.000696,1142500.49,17268.33
2026-09-29T02:52:54.663682+00:00,1321564,Will Anthropic have the highest IPO Market Cap 2026?,No,37461417265919800563099829598896496437436229231955379584818921535241120965562,0.5605,0.561196,0.000696,1142500.49,17268.33
2026-09-29T02:52:55.059913+00:00,1469754,Will Mahmoud Ahmadinejad be head of state in Iran end of 2026?,Yes,89974685609098808755854367630091386804795305974823550976721901844367211884750,0.011,0.02,0.009,1132323.02,39012.5
2026-09-29T02:52:55.402495+00:00,1469754,Will Mahmoud Ahmadinejad be head of state in Iran end of 2026?,No,66205920612209141344389539613201464673915400667247839651655338520033425733054,0.989,0.98,-0.009,1132323.02,39012.5
2026-09-29T02:52:55.738729+00:00,898660,Will Mercedes be the 2026 F1 Constructors' Champion?,Yes,94922529932212500419231547100981162651595923093160689242276879357678594265586,0.9685,0.968366,-0.000134,1130428.62,30887.77
2026-09-29T02:52:56.132487+00:00,898660,Will Mercedes be the 2026 F1 Constructors' Champion?,No,115463251310432313770716629825102100387287284111396008305396488867667653800833,0.0315,0.031634,0.000134,1130428.62,30887.77
